GEOGRAPHIC,GEOID,SPLIT_FOR_,MUNICIPALI,TOTAL_POP,NONHISPWHI,PCT_MINORI,TOTALHH,LIMENGHH,LIMENGHHPC,BG_MHHI,BG_MHHI_PC,BG_MHHI_IS,MUNI_MHHI,MUNIMHHI_P,MEDIANHHI,LIMITEDENG,MINORITY_P,EJ,EJ_CRITERI,EJ_CRITE_1,EJ_CRIT_DE,Shape_Leng,Shape_Area
"Block Group 1, Census Tract 5.06, Suffolk County, Massachusetts",250250005061,N,Boston,1478.000000000000000,1016.000000000000000,31.258457369999999,768.000000000000000,181,23.567708970000002,55577.000000000000000,65.861228940000004,0,76298.000000000000000,90.416542050000004, , ,M,Yes,M,1,Minority,2037.201722620000055,100840.411024999993970
"Block Group 2, Census Tract 5.06, Suffolk County, Massachusetts",250250005062,N,Boston,1417.000000000000000,984.000000000000000,30.557515880000000,686.000000000000000,43,6.268221380000000,99038.000000000000000,117.364463810000004,0,76298.000000000000000,90.416542050000004, , ,M,Yes,M,1,Minority,1539.920407659999910,88054.121712899999693
"Block Group 1, Census Tract 6.01, Suffolk County, Massachusetts",250250006011,N,Boston,685.000000000000000,401.000000000000000,41.459854010000001,252.000000000000000,41,16.269842149999999,133750.000000000000000,158.499740599999996,0,76298.000000000000000,90.416542050000004, , ,M,Yes,M,1,Minority,1835.677472549999948,144811.027707000001101
"Block Group 2, Census Tract 6.01, Suffolk County, Massachusetts",250250006012,N,Boston,1211.000000000000000,798.000000000000000,34.104046240000002,487.000000000000000,19,3.901437280000000,89276.000000000000000,105.796051030000001,0,76298.000000000000000,90.416542050000004, , ,M,Yes,M,1,Minority,1947.547512520000055,177200.399867000000086
"Block Group 1, Census Tract 3.02, Suffolk County, Massachusetts",250250003021,N,Boston,1471.000000000000000,1000.000000000000000,32.019034670000003,543.000000000000000,0,0.000000000000000,105230.000000000000000,124.702255249999993,0,76298.000000000000000,90.416542050000004, , ,M,Yes,M,1,Minority,2849.742735819999780,269274.900678000005428
"Block Group 2, Census Tract 3.02, Suffolk County, Massachusetts",250250003022,N,Boston,1601.000000000000000,1022.000000000000000,36.164896939999998,805.000000000000000,81,10.062111850000001,99181.000000000000000,117.533920289999998,0,76298.000000000000000,90.416542050000004, , ,M,Yes,M,1,Minority,3205.170298399999865,366763.242216999991797
"Block Group 1, Census Tract 4.01, Suffolk County, Massachusetts",250250004011,N,Boston,1521.000000000000000,1023.000000000000000,32.741617359999999,714.000000000000000,0,0.000000000000000,74679.000000000000000,88.497955320000003,0,76298.000000000000000,90.416542050000004, , ,M,Yes,M,1,Minority,986.570202623999990,54137.569379400003527
"Block Group 2, Census Tract 4.01, Suffolk County, Massachusetts",250250004012,N,Boston,1204.000000000000000,772.000000000000000,35.880398669999998,475.000000000000000,42,8.842104910000000,82232.000000000000000,97.448600769999999,0,76298.000000000000000,90.416542050000004, , ,M,Yes,M,1,Minority,1612.442404059999944,107454.099830999999540
"Block Group 3, Census Tract 4.01, Suffolk County, Massachusetts",250250004013,N,Boston,1056.000000000000000,715.000000000000000,32.291666669999998,466.000000000000000,28,6.008583550000000,90536.000000000000000,107.289207460000000,0,76298.000000000000000,90.416542050000004, , ,M,Yes,M,1,Minority,1679.186983190000092,116840.073684999995749
"Block Group 4, Census Tract 4.01, Suffolk County, Massachusetts",250250004014,N,Boston,2072.000000000000000,1207.000000000000000,41.747104250000000,1203.000000000000000,776,64.505401610000007,11799.000000000000000,13.982342720000000,0,76298.000000000000000,90.416542050000004,I,E,M,Yes,MIE,3,"Minority, income and English isolation",1745.827445939999961,152582.871924000006402
"Block Group 1, Census Tract 4.02, Suffolk County, Massachusetts",250250004021,N,Boston,1469.000000000000000,1008.000000000000000,31.381892440000001,550.000000000000000,6,1.090909120000000,74565.000000000000000,88.362861629999998,0,76298.000000000000000,90.416542050000004, , ,M,Yes,M,1,Minority,1661.256555059999982,162109.957905999996001
"Block Group 2, Census Tract 4.02, Suffolk County, Massachusetts",250250004022,N,Boston,967.000000000000000,634.000000000000000,34.436401240000002,337.000000000000000,0,0.000000000000000,113015.000000000000000,133.927825930000012,0,76298.000000000000000,90.416542050000004, , ,M,Yes,M,1,Minority,2515.359022539999842,382989.512408000009600
"Block Group 3, Census Tract 6.01, Suffolk County, Massachusetts",250250006013,N,Boston,846.000000000000000,559.000000000000000,33.924349880000001,229.000000000000000,23,10.043667790000001,112031.000000000000000,132.761749269999996,0,76298.000000000000000,90.416542050000004, , ,M,Yes,M,1,Minority,1708.001068690000011,84827.077032100001816
"Block Group 4, Census Tract 6.01, Suffolk County, Massachusetts",250250006014,N,Boston,1016.000000000000000,575.000000000000000,43.405511810000000,398.000000000000000,23,5.778894420000000,106607.000000000000000,126.334060670000000,0,76298.000000000000000,90.416542050000004, , ,M,Yes,M,1,Minority,1348.556751300000087,88397.175139400002081
"Block Group 1, Census Tract 7.01, Suffolk County, Massachusetts",250250007011,N,Boston,616.000000000000000,406.000000000000000,34.090909089999997,293.000000000000000,28,9.556314470000000,89044.000000000000000,105.521125789999999,0,76298.000000000000000,90.416542050000004, , ,M,Yes,M,1,Minority,1119.648882619999995,27860.369485600000189
"Block Group 2, Census Tract 7.01, Suffolk County, Massachusetts",250250007012,N,Boston,869.000000000000000,541.000000000000000,37.744533949999997,367.000000000000000,70,19.073570250000000,66518.000000000000000,78.826805109999995,0,76298.000000000000000,90.416542050000004, , ,M,Yes,M,1,Minority,1031.472016879999956,55250.196907700003067
"Block Group 3, Census Tract 7.01, Suffolk County, Massachusetts",250250007013,N,Boston,1521.000000000000000,914.000000000000000,39.907955289999997,829.000000000000000,19,2.291918040000000,88625.000000000000000,105.024589539999994,0,76298.000000000000000,90.416542050000004, , ,M,Yes,M,1,Minority,1191.319004339999992,81865.291748599993298
"Block Group 2, Census Tract 7.03, Suffolk County, Massachusetts",250250007032,N,Boston,1397.000000000000000,774.000000000000000,44.595561920000002,472.000000000000000,34,7.203389640000000,52738.000000000000000,62.496891020000000,0,76298.000000000000000,90.416542050000004,I, ,M,Yes,MI,2,Minority and income,1463.919950859999972,105036.203989000001457
"Block Group 3, Census Tract 4.02, Suffolk County, Massachusetts",250250004023,N,Boston,1208.000000000000000,884.000000000000000,26.821192050000001,546.000000000000000,3,0.549450580000000,139071.000000000000000,164.805358890000008,0,76298.000000000000000,90.416542050000004, , ,M,Yes,M,1,Minority,2342.241489869999896,261616.851495999988401
"Block Group 1, Census Tract 5.02, Suffolk County, Massachusetts",250250005021,N,Boston,1043.000000000000000,737.000000000000000,29.338446789999999,532.000000000000000,23,4.323308470000000,87941.000000000000000,104.214019780000001,0,76298.000000000000000,90.416542050000004, , ,M,Yes,M,1,Minority,2868.054697510000096,159459.399667999998201
"Block Group 2, Census Tract 5.02, Suffolk County, Massachusetts",250250005022,N,Boston,1710.000000000000000,1276.000000000000000,25.380116959999999,350.000000000000000,3,0.857142870000000,73889.000000000000000,87.561767579999994,0,76298.000000000000000,90.416542050000004, , ,M,Yes,M,1,Minority,3825.008934240000144,685007.882203000015579
"Block Group 2, Census Tract 1.01, Suffolk County, Massachusetts",250250001012,N,Boston,824.000000000000000,568.000000000000000,31.067961170000000,262.000000000000000,0,0.000000000000000,128750.000000000000000,152.574508670000000,0,76298.000000000000000,90.416542050000004, , ,M,Yes,M,1,Minority,1691.667293570000083,109615.698910000006435
"Block Group 1, Census Tract 2.01, Suffolk County, Massachusetts",250250002011,N,Boston,966.000000000000000,650.000000000000000,32.712215319999999,414.000000000000000,77,18.599033360000000,86719.000000000000000,102.765892030000003,0,76298.000000000000000,90.416542050000004, , ,M,Yes,M,1,Minority,2038.257738239999981,240978.002529999997932
"Block Group 2, Census Tract 2.01, Suffolk County, Massachusetts",250250002012,N,Boston,863.000000000000000,624.000000000000000,27.694090379999999,412.000000000000000,45,10.922329899999999,121095.000000000000000,143.502990720000014,0,76298.000000000000000,90.416542050000004, , ,M,Yes,M,1,Minority,1272.844729760000064,97524.716536899999483
"Block Group 3, Census Tract 2.01, Suffolk County, Massachusetts",250250002013,N,Boston,1303.000000000000000,865.000000000000000,33.614735230000001,577.000000000000000,112,19.410745620000000,91696.000000000000000,108.663864140000001,0,76298.000000000000000,90.416542050000004, , ,M,Yes,M,1,Minority,2088.036495240000022,175289.467200000013690
"Block Group 1, Census Tract 2.02, Suffolk County, Massachusetts",250250002021,N,Boston,828.000000000000000,584.000000000000000,29.468599030000000,288.000000000000000,22,7.638888840000000,97105.000000000000000,115.073768619999996,0,76298.000000000000000,90.416542050000004, , ,M,Yes,M,1,Minority,1496.587161460000061,131276.350742999988142
"Block Group 3, Census Tract 5.02, Suffolk County, Massachusetts",250250005023,N,Boston,1577.000000000000000,1051.000000000000000,33.354470509999999,738.000000000000000,117,15.853658680000001,46818.000000000000000,55.481426239999998,0,76298.000000000000000,90.416542050000004,I, ,M,Yes,MI,2,Minority and income,1346.293908249999959,87331.275494700006675
"Block Group 1, Census Tract 5.03, Suffolk County, Massachusetts",250250005031,N,Boston,787.000000000000000,523.000000000000000,33.545108010000000,387.000000000000000,23,5.943152430000000,107639.000000000000000,127.557029720000003,0,76298.000000000000000,90.416542050000004, , ,M,Yes,M,1,Minority,1168.641889980000087,64232.131222999996680
"Block Group 2, Census Tract 5.03, Suffolk County, Massachusetts",250250005032,N,Boston,1631.000000000000000,1098.000000000000000,32.679337830000001,769.000000000000000,80,10.403120990000000,74869.000000000000000,88.723114010000003,0,76298.000000000000000,90.416542050000004, , ,M,Yes,M,1,Minority,1105.159792509999988,75705.337337100005243
"Block Group 1, Census Tract 5.05, Suffolk County, Massachusetts",250250005051,N,Boston,809.000000000000000,508.000000000000000,37.206427689999998,374.000000000000000,0,0.000000000000000,100451.000000000000000,119.038925169999999,0,76298.000000000000000,90.416542050000004, , ,M,Yes,M,1,Minority,851.151853512000002,42552.270972799997253
"Block Group 2, Census Tract 2.02, Suffolk County, Massachusetts",250250002022,N,Boston,804.000000000000000,564.000000000000000,29.850746269999998,389.000000000000000,31,7.969151500000000,101450.000000000000000,120.222785950000002,0,76298.000000000000000,90.416542050000004, , ,M,Yes,M,1,Minority,1496.889596210000036,123031.409301000006963
"Block Group 3, Census Tract 2.02, Suffolk County, Massachusetts",250250002023,N,Boston,2516.000000000000000,1246.000000000000000,50.476947539999998,827.000000000000000,117,14.147521019999999,74375.000000000000000,88.137702939999997,0,76298.000000000000000,90.416542050000004, , ,M,Yes,M,1,Minority,3361.558893270000226,347290.744543000007980
"Block Group 1, Census Tract 3.01, Suffolk County, Massachusetts",250250003011,N,Boston,715.000000000000000,475.000000000000000,33.566433570000001,272.000000000000000,8,2.941176410000000,111875.000000000000000,132.576873780000000,0,76298.000000000000000,90.416542050000004, , ,M,Yes,M,1,Minority,2714.891687050000201,221941.863725000002887
"Block Group 4, Census Tract 3.01, Suffolk County, Massachusetts",250250003014,N,Boston,934.000000000000000,617.000000000000000,33.940042830000003,287.000000000000000,20,6.968641280000000,106359.000000000000000,126.040176389999999,0,76298.000000000000000,90.416542050000004, , ,M,Yes,M,1,Minority,1566.156260360000033,126497.063911999997799
"Block Group 3, Census Tract 4001, Norfolk County, Massachusetts",250214001003,N,Boston,777.000000000000000,504.000000000000000,35.135135140000003,256.000000000000000,0,0.000000000000000,147353.000000000000000,174.619903560000012,0,76298.000000000000000,90.416542050000004, , ,M,Yes,M,1,Minority,1410.706432149999955,117795.927486999993562
"Block Group 3, Census Tract 4163, Norfolk County, Massachusetts",250214163003,N,Boston,862.000000000000000,591.000000000000000,31.438515079999998,239.000000000000000,0,0.000000000000000,186406.000000000000000,220.899444579999994,0,76298.000000000000000,90.416542050000004, , ,M,Yes,M,1,Minority,2730.264850550000119,278005.438535999972373
"Block Group 3, Census Tract 9811, Suffolk County, Massachusetts",250259811003,N,Boston,91.000000000000000,27.000000000000000,70.329670329999999,0.000000000000000,0,0.000000000000000,44423.000000000000000,51.749122620000001,1,76298.000000000000000,90.416542050000004,I, ,M,Yes,MI,2,Minority and income,4328.628653320000012,572469.046592999948189
"Block Group 1, Census Tract 9813, Suffolk County, Massachusetts",250259813001,N,Boston,79.000000000000000,54.000000000000000,31.645569620000000,5.000000000000000,0,0.000000000000000,128000.000000000000000,149.109420779999994,1,76298.000000000000000,90.416542050000004, , ,M,Yes,M,1,Minority,16051.259410200000275,9018701.556980000808835
"Block Group 4, Census Tract 1006.01, Suffolk County, Massachusetts",250251006014,N,Boston,2050.000000000000000,392.000000000000000,80.878048780000000,878.000000000000000,94,10.706150050000000,93487.000000000000000,110.786277769999998,0,76298.000000000000000,90.416542050000004, , ,M,Yes,M,1,Minority,1585.784886050000068,139107.023156000010204
"Block Group 1, Census Tract 1006.03, Suffolk County, Massachusetts",250251006031,N,Boston,1483.000000000000000,953.000000000000000,35.738368170000001,646.000000000000000,29,4.489163880000000,94474.000000000000000,111.955917360000001,0,76298.000000000000000,90.416542050000004, , ,M,Yes,M,1,Minority,4038.896903679999923,447814.417546999990009
"Block Group 2, Census Tract 1006.03, Suffolk County, Massachusetts",250251006032,N,Boston,689.000000000000000,438.000000000000000,36.429608129999998,208.000000000000000,6,2.884615420000000,87647.000000000000000,103.865615840000004,0,76298.000000000000000,90.416542050000004, , ,M,Yes,M,1,Minority,4678.758451140000034,768280.068582999985665
"Block Group 5, Census Tract 1005, Suffolk County, Massachusetts",250251005005,N,Boston,1429.000000000000000,65.000000000000000,95.451364589999997,504.000000000000000,102,20.238094329999999,46312.000000000000000,54.881790160000001,0,76298.000000000000000,90.416542050000004,I, ,M,Yes,MI,2,Minority and income,1758.185464709999906,165409.193048999994062
"Block Group 3, Census Tract 1104.03, Suffolk County, Massachusetts",250251104033,N,Boston,731.000000000000000,272.000000000000000,62.790697670000000,213.000000000000000,0,0.000000000000000,114250.000000000000000,135.391357419999991,0,76298.000000000000000,90.416542050000004, , ,M,Yes,M,1,Minority,1821.313228819999949,160776.969038999988697
"Block Group 3, Census Tract 1105.01, Suffolk County, Massachusetts",250251105013,N,Boston,916.000000000000000,658.000000000000000,28.165938860000001,357.000000000000000,0,0.000000000000000,124485.000000000000000,147.520294189999987,0,76298.000000000000000,90.416542050000004, , ,M,Yes,M,1,Minority,1748.542165500000010,162028.618768999993335
"Block Group 3, Census Tract 1106.07, Suffolk County, Massachusetts",250251106073,N,Boston,1586.000000000000000,1196.000000000000000,24.590163929999999,634.000000000000000,0,0.000000000000000,121154.000000000000000,143.572906490000008,0,76298.000000000000000,90.416542050000004, , ,M,Yes,M,1,Minority,2866.484786479999912,363559.889981999993324
"Block Group 1, Census Tract 1201.04, Suffolk County, Massachusetts",250251201041,N,Boston,908.000000000000000,676.000000000000000,25.550660789999998,474.000000000000000,0,0.000000000000000,110776.000000000000000,131.274520870000003,0,76298.000000000000000,90.416542050000004, , ,M,Yes,M,1,Minority,1545.058065149999948,103274.568186000004061
"Block Group 3, Census Tract 1006.01, Suffolk County, Massachusetts",250251006013,N,Boston,1320.000000000000000,370.000000000000000,71.969696970000001,503.000000000000000,0,0.000000000000000,76287.000000000000000,90.403511050000006,0,76298.000000000000000,90.416542050000004, , ,M,Yes,M,1,Minority,1450.316502370000080,108555.616823000003933
"Block Group 2, Census Tract 1007, Suffolk County, Massachusetts",250251007002,N,Boston,1008.000000000000000,830.000000000000000,17.658730160000001,527.000000000000000,0,0.000000000000000,31293.000000000000000,37.083606719999999,0,76298.000000000000000,90.416542050000004,I, , ,Yes,I,1,Income,4077.338050459999977,749106.646992000052705
"Block Group 1, Census Tract 1008, Suffolk County, Massachusetts",250251008001,N,Boston,716.000000000000000,273.000000000000000,61.871508380000002,236.000000000000000,31,13.135593410000000,63514.000000000000000,75.266929630000007,0,76298.000000000000000,90.416542050000004, , ,M,Yes,M,1,Minority,1606.126964439999938,121551.008382999993046
"Block Group 2, Census Tract 1008, Suffolk County, Massachusetts",250251008002,N,Boston,983.000000000000000,575.000000000000000,41.505595120000002,598.000000000000000,100,16.722408290000001,94295.000000000000000,111.743789669999998,0,76298.000000000000000,90.416542050000004, , ,M,Yes,M,1,Minority,2000.521069269999998,136902.266479000012623
"Block Group 2, Census Tract 1202.01, Suffolk County, Massachusetts",250251202012,N,Boston,1872.000000000000000,861.000000000000000,54.006410260000003,907.000000000000000,145,15.986769680000000,63068.000000000000000,74.738403320000003,0,76298.000000000000000,90.416542050000004, , ,M,Yes,M,1,Minority,2354.136201759999949,324726.928415999980643
"Block Group 1, Census Tract 1203.01, Suffolk County, Massachusetts",250251203011,N,Boston,1212.000000000000000,470.000000000000000,61.221122110000003,369.000000000000000,22,5.962059500000000,138365.000000000000000,163.968719480000004,0,76298.000000000000000,90.416542050000004, , ,M,Yes,M,1,Minority,1648.114879479999900,141678.040561000001617
"Block Group 1, Census Tract 1204, Suffolk County, Massachusetts",250251204001,N,Boston,906.000000000000000,681.000000000000000,24.834437090000002,369.000000000000000,0,0.000000000000000,106619.000000000000000,126.348281860000000,0,76298.000000000000000,90.416542050000004, , ,M,Yes,M,1,Minority,1953.018835619999891,164200.324525000003632
"Block Group 4, Census Tract 1204, Suffolk County, Massachusetts",250251204004,N,Boston,1923.000000000000000,1357.000000000000000,29.433177329999999,934.000000000000000,36,3.854389670000000,111053.000000000000000,131.602767940000007,0,76298.000000000000000,90.416542050000004, , ,M,Yes,M,1,Minority,2259.346703340000204,251366.037489000009373
"Block Group 3, Census Tract 1008, Suffolk County, Massachusetts",250251008003,N,Boston,924.000000000000000,559.000000000000000,39.502164499999999,549.000000000000000,0,0.000000000000000,98304.000000000000000,116.494636540000002,0,76298.000000000000000,90.416542050000004, , ,M,Yes,M,1,Minority,1508.137767700000040,136790.581796999991639
"Block Group 1, Census Tract 1009, Suffolk County, Massachusetts",250251009001,N,Boston,730.000000000000000,247.000000000000000,66.164383560000005,300.000000000000000,0,0.000000000000000,77500.000000000000000,91.840965269999998,0,76298.000000000000000,90.416542050000004, , ,M,Yes,M,1,Minority,1794.729903160000049,166353.760830000013812
"Block Group 4, Census Tract 1008, Suffolk County, Massachusetts",250251008004,N,Boston,1033.000000000000000,705.000000000000000,31.752178120000000,667.000000000000000,50,7.496252060000000,79554.000000000000000,94.275047299999997,0,76298.000000000000000,90.416542050000004, , ,M,Yes,M,1,Minority,5103.115279419999752,931825.491001000045799
"Block Group 5, Census Tract 1008, Suffolk County, Massachusetts",250251008005,N,Boston,907.000000000000000,464.000000000000000,48.842337379999996,516.000000000000000,18,3.488372090000000,70862.000000000000000,83.974639890000006,0,76298.000000000000000,90.416542050000004, , ,M,Yes,M,1,Minority,2648.916734550000001,401098.244087999977637
"Block Group 5, Census Tract 1204, Suffolk County, Massachusetts",250251204005,N,Boston,1551.000000000000000,1067.000000000000000,31.205673760000000,858.000000000000000,51,5.944056030000000,87333.000000000000000,103.493515009999996,0,76298.000000000000000,90.416542050000004, , ,M,Yes,M,1,Minority,2377.058049610000126,251174.890519000007771
"Block Group 1, Census Tract 1205, Suffolk County, Massachusetts",250251205001,N,Boston,923.000000000000000,307.000000000000000,66.738894909999999,379.000000000000000,63,16.622692109999999,81583.000000000000000,96.679504390000005,0,76298.000000000000000,90.416542050000004, , ,M,Yes,M,1,Minority,1831.692745090000017,96799.363586199993733
"Block Group 2, Census Tract 1205, Suffolk County, Massachusetts",250251205002,N,Boston,758.000000000000000,351.000000000000000,53.693931399999997,481.000000000000000,223,46.361747739999998,212813.000000000000000,252.192932130000003,0,76298.000000000000000,90.416542050000004, ,E,M,Yes,ME,2,Minority and English isolation,1186.779784650000011,63630.540713399997912
"Block Group 2, Census Tract 1207, Suffolk County, Massachusetts",250251207002,N,Boston,1139.000000000000000,740.000000000000000,35.030728709999998,622.000000000000000,19,3.054662470000000,104000.000000000000000,123.244651790000006,0,76298.000000000000000,90.416542050000004, , ,M,Yes,M,1,Minority,1146.624690209999926,82400.588697900006082
"Block Group 4, Census Tract 1303, Suffolk County, Massachusetts",250251303004,N,Boston,1025.000000000000000,645.000000000000000,37.073170730000001,365.000000000000000,0,0.000000000000000,88967.000000000000000,105.429878230000000,0,76298.000000000000000,90.416542050000004, , ,M,Yes,M,1,Minority,1981.087598580000076,240597.650033999991138
"Block Group 3, Census Tract 1403, Suffolk County, Massachusetts",250251403003,N,Boston,1478.000000000000000,243.000000000000000,83.558863329999994,825.000000000000000,86,10.424242019999999,60192.000000000000000,71.330215449999997,0,76298.000000000000000,90.416542050000004, , ,M,Yes,M,1,Minority,3088.461951880000015,418633.606480000016745
"Block Group 5, Census Tract 1403, Suffolk County, Massachusetts",250251403005,N,Boston,1233.000000000000000,148.000000000000000,87.996755879999995,540.000000000000000,110,20.370370860000001,73857.000000000000000,87.523849490000003,0,76298.000000000000000,90.416542050000004, , ,M,Yes,M,1,Minority,3236.483121839999967,250135.149391999992076
"Block Group 6, Census Tract 1008, Suffolk County, Massachusetts",250251008006,N,Boston,1228.000000000000000,513.000000000000000,58.224755700000003,288.000000000000000,98,34.027778630000000,61731.000000000000000,73.153999330000005,0,76298.000000000000000,90.416542050000004, ,E,M,Yes,ME,2,Minority and English isolation,1947.503420660000074,191305.719348999991780
"Block Group 2, Census Tract 1009, Suffolk County, Massachusetts",250251009002,N,Boston,578.000000000000000,157.000000000000000,72.837370239999998,247.000000000000000,21,8.502024649999999,92797.000000000000000,109.968597410000001,0,76298.000000000000000,90.416542050000004, , ,M,Yes,M,1,Minority,1491.414564010000049,136326.263719000009587
"Block Group 3, Census Tract 1009, Suffolk County, Massachusetts",250251009003,N,Boston,1011.000000000000000,195.000000000000000,80.712166170000003,417.000000000000000,0,0.000000000000000,130150.000000000000000,154.233566279999991,0,76298.000000000000000,90.416542050000004, , ,M,Yes,M,1,Minority,2416.535031439999784,242928.137217000010423
"Block Group 1, Census Tract 1010.01, Suffolk County, Massachusetts",250251010011,N,Boston,680.000000000000000,11.000000000000000,98.382352940000004,195.000000000000000,19,9.743589399999999,0.000000000000000,0.000000000000000,0,76298.000000000000000,90.416542050000004, , ,M,Yes,M,1,Minority,3581.243554430000131,265930.354884999978822
"Block Group 4, Census Tract 1010.01, Suffolk County, Massachusetts",250251010014,N,Boston,970.000000000000000,34.000000000000000,96.494845359999999,350.000000000000000,0,0.000000000000000,33275.000000000000000,39.432365419999996,0,76298.000000000000000,90.416542050000004,I, ,M,Yes,MI,2,Minority and income,2425.291161759999795,195249.905762000009418
"Block Group 1, Census Tract 1304.02, Suffolk County, Massachusetts",250251304021,N,Boston,1050.000000000000000,763.000000000000000,27.333333329999999,510.000000000000000,0,0.000000000000000,67826.000000000000000,80.376846310000005,0,76298.000000000000000,90.416542050000004, , ,M,Yes,M,1,Minority,3462.643207929999789,426285.147124000010081
"Block Group 2, Census Tract 1304.02, Suffolk County, Massachusetts",250251304022,N,Boston,906.000000000000000,637.000000000000000,29.690949230000001,459.000000000000000,0,0.000000000000000,127167.000000000000000,148.139038090000014,1,76298.000000000000000,90.416542050000004, , ,M,Yes,M,1,Minority,2270.149194250000164,228286.610489000013331
"Block Group 3, Census Tract 1304.02, Suffolk County, Massachusetts",250251304023,N,Boston,977.000000000000000,725.000000000000000,25.793244630000000,272.000000000000000,14,5.147058960000000,132031.000000000000000,156.462646479999989,0,76298.000000000000000,90.416542050000004, , ,M,Yes,M,1,Minority,2557.868273390000013,290638.619040000019595
"Block Group 1, Census Tract 1304.06, Suffolk County, Massachusetts",250251304061,N,Boston,2092.000000000000000,168.000000000000000,91.969407270000005,987.000000000000000,244,24.721378330000000,41696.000000000000000,49.411624910000000,0,76298.000000000000000,90.416542050000004,I,E,M,Yes,MIE,3,"Minority, income and English isolation",2260.273713999999927,245015.200929999991786
"Block Group 6, Census Tract 1403, Suffolk County, Massachusetts",250251403006,N,Boston,1420.000000000000000,90.000000000000000,93.661971829999999,377.000000000000000,124,32.891246799999998,67396.000000000000000,79.867271419999994,0,76298.000000000000000,90.416542050000004, ,E,M,Yes,ME,2,Minority and English isolation,2153.559562599999936,277127.763365000020713
"Block Group 4, Census Tract 1009, Suffolk County, Massachusetts",250251009004,N,Boston,1829.000000000000000,394.000000000000000,78.458173869999996,705.000000000000000,44,6.241134640000000,89205.000000000000000,105.711914059999998,0,76298.000000000000000,90.416542050000004, , ,M,Yes,M,1,Minority,4437.069692770000074,443978.035987999988720
"Block Group 2, Census Tract 1010.01, Suffolk County, Massachusetts",250251010012,N,Boston,764.000000000000000,13.000000000000000,98.298429319999997,208.000000000000000,14,6.730769160000000,0.000000000000000,0.000000000000000,0,76298.000000000000000,90.416542050000004, , ,M,Yes,M,1,Minority,1804.154239539999935,205580.173975999990944
"Block Group 3, Census Tract 1010.01, Suffolk County, Massachusetts",250251010013,N,Boston,845.000000000000000,11.000000000000000,98.698224850000003,444.000000000000000,79,17.792793270000001,70189.000000000000000,83.177101140000005,0,76298.000000000000000,90.416542050000004, , ,M,Yes,M,1,Minority,1750.712025560000029,142865.391685000009602
"Block Group 5, Census Tract 1010.01, Suffolk County, Massachusetts",250251010015,N,Boston,985.000000000000000,10.000000000000000,98.984771570000007,478.000000000000000,54,11.297071460000000,78838.000000000000000,93.426559449999999,0,76298.000000000000000,90.416542050000004, , ,M,Yes,M,1,Minority,1498.996626679999963,128086.779410999995889
"Block Group 3, Census Tract 1304.06, Suffolk County, Massachusetts",250251304063,N,Boston,569.000000000000000,267.000000000000000,53.075571179999997,230.000000000000000,79,34.347827909999999,68125.000000000000000,80.731170649999996,0,76298.000000000000000,90.416542050000004, ,E,M,Yes,ME,2,Minority and English isolation,1708.874049710000008,162260.678056000004290
"Block Group 1, Census Tract 1401.02, Suffolk County, Massachusetts",250251401021,N,Boston,1201.000000000000000,176.000000000000000,85.345545380000004,479.000000000000000,38,7.933194160000000,120491.000000000000000,142.787231450000007,0,76298.000000000000000,90.416542050000004, , ,M,Yes,M,1,Minority,1907.194554930000095,204069.809452999994392
"Block Group 3, Census Tract 1401.02, Suffolk County, Massachusetts",250251401023,N,Boston,1050.000000000000000,489.000000000000000,53.428571429999998,340.000000000000000,31,9.117647170000000,109444.000000000000000,129.696029659999994,0,76298.000000000000000,90.416542050000004, , ,M,Yes,M,1,Minority,2960.676419290000013,513504.126609999977518
"Block Group 6, Census Tract 1010.01, Suffolk County, Massachusetts",250251010016,N,Boston,1351.000000000000000,28.000000000000000,97.927461140000005,594.000000000000000,56,9.427609439999999,112200.000000000000000,132.962020870000003,0,76298.000000000000000,90.416542050000004, , ,M,Yes,M,1,Minority,2567.988626349999777,368283.451775999972597
"Block Group 1, Census Tract 1011.01, Suffolk County, Massachusetts",250251011011,N,Boston,1033.000000000000000,25.000000000000000,97.579864470000004,377.000000000000000,12,3.183023930000000,54141.000000000000000,64.159507750000003,0,76298.000000000000000,90.416542050000004,I, ,M,Yes,MI,2,Minority and income,1516.463540660000035,142056.930083000013838
"Block Group 1, Census Tract 1011.02, Suffolk County, Massachusetts",250251011021,N,Boston,841.000000000000000,7.000000000000000,99.167657550000001,293.000000000000000,73,24.914676669999999,54844.000000000000000,64.992591860000005,0,76298.000000000000000,90.416542050000004,I,E,M,Yes,MIE,3,"Minority, income and English isolation",1237.636682329999985,83064.094986800002516
"Block Group 2, Census Tract 1011.02, Suffolk County, Massachusetts",250251011022,N,Boston,1579.000000000000000,21.000000000000000,98.670044329999996,510.000000000000000,46,9.019607540000001,56250.000000000000000,66.658767699999999,0,76298.000000000000000,90.416542050000004, , ,M,Yes,M,1,Minority,1832.533335520000037,160964.972787000006065
"Block Group 3, Census Tract 1011.02, Suffolk County, Massachusetts",250251011023,N,Boston,777.000000000000000,8.000000000000000,98.970398970000005,444.000000000000000,17,3.828828810000000,53207.000000000000000,63.052673339999998,0,76298.000000000000000,90.416542050000004,I, ,M,Yes,MI,2,Minority and income,2456.751411409999946,164601.883854999992764
"Block Group 1, Census Tract 1304.04, Suffolk County, Massachusetts",250251304041,N,Boston,2039.000000000000000,1126.000000000000000,44.776851399999998,934.000000000000000,50,5.353319170000000,57500.000000000000000,68.140075679999995,0,76298.000000000000000,90.416542050000004, , ,M,Yes,M,1,Minority,4840.856508290000420,1228047.946969999931753
"Block Group 2, Census Tract 1304.04, Suffolk County, Massachusetts",250251304042,N,Boston,1034.000000000000000,703.000000000000000,32.011605420000002,399.000000000000000,34,8.521303180000000,104679.000000000000000,124.049301150000005,0,76298.000000000000000,90.416542050000004, , ,M,Yes,M,1,Minority,2867.009447379999983,408652.705247999983840
"Block Group 4, Census Tract 1011.02, Suffolk County, Massachusetts",250251011024,N,Boston,1569.000000000000000,23.000000000000000,98.534098150000005,496.000000000000000,103,20.766128540000000,28333.000000000000000,33.575874329999998,0,76298.000000000000000,90.416542050000004,I, ,M,Yes,MI,2,Minority and income,1836.998865680000108,152519.858929999987595
"Block Group 1, Census Tract 1101.04, Suffolk County, Massachusetts",250251101041,N,Boston,820.000000000000000,313.000000000000000,61.829268290000002,202.000000000000000,10,4.950495240000000,47244.000000000000000,55.986251830000000,0,76298.000000000000000,90.416542050000004,I, ,M,Yes,MI,2,Minority and income,1934.512358460000087,127637.693153999993228
"Block Group 2, Census Tract 1101.04, Suffolk County, Massachusetts",250251101042,N,Boston,1357.000000000000000,120.000000000000000,91.156963890000000,407.000000000000000,121,29.729730610000001,57583.000000000000000,68.238433839999999,0,76298.000000000000000,90.416542050000004, ,E,M,Yes,ME,2,Minority and English isolation,2494.468491579999863,174281.846114999993006
"Block Group 1, Census Tract 1101.05, Suffolk County, Massachusetts",250251101051,N,Boston,2120.000000000000000,1233.000000000000000,41.839622640000002,1172.000000000000000,0,0.000000000000000,109412.000000000000000,129.658111569999988,0,76298.000000000000000,90.416542050000004, , ,M,Yes,M,1,Minority,3001.222988739999892,348050.253505999979097
"Block Group 2, Census Tract 1304.06, Suffolk County, Massachusetts",250251304062,N,Boston,2978.000000000000000,1178.000000000000000,60.443250499999998,1151.000000000000000,224,19.461338040000001,61524.000000000000000,72.908691410000003,0,76298.000000000000000,90.416542050000004, , ,M,Yes,M,1,Minority,3777.631732880000072,650836.388106000027619
"Block Group 4, Census Tract 1304.02, Suffolk County, Massachusetts",250251304024,N,Boston,1900.000000000000000,1269.000000000000000,33.210526320000000,1016.000000000000000,92,9.055118560000000,47275.000000000000000,56.022991179999998,0,76298.000000000000000,90.416542050000004,I, ,M,Yes,MI,2,Minority and income,7307.779661049999959,950632.889123999979347
"Block Group 2, Census Tract 1401.02, Suffolk County, Massachusetts",250251401022,N,Boston,1188.000000000000000,479.000000000000000,59.680134680000002,507.000000000000000,24,4.733727930000000,76422.000000000000000,90.563491819999996,0,76298.000000000000000,90.416542050000004, , ,M,Yes,M,1,Minority,4171.168125670000336,607759.184705000021495
"Block Group 1, Census Tract 1101.06, Suffolk County, Massachusetts",250251101061,N,Boston,662.000000000000000,255.000000000000000,61.480362540000002,243.000000000000000,16,6.584362030000000,85341.000000000000000,101.132904049999993,0,76298.000000000000000,90.416542050000004, , ,M,Yes,M,1,Minority,1711.208269319999999,105281.696670999997878
"Block Group 2, Census Tract 1101.06, Suffolk County, Massachusetts",250251101062,N,Boston,694.000000000000000,455.000000000000000,34.438040350000001,584.000000000000000,0,0.000000000000000,83421.000000000000000,98.857620240000003,0,76298.000000000000000,90.416542050000004, , ,M,Yes,M,1,Minority,1517.242912709999928,107369.627825000003213
"Block Group 1, Census Tract 1102.01, Suffolk County, Massachusetts",250251102011,N,Boston,2091.000000000000000,339.000000000000000,83.787661409999998,905.000000000000000,117,12.928176880000001,55240.000000000000000,65.461868289999998,0,76298.000000000000000,90.416542050000004,I, ,M,Yes,MI,2,Minority and income,3132.414596170000095,348187.132754000020213
"Block Group 1, Census Tract 1103.01, Suffolk County, Massachusetts",250251103011,N,Boston,1137.000000000000000,253.000000000000000,77.748460859999994,480.000000000000000,47,9.791666980000000,68345.000000000000000,80.991882320000002,0,76298.000000000000000,90.416542050000004, , ,M,Yes,M,1,Minority,3341.975506260000202,417046.282614999974612
"Block Group 4, Census Tract 1401.02, Suffolk County, Massachusetts",250251401024,N,Boston,1519.000000000000000,418.000000000000000,72.481895980000004,523.000000000000000,18,3.441682580000000,108155.000000000000000,128.168518070000005,0,76298.000000000000000,90.416542050000004, , ,M,Yes,M,1,Minority,4324.299792419999903,837623.383151000016369
"Block Group 1, Census Tract 1401.05, Suffolk County, Massachusetts",250251401051,N,Boston,2353.000000000000000,1035.000000000000000,56.013599659999997,851.000000000000000,51,5.992949490000000,77316.000000000000000,91.622917180000002,0,76298.000000000000000,90.416542050000004, , ,M,Yes,M,1,Minority,3578.514865520000058,730488.973746999981813
"Block Group 2, Census Tract 1401.05, Suffolk County, Massachusetts",250251401052,N,Boston,1239.000000000000000,96.000000000000000,92.251815980000003,467.000000000000000,0,0.000000000000000,97390.000000000000000,115.411506650000007,0,76298.000000000000000,90.416542050000004, , ,M,Yes,M,1,Minority,2352.799691960000018,278706.206556999997701
"Block Group 2, Census Tract 1103.01, Suffolk County, Massachusetts",250251103012,N,Boston,1363.000000000000000,769.000000000000000,43.580337489999998,525.000000000000000,40,7.619047640000000,103125.000000000000000,122.207740779999995,0,76298.000000000000000,90.416542050000004, , ,M,Yes,M,1,Minority,3242.396840540000085,400829.460785000002943
"Block Group 1, Census Tract 1104.01, Suffolk County, Massachusetts",250251104011,N,Boston,1967.000000000000000,446.000000000000000,77.325876969999996,801.000000000000000,250,31.210987090000000,64115.000000000000000,75.979141240000004,0,76298.000000000000000,90.416542050000004, ,E,M,Yes,ME,2,Minority and English isolation,2165.209135279999828,214216.867683999997098
"Block Group 1, Census Tract 1104.03, Suffolk County, Massachusetts",250251104031,N,Boston,945.000000000000000,269.000000000000000,71.534391529999994,550.000000000000000,124,22.545454029999998,52917.000000000000000,62.709011080000003,0,76298.000000000000000,90.416542050000004,I, ,M,Yes,MI,2,Minority and income,1885.981657560000031,165965.174920999997994
"Block Group 4, Census Tract 1104.03, Suffolk County, Massachusetts",250251104034,N,Boston,1014.000000000000000,622.000000000000000,38.658777120000003,395.000000000000000,31,7.848101140000000,132039.000000000000000,156.472122189999993,0,76298.000000000000000,90.416542050000004, , ,M,Yes,M,1,Minority,2071.221552949999932,206579.568920999998227
"Block Group 1, Census Tract 1401.06, Suffolk County, Massachusetts",250251401061,N,Boston,1465.000000000000000,268.000000000000000,81.706484639999999,696.000000000000000,79,11.350574490000000,53750.000000000000000,63.696155550000000,0,76298.000000000000000,90.416542050000004,I, ,M,Yes,MI,2,Minority and income,2333.583140340000227,222574.056758999999147
"Block Group 2, Census Tract 1401.06, Suffolk County, Massachusetts",250251401062,N,Boston,713.000000000000000,59.000000000000000,91.725105189999994,344.000000000000000,74,21.511627200000000,17500.000000000000000,20.738283160000002,0,76298.000000000000000,90.416542050000004,I, ,M,Yes,MI,2,Minority and income,978.289440936999995,59361.786126799997874
"Block Group 1, Census Tract 1401.07, Suffolk County, Massachusetts",250251401071,N,Boston,1976.000000000000000,549.000000000000000,72.216599189999997,809.000000000000000,116,14.338689799999999,78125.000000000000000,92.581619259999997,0,76298.000000000000000,90.416542050000004, , ,M,Yes,M,1,Minority,4021.397870820000207,492598.338216000003740
"Block Group 2, Census Tract 1401.07, Suffolk County, Massachusetts",250251401072,N,Boston,802.000000000000000,198.000000000000000,75.311720699999995,295.000000000000000,27,9.152542110000001,78047.000000000000000,92.489189150000001,0,76298.000000000000000,90.416542050000004, , ,M,Yes,M,1,Minority,1654.182699080000020,134717.433733000012580
"Block Group 1, Census Tract 1402.01, Suffolk County, Massachusetts",250251402011,N,Boston,1207.000000000000000,316.000000000000000,73.819386910000006,476.000000000000000,137,28.781513210000000,71806.000000000000000,85.093322749999999,0,76298.000000000000000,90.416542050000004, ,E,M,Yes,ME,2,Minority and English isolation,5261.113071710000440,604651.891281999996863
"Block Group 2, Census Tract 1402.01, Suffolk County, Massachusetts",250251402012,N,Boston,1104.000000000000000,451.000000000000000,59.148550720000003,494.000000000000000,3,0.607287470000000,109500.000000000000000,129.762405400000006,0,76298.000000000000000,90.416542050000004, , ,M,Yes,M,1,Minority,4122.054839579999680,817348.550097999977879
"Block Group 5, Census Tract 1104.03, Suffolk County, Massachusetts",250251104035,N,Boston,936.000000000000000,505.000000000000000,46.047008550000001,415.000000000000000,26,6.265060420000000,109676.000000000000000,129.970962520000000,0,76298.000000000000000,90.416542050000004, , ,M,Yes,M,1,Minority,2313.279252280000037,215719.125058000005083
"Block Group 1, Census Tract 1105.01, Suffolk County, Massachusetts",250251105011,N,Boston,844.000000000000000,555.000000000000000,34.241706160000000,364.000000000000000,23,6.318681240000000,102927.000000000000000,121.973098750000005,0,76298.000000000000000,90.416542050000004, , ,M,Yes,M,1,Minority,1751.835131210000100,153996.441137999994680
"Block Group 2, Census Tract 1105.01, Suffolk County, Massachusetts",250251105012,N,Boston,1542.000000000000000,1024.000000000000000,33.592736709999997,668.000000000000000,38,5.688622950000000,94250.000000000000000,111.690467830000003,0,76298.000000000000000,90.416542050000004, , ,M,Yes,M,1,Minority,2540.976954100000057,331767.588952000020072
"Block Group 1, Census Tract 1105.02, Suffolk County, Massachusetts",250251105021,N,Boston,1382.000000000000000,829.000000000000000,40.014471780000001,609.000000000000000,82,13.464695930000000,124313.000000000000000,147.316467289999991,0,76298.000000000000000,90.416542050000004, , ,M,Yes,M,1,Minority,2313.856600149999849,223199.535336000000825
"Block Group 2, Census Tract 1105.02, Suffolk County, Massachusetts",250251105022,N,Boston,1861.000000000000000,970.000000000000000,47.877485219999997,910.000000000000000,81,8.901099210000000,90197.000000000000000,106.887481690000001,0,76298.000000000000000,90.416542050000004, , ,M,Yes,M,1,Minority,3049.224544229999992,312420.834931000019424
"Block Group 1, Census Tract 1402.02, Suffolk County, Massachusetts",250251402021,N,Boston,971.000000000000000,238.000000000000000,75.489186410000002,338.000000000000000,33,9.763313289999999,84167.000000000000000,99.741661070000006,0,76298.000000000000000,90.416542050000004, , ,M,Yes,M,1,Minority,2134.660250989999895,238134.817501000012271
"Block Group 2, Census Tract 1402.02, Suffolk County, Massachusetts",250251402022,N,Boston,1428.000000000000000,238.000000000000000,83.333333330000002,553.000000000000000,72,13.019891740000000,41964.000000000000000,49.729217530000000,0,76298.000000000000000,90.416542050000004,I, ,M,Yes,MI,2,Minority and income,2351.038675710000007,265336.586613000021316
"Block Group 3, Census Tract 1402.02, Suffolk County, Massachusetts",250251402023,N,Boston,1120.000000000000000,500.000000000000000,55.357142860000003,363.000000000000000,62,17.079889300000001,102697.000000000000000,121.700538640000005,0,76298.000000000000000,90.416542050000004, , ,M,Yes,M,1,Minority,2752.871715199999926,352820.249668999982532
"Block Group 4, Census Tract 1402.02, Suffolk County, Massachusetts",250251402024,N,Boston,1535.000000000000000,587.000000000000000,61.758957649999999,628.000000000000000,36,5.732483860000000,99750.000000000000000,118.208213810000004,0,76298.000000000000000,90.416542050000004, , ,M,Yes,M,1,Minority,2784.238334000000123,411653.655568999995012
"Block Group 3, Census Tract 1105.02, Suffolk County, Massachusetts",250251105023,N,Boston,757.000000000000000,379.000000000000000,49.933949800000001,268.000000000000000,48,17.910448070000001,0.000000000000000,0.000000000000000,0,76298.000000000000000,90.416542050000004, , ,M,Yes,M,1,Minority,2010.935509689999890,148632.257137000007788
"Block Group 2, Census Tract 1106.07, Suffolk County, Massachusetts",250251106072,N,Boston,1600.000000000000000,1198.000000000000000,25.125000000000000,675.000000000000000,0,0.000000000000000,125347.000000000000000,148.541809080000007,0,76298.000000000000000,90.416542050000004, , ,M,Yes,M,1,Minority,2568.134818519999953,315124.602658000017982
"Block Group 2, Census Tract 1201.04, Suffolk County, Massachusetts",250251201042,N,Boston,1465.000000000000000,894.000000000000000,38.976109219999998,599.000000000000000,42,7.011686330000000,100331.000000000000000,118.896720889999997,0,76298.000000000000000,90.416542050000004, , ,M,Yes,M,1,Minority,3290.530724920000011,302499.079544999985956
"Block Group 5, Census Tract 1402.02, Suffolk County, Massachusetts",250251402025,N,Boston,770.000000000000000,447.000000000000000,41.948051950000000,279.000000000000000,0,0.000000000000000,131375.000000000000000,155.685256960000004,0,76298.000000000000000,90.416542050000004, , ,M,Yes,M,1,Minority,2173.286023799999839,287667.754643000022043
"Block Group 1, Census Tract 1403, Suffolk County, Massachusetts",250251403001,N,Boston,1036.000000000000000,148.000000000000000,85.714285709999999,502.000000000000000,84,16.733068469999999,88090.000000000000000,104.390594480000004,0,76298.000000000000000,90.416542050000004, , ,M,Yes,M,1,Minority,2302.565595789999861,214722.182185000012396
"Block Group 2, Census Tract 1403, Suffolk County, Massachusetts",250251403002,N,Boston,923.000000000000000,183.000000000000000,80.173347780000000,317.000000000000000,40,12.618296620000001,91681.000000000000000,108.646087649999998,0,76298.000000000000000,90.416542050000004, , ,M,Yes,M,1,Minority,2334.831287219999922,247606.990722999995342
"Block Group 4, Census Tract 1403, Suffolk County, Massachusetts",250251403004,N,Boston,753.000000000000000,108.000000000000000,85.657370520000001,209.000000000000000,0,0.000000000000000,150823.000000000000000,178.731994630000003,0,76298.000000000000000,90.416542050000004, , ,M,Yes,M,1,Minority,1928.942561280000064,179277.680923999985680
"Block Group 1, Census Tract 1404, Suffolk County, Massachusetts",250251404001,N,Boston,684.000000000000000,32.000000000000000,95.321637429999996,402.000000000000000,127,31.592039110000002,0.000000000000000,0.000000000000000,0,76298.000000000000000,90.416542050000004, ,E,M,Yes,ME,2,Minority and English isolation,1219.165143639999997,74465.116673600001377
"Block Group 2, Census Tract 1201.05, Suffolk County, Massachusetts",250251201052,N,Boston,1013.000000000000000,739.000000000000000,27.048371169999999,390.000000000000000,0,0.000000000000000,162500.000000000000000,192.569763179999995,0,76298.000000000000000,90.416542050000004, , ,M,Yes,M,1,Minority,3997.219478349999918,524107.069183000014164
"Block Group 1, Census Tract 1202.01, Suffolk County, Massachusetts",250251202011,N,Boston,1287.000000000000000,871.000000000000000,32.323232320000002,730.000000000000000,59,8.082191470000000,98598.000000000000000,116.843040470000005,0,76298.000000000000000,90.416542050000004, , ,M,Yes,M,1,Minority,1771.404853409999987,150695.203428000007989
"Block Group 3, Census Tract 1202.01, Suffolk County, Massachusetts",250251202013,N,Boston,1201.000000000000000,621.000000000000000,48.293089090000002,373.000000000000000,0,0.000000000000000,117250.000000000000000,138.946502689999988,0,76298.000000000000000,90.416542050000004, , ,M,Yes,M,1,Minority,2065.238309819999813,237695.563331999990623
"Block Group 2, Census Tract 1404, Suffolk County, Massachusetts",250251404002,N,Boston,1028.000000000000000,22.000000000000000,97.859922179999998,260.000000000000000,0,0.000000000000000,67688.000000000000000,80.213310239999998,0,76298.000000000000000,90.416542050000004, , ,M,Yes,M,1,Minority,1784.297703810000030,191008.064931000000797
"Block Group 3, Census Tract 1404, Suffolk County, Massachusetts",250251404003,N,Boston,1008.000000000000000,52.000000000000000,94.841269839999995,256.000000000000000,0,0.000000000000000,96756.000000000000000,114.660186769999996,0,76298.000000000000000,90.416542050000004, , ,M,Yes,M,1,Minority,2352.784716520000075,250991.537631999992300
"Block Group 4, Census Tract 1404, Suffolk County, Massachusetts",250251404004,N,Boston,811.000000000000000,19.000000000000000,97.657213319999997,244.000000000000000,0,0.000000000000000,33932.000000000000000,40.210937500000000,0,76298.000000000000000,90.416542050000004,I, ,M,Yes,MI,2,Minority and income,1778.520060699999931,150294.766314000007696
"Block Group 5, Census Tract 1404, Suffolk County, Massachusetts",250251404005,N,Boston,1520.000000000000000,54.000000000000000,96.447368420000004,404.000000000000000,0,0.000000000000000,76029.000000000000000,90.097763060000005,0,76298.000000000000000,90.416542050000004, , ,M,Yes,M,1,Minority,2491.395362979999845,269997.996717999980319
"Block Group 2, Census Tract 1203.01, Suffolk County, Massachusetts",250251203012,N,Boston,1016.000000000000000,349.000000000000000,65.649606300000002,401.000000000000000,40,9.975062370000000,65758.000000000000000,77.926170350000007,0,76298.000000000000000,90.416542050000004, , ,M,Yes,M,1,Minority,1213.502735009999924,81441.872229300002800
"Block Group 3, Census Tract 1203.01, Suffolk County, Massachusetts",250251203013,N,Boston,1527.000000000000000,784.000000000000000,48.657498359999998,647.000000000000000,66,10.200927730000000,104583.000000000000000,123.935531620000006,0,76298.000000000000000,90.416542050000004, , ,M,Yes,M,1,Minority,2088.727580929999931,199565.043360000010580
"Block Group 4, Census Tract 1203.01, Suffolk County, Massachusetts",250251203014,N,Boston,1365.000000000000000,671.000000000000000,50.842490840000004,644.000000000000000,9,1.397515540000000,92679.000000000000000,109.828758239999999,0,76298.000000000000000,90.416542050000004, , ,M,Yes,M,1,Minority,2118.630306279999786,234884.937142999988282
"Block Group 3, Census Tract 1205, Suffolk County, Massachusetts",250251205003,N,Boston,742.000000000000000,265.000000000000000,64.285714290000001,285.000000000000000,42,14.736842160000000,72344.000000000000000,85.730873110000005,0,76298.000000000000000,90.416542050000004, , ,M,Yes,M,1,Minority,958.051918337999950,53263.894784500000242
"Block Group 1, Census Tract 1206, Suffolk County, Massachusetts",250251206001,N,Boston,910.000000000000000,625.000000000000000,31.318681320000000,421.000000000000000,0,0.000000000000000,145568.000000000000000,172.504592900000006,0,76298.000000000000000,90.416542050000004, , ,M,Yes,M,1,Minority,1341.163366949999954,91784.368065300004673
"Block Group 6, Census Tract 1404, Suffolk County, Massachusetts",250251404006,N,Boston,1645.000000000000000,131.000000000000000,92.036474159999997,1001.000000000000000,186,18.581418990000000,76226.000000000000000,90.331222530000005,0,76298.000000000000000,90.416542050000004, , ,M,Yes,M,1,Minority,3786.289093649999813,694757.218858000007458
"Block Group 7, Census Tract 1404, Suffolk County, Massachusetts",250251404007,N,Boston,1163.000000000000000,183.000000000000000,84.264832330000004,524.000000000000000,33,6.297709940000000,90167.000000000000000,106.851928709999996,0,76298.000000000000000,90.416542050000004, , ,M,Yes,M,1,Minority,2767.382766449999963,254547.092055999994045
"Block Group 2, Census Tract 1206, Suffolk County, Massachusetts",250251206002,N,Boston,850.000000000000000,624.000000000000000,26.588235290000000,392.000000000000000,0,0.000000000000000,110000.000000000000000,130.354919429999995,0,76298.000000000000000,90.416542050000004, , ,M,Yes,M,1,Minority,1268.631344639999952,78221.667752699999255
"Block Group 3, Census Tract 1206, Suffolk County, Massachusetts",250251206003,N,Boston,806.000000000000000,603.000000000000000,25.186104220000001,323.000000000000000,0,0.000000000000000,169125.000000000000000,200.420684810000012,0,76298.000000000000000,90.416542050000004, , ,M,Yes,M,1,Minority,1299.802595010000005,87273.200446300004842
"Block Group 1, Census Tract 1207, Suffolk County, Massachusetts",250251207001,N,Boston,1000.000000000000000,531.000000000000000,46.899999999999999,346.000000000000000,19,5.491329670000000,100000.000000000000000,118.504470830000002,0,76298.000000000000000,90.416542050000004, , ,M,Yes,M,1,Minority,2512.479851640000106,228176.608214000007138
"Block Group 1, Census Tract 1301.01, Suffolk County, Massachusetts",250251301011,N,Boston,1528.000000000000000,976.000000000000000,36.125654449999999,870.000000000000000,37,4.252873420000000,105867.000000000000000,125.457130430000007,0,76298.000000000000000,90.416542050000004, , ,M,Yes,M,1,Minority,3671.516327670000010,747186.977347000036389
"Block Group 1, Census Tract 1010.02, Suffolk County, Massachusetts",250251010021,N,Boston,1034.000000000000000,55.000000000000000,94.680851059999995,315.000000000000000,12,3.809523820000000,19460.000000000000000,23.060970309999998,0,76298.000000000000000,90.416542050000004,I, ,M,Yes,MI,2,Minority and income,2311.249643829999968,192883.341625000000931
"Block Group 2, Census Tract 1010.02, Suffolk County, Massachusetts",250251010022,N,Boston,2580.000000000000000,106.000000000000000,95.891472870000001,1096.000000000000000,107,9.762773510000001,43100.000000000000000,51.075428010000003,0,76298.000000000000000,90.416542050000004,I, ,M,Yes,MI,2,Minority and income,3774.682750689999921,545097.490683999960311
"Block Group 3, Census Tract 1010.02, Suffolk County, Massachusetts",250251010023,N,Boston,2098.000000000000000,34.000000000000000,98.379408960000006,917.000000000000000,94,10.250818250000000,58219.000000000000000,68.992118840000003,0,76298.000000000000000,90.416542050000004, , ,M,Yes,M,1,Minority,4265.468683330000204,431505.418775999976788
"Block Group 1, Census Tract 9803, Suffolk County, Massachusetts",250259803001,N,Boston,113.000000000000000,42.000000000000000,62.831858410000002,0.000000000000000,0,0.000000000000000,0.000000000000000,0.000000000000000,0,76298.000000000000000,90.416542050000004, , ,M,Yes,M,1,Minority,6370.567585800000415,2108697.826900000218302
"Block Group 2, Census Tract 1011.01, Suffolk County, Massachusetts",250251011012,N,Boston,1456.000000000000000,37.000000000000000,97.458791210000001,422.000000000000000,47,11.137440679999999,50441.000000000000000,59.774841309999999,0,76298.000000000000000,90.416542050000004,I, ,M,Yes,MI,2,Minority and income,2470.442577429999801,169589.016731000010623
"Block Group 3, Census Tract 1011.01, Suffolk County, Massachusetts",250251011013,N,Boston,1033.000000000000000,46.000000000000000,95.546950629999998,401.000000000000000,0,0.000000000000000,36033.000000000000000,42.700717930000003,0,76298.000000000000000,90.416542050000004,I, ,M,Yes,MI,2,Minority and income,2992.869429719999971,275882.618360999971628
"Block Group 2, Census Tract 1104.01, Suffolk County, Massachusetts",250251104012,N,Boston,1658.000000000000000,836.000000000000000,49.577804579999999,688.000000000000000,12,1.744186040000000,124583.000000000000000,147.636428830000000,0,76298.000000000000000,90.416542050000004, , ,M,Yes,M,1,Minority,2603.856394890000047,308708.555529000004753
"Block Group 2, Census Tract 1104.03, Suffolk County, Massachusetts",250251104032,N,Boston,811.000000000000000,454.000000000000000,44.019728729999997,354.000000000000000,0,0.000000000000000,120938.000000000000000,143.316940310000007,0,76298.000000000000000,90.416542050000004, , ,M,Yes,M,1,Minority,2082.731507890000103,201457.343610000010813
"Block Group 1, Census Tract 8.06, Suffolk County, Massachusetts",250250008061,N,Boston,53.000000000000000,26.000000000000000,50.943396229999998,57.000000000000000,0,0.000000000000000,54821.000000000000000,63.861934660000003,1,76298.000000000000000,90.416542050000004,I, ,M,Yes,MI,2,Minority and income,1691.186050799999975,168331.313433000002988
"Block Group 1, Census Tract 101.03, Suffolk County, Massachusetts",250250101031,N,Boston,2126.000000000000000,1176.000000000000000,44.684854190000003,297.000000000000000,102,34.343433380000000,32572.000000000000000,38.599277499999999,0,76298.000000000000000,90.416542050000004,I,E,M,Yes,MIE,3,"Minority, income and English isolation",1774.573814809999931,101359.393408999996609
"Block Group 3, Census Tract 101.03, Suffolk County, Massachusetts",250250101033,N,Boston,1371.000000000000000,858.000000000000000,37.417943110000003,64.000000000000000,6,9.375000000000000,0.000000000000000,0.000000000000000,0,76298.000000000000000,90.416542050000004, , ,M,Yes,M,1,Minority,2187.324576890000117,145001.941552000003867
"Block Group 2, Census Tract 101.04, Suffolk County, Massachusetts",250250101042,N,Boston,2503.000000000000000,1504.000000000000000,39.912105470000000,469.000000000000000,11,2.345415830000000,95139.000000000000000,112.743972779999993,0,76298.000000000000000,90.416542050000004, , ,M,Yes,M,1,Minority,1683.883647849999988,84279.774473099998431
"Block Group 1, Census Tract 102.04, Suffolk County, Massachusetts",250250102041,N,Boston,1131.000000000000000,435.000000000000000,61.538461540000000,201.000000000000000,27,13.432835580000001,33657.000000000000000,39.885051730000001,0,76298.000000000000000,90.416542050000004,I, ,M,Yes,MI,2,Minority and income,1129.079171789999918,39810.848624699996435
"Block Group 2, Census Tract 102.04, Suffolk County, Massachusetts",250250102042,N,Boston,1344.000000000000000,720.000000000000000,46.428571429999998,444.000000000000000,11,2.477477550000000,82000.000000000000000,97.173667910000006,0,76298.000000000000000,90.416542050000004, , ,M,Yes,M,1,Minority,1268.588675940000030,68307.280326399995829
"Block Group 3, Census Tract 102.04, Suffolk County, Massachusetts",250250102043,N,Boston,968.000000000000000,535.000000000000000,44.731404959999999,392.000000000000000,45,11.479591370000000,34167.000000000000000,40.489421839999999,0,76298.000000000000000,90.416542050000004,I, ,M,Yes,MI,2,Minority and income,1679.621975360000079,145878.800183999992441
"Block Group 1, Census Tract 102.05, Suffolk County, Massachusetts",250250102051,N,Boston,1260.000000000000000,618.000000000000000,50.952380949999998,765.000000000000000,117,15.294117930000001,68750.000000000000000,80.088066100000006,1,76298.000000000000000,90.416542050000004, , ,M,Yes,M,1,Minority,883.402855993999992,45370.012554200002342
"Block Group 2, Census Tract 102.05, Suffolk County, Massachusetts",250250102052,N,Boston,920.000000000000000,441.000000000000000,52.065217390000001,663.000000000000000,0,0.000000000000000,81020.000000000000000,96.012321470000003,0,76298.000000000000000,90.416542050000004, , ,M,Yes,M,1,Minority,851.819673393000016,40459.176094199996442
"Block Group 3, Census Tract 102.05, Suffolk County, Massachusetts",250250102053,N,Boston,1644.000000000000000,747.000000000000000,54.562043799999998,430.000000000000000,9,2.093023300000000,37719.000000000000000,43.939517969999997,1,76298.000000000000000,90.416542050000004,I, ,M,Yes,MI,2,Minority and income,762.844991732000040,37555.988426999996591
"Block Group 1, Census Tract 911, Suffolk County, Massachusetts",250250911001,N,Boston,1441.000000000000000,847.000000000000000,41.221374050000001,668.000000000000000,75,11.227544780000001,108500.000000000000000,128.577346799999987,0,76298.000000000000000,90.416542050000004, , ,M,Yes,M,1,Minority,1574.579457800000000,108191.484893000000739
"Block Group 2, Census Tract 812, Suffolk County, Massachusetts",250250812002,N,Boston,1492.000000000000000,59.000000000000000,96.045576409999995,625.000000000000000,114,18.239999770000001,25240.000000000000000,29.910528180000000,0,76298.000000000000000,90.416542050000004,I, ,M,Yes,MI,2,Minority and income,1236.113942120000047,77105.528141200004029
"Block Group 5, Census Tract 817, Suffolk County, Massachusetts",250250817005,N,Boston,691.000000000000000,82.000000000000000,88.133140380000000,258.000000000000000,0,0.000000000000000,43241.000000000000000,51.242519379999997,0,76298.000000000000000,90.416542050000004,I, ,M,Yes,MI,2,Minority and income,1628.869248030000108,154747.003415000013774
"Block Group 2, Census Tract 919, Suffolk County, Massachusetts",250250919002,N,Boston,918.000000000000000,58.000000000000000,93.681917209999995,258.000000000000000,25,9.689922330000000,40900.000000000000000,48.468330379999998,0,76298.000000000000000,90.416542050000004,I, ,M,Yes,MI,2,Minority and income,1694.942426150000074,99927.895378400004120
"Block Group 1, Census Tract 712.01, Suffolk County, Massachusetts",250250712011,N,Boston,1013.000000000000000,637.000000000000000,37.117472849999999,506.000000000000000,21,4.150197510000000,154615.000000000000000,183.225692750000007,0,76298.000000000000000,90.416542050000004, , ,M,Yes,M,1,Minority,1366.595091220000086,64993.953443400001561
"Block Group 4, Census Tract 102.05, Suffolk County, Massachusetts",250250102054,N,Boston,1082.000000000000000,537.000000000000000,50.369685769999997,458.000000000000000,152,33.187774660000002,37719.000000000000000,43.939517969999997,1,76298.000000000000000,90.416542050000004,I,E,M,Yes,MIE,3,"Minority, income and English isolation",1069.496190880000086,59376.758583499999077
"Block Group 1, Census Tract 102.06, Suffolk County, Massachusetts",250250102061,N,Boston,879.000000000000000,529.000000000000000,39.817974970000002,785.000000000000000,52,6.624203680000000,110994.000000000000000,131.532852170000012,0,76298.000000000000000,90.416542050000004, , ,M,Yes,M,1,Minority,1744.245812710000109,115844.826811000006273
"Block Group 2, Census Tract 102.06, Suffolk County, Massachusetts",250250102062,N,Boston,1275.000000000000000,511.000000000000000,59.921568630000003,362.000000000000000,40,11.049723630000001,13500.000000000000000,15.726384160000000,1,76298.000000000000000,90.416542050000004,I, ,M,Yes,MI,2,Minority and income,1637.979238630000054,67608.816928600004758
"Block Group 1, Census Tract 103, Suffolk County, Massachusetts",250250103001,N,Boston,1638.000000000000000,1097.000000000000000,33.028083029999998,95.000000000000000,17,17.894737240000001,14271.000000000000000,16.911773680000000,0,76298.000000000000000,90.416542050000004,I, ,M,Yes,MI,2,Minority and income,1973.753673440000057,146671.758315000013681
"Block Group 2, Census Tract 103, Suffolk County, Massachusetts",250250103002,N,Boston,3548.000000000000000,2487.000000000000000,29.904171359999999,168.000000000000000,15,8.928571700000001,73611.000000000000000,87.232330320000003,0,76298.000000000000000,90.416542050000004, , ,M,Yes,M,1,Minority,2509.183746560000145,360503.447586999973282
"Block Group 1, Census Tract 501.01, Suffolk County, Massachusetts",250250501011,N,Boston,1643.000000000000000,384.000000000000000,76.628119290000001,642.000000000000000,152,23.676012040000000,82583.000000000000000,97.864547729999998,0,76298.000000000000000,90.416542050000004, , ,M,Yes,M,1,Minority,1428.641663719999997,110366.456248999995296
"Block Group 3, Census Tract 501.01, Suffolk County, Massachusetts",250250501013,N,Boston,1885.000000000000000,530.000000000000000,71.883289120000001,592.000000000000000,134,22.635135649999999,71053.000000000000000,84.200981139999996,0,76298.000000000000000,90.416542050000004, , ,M,Yes,M,1,Minority,1491.233788499999946,75208.146863700007088
"Block Group 2, Census Tract 408.01, Suffolk County, Massachusetts",250250408012,N,Boston,765.000000000000000,132.000000000000000,82.745098040000002,325.000000000000000,27,8.307692530000001,31151.000000000000000,36.915328979999998,0,76298.000000000000000,90.416542050000004,I, ,M,Yes,MI,2,Minority and income,4057.602187659999800,893884.505477000027895
"Block Group 3, Census Tract 502, Suffolk County, Massachusetts",250250502003,N,Boston,788.000000000000000,226.000000000000000,71.319796949999997,177.000000000000000,95,53.672317499999998,54911.000000000000000,65.071990970000002,0,76298.000000000000000,90.416542050000004,I,E,M,Yes,MIE,3,"Minority, income and English isolation",941.547847552999997,29729.716154300000198
"Block Group 1, Census Tract 503, Suffolk County, Massachusetts",250250503001,N,Boston,1475.000000000000000,661.000000000000000,55.186440679999997,444.000000000000000,44,9.909910200000001,66250.000000000000000,78.509216309999999,0,76298.000000000000000,90.416542050000004, , ,M,Yes,M,1,Minority,3333.354736419999881,501583.761679999995977
"Block Group 2, Census Tract 503, Suffolk County, Massachusetts",250250503002,N,Boston,777.000000000000000,163.000000000000000,79.021879020000000,251.000000000000000,61,24.302789690000001,44464.000000000000000,52.691829679999998,0,76298.000000000000000,90.416542050000004,I, ,M,Yes,MI,2,Minority and income,810.479948845999957,38722.976354999998875
"Block Group 1, Census Tract 504, Suffolk County, Massachusetts",250250504001,N,Boston,603.000000000000000,163.000000000000000,72.968490880000004,214.000000000000000,7,3.271028040000000,65441.000000000000000,77.550514219999997,0,76298.000000000000000,90.416542050000004, , ,M,Yes,M,1,Minority,810.980922233999991,38655.175024500000291
"Block Group 1, Census Tract 817, Suffolk County, Massachusetts",250250817001,N,Boston,623.000000000000000,6.000000000000000,99.036918139999997,343.000000000000000,46,13.411078450000000,21193.000000000000000,25.114652629999998,0,76298.000000000000000,90.416542050000004,I, ,M,Yes,MI,2,Minority and income,1557.956286939999927,78814.509862199993222
"Block Group 2, Census Tract 817, Suffolk County, Massachusetts",250250817002,N,Boston,995.000000000000000,43.000000000000000,95.678391959999999,737.000000000000000,175,23.744911190000000,24058.000000000000000,28.509805679999999,0,76298.000000000000000,90.416542050000004,I, ,M,Yes,MI,2,Minority and income,1473.124370739999904,124290.964986999999383
"Block Group 4, Census Tract 817, Suffolk County, Massachusetts",250250817004,N,Boston,950.000000000000000,58.000000000000000,93.894736839999993,479.000000000000000,85,17.745302200000001,38802.000000000000000,45.982105259999997,0,76298.000000000000000,90.416542050000004,I, ,M,Yes,MI,2,Minority and income,1485.097343240000100,96048.804394999999204
"Block Group 1, Census Tract 818, Suffolk County, Massachusetts",250250818001,N,Boston,1313.000000000000000,125.000000000000000,90.479817209999993,538.000000000000000,128,23.791822430000000,20500.000000000000000,24.293416980000000,0,76298.000000000000000,90.416542050000004,I, ,M,Yes,MI,2,Minority and income,1561.907982360000005,130508.153919000003953
"Block Group 2, Census Tract 818, Suffolk County, Massachusetts",250250818002,N,Boston,1006.000000000000000,78.000000000000000,92.246520869999998,572.000000000000000,72,12.587412830000000,58833.000000000000000,69.719734189999997,0,76298.000000000000000,90.416542050000004, , ,M,Yes,M,1,Minority,1670.670261160000109,106697.544976999997743
"Block Group 2, Census Tract 806.01, Suffolk County, Massachusetts",250250806012,N,Boston,158.000000000000000,12.000000000000000,92.405063290000001,187.000000000000000,35,18.716577529999999,14234.000000000000000,16.867927550000001,0,76298.000000000000000,90.416542050000004,I, ,M,Yes,MI,2,Minority and income,2209.993743219999942,214825.520748999988427
"Block Group 1, Census Tract 606.04, Suffolk County, Massachusetts",250250606041,N,Boston,1814.000000000000000,1365.000000000000000,24.751929440000001,541.000000000000000,4,0.739371540000000,243719.000000000000000,288.817932129999974,0,76298.000000000000000,90.416542050000004, , ,M,Yes,M,1,Minority,5226.169242820000363,893960.785631999955513
"Block Group 3, Census Tract 610, Suffolk County, Massachusetts",250250610003,N,Boston,711.000000000000000,102.000000000000000,85.654008439999998,294.000000000000000,70,23.809524540000002,22250.000000000000000,26.367244719999999,0,76298.000000000000000,90.416542050000004,I, ,M,Yes,MI,2,Minority and income,944.479055782000046,43447.887988100002985
"Block Group 2, Census Tract 611.01, Suffolk County, Massachusetts",250250611012,N,Boston,2028.000000000000000,333.000000000000000,83.579881659999998,799.000000000000000,273,34.167709350000003,11870.000000000000000,14.066480640000000,0,76298.000000000000000,90.416542050000004,I,E,M,Yes,MIE,3,"Minority, income and English isolation",1876.254244140000083,115594.931337999994867
"Block Group 1, Census Tract 611.01, Suffolk County, Massachusetts",250250611011,N,Boston,682.000000000000000,183.000000000000000,73.167155429999994,360.000000000000000,66,18.333333970000002,31786.000000000000000,37.667831419999999,0,76298.000000000000000,90.416542050000004,I, ,M,Yes,MI,2,Minority and income,1196.013188270000001,49673.644714000001841
"Block Group 1, Census Tract 104.03, Suffolk County, Massachusetts",250250104031,N,Boston,1347.000000000000000,570.000000000000000,57.683741650000002,728.000000000000000,140,19.230770110000002,25000.000000000000000,29.626117709999999,0,76298.000000000000000,90.416542050000004,I, ,M,Yes,MI,2,Minority and income,818.471475424999994,36929.276850399997784
"Block Group 2, Census Tract 104.03, Suffolk County, Massachusetts",250250104032,N,Boston,998.000000000000000,509.000000000000000,48.997995990000000,603.000000000000000,18,2.985074520000000,34175.000000000000000,40.498905180000001,0,76298.000000000000000,90.416542050000004,I, ,M,Yes,MI,2,Minority and income,745.964842043999965,25351.501392300000589
"Block Group 3, Census Tract 104.03, Suffolk County, Massachusetts",250250104033,N,Boston,834.000000000000000,492.000000000000000,41.007194239999997,369.000000000000000,22,5.962059500000000,115625.000000000000000,137.020797729999998,0,76298.000000000000000,90.416542050000004, , ,M,Yes,M,1,Minority,898.230633208999961,26266.541299000000436
"Block Group 1, Census Tract 104.04, Suffolk County, Massachusetts",250250104041,N,Boston,1744.000000000000000,1023.000000000000000,41.341743119999997,149.000000000000000,19,12.751677510000000,58393.000000000000000,69.198318479999998,0,76298.000000000000000,90.416542050000004, , ,M,Yes,M,1,Minority,1112.407303279999951,34909.836179799996899
"Block Group 4, Census Tract 104.04, Suffolk County, Massachusetts",250250104044,N,Boston,739.000000000000000,497.000000000000000,32.746955350000000,278.000000000000000,22,7.913669110000000,39250.000000000000000,46.513004299999999,0,76298.000000000000000,90.416542050000004,I, ,M,Yes,MI,2,Minority and income,1108.274077999999918,37049.257801500003552
"Block Group 1, Census Tract 104.05, Suffolk County, Massachusetts",250250104051,N,Boston,4004.000000000000000,2458.000000000000000,38.611388609999999,50.000000000000000,0,0.000000000000000,0.000000000000000,0.000000000000000,0,76298.000000000000000,90.416542050000004, , ,M,Yes,M,1,Minority,2260.562319050000042,240386.364333000004990
"Block Group 1, Census Tract 505, Suffolk County, Massachusetts",250250505001,N,Boston,2174.000000000000000,932.000000000000000,57.129714810000003,1019.000000000000000,212,20.804710390000000,86750.000000000000000,102.802627560000005,0,76298.000000000000000,90.416542050000004, , ,M,Yes,M,1,Minority,1555.721364020000010,135216.439019000012195
"Block Group 1, Census Tract 506, Suffolk County, Massachusetts",250250506001,N,Boston,1162.000000000000000,364.000000000000000,68.674698800000002,469.000000000000000,181,38.592750549999998,73750.000000000000000,87.397048949999999,0,76298.000000000000000,90.416542050000004, ,E,M,Yes,ME,2,Minority and English isolation,1275.501887509999960,88915.953288899996551
"Block Group 2, Census Tract 506, Suffolk County, Massachusetts",250250506002,N,Boston,912.000000000000000,337.000000000000000,63.048245610000002,346.000000000000000,66,19.075143810000000,106071.000000000000000,125.698883060000000,0,76298.000000000000000,90.416542050000004, , ,M,Yes,M,1,Minority,1507.892833070000052,82927.043294100003550
"Block Group 1, Census Tract 507, Suffolk County, Massachusetts",250250507001,N,Boston,1766.000000000000000,485.000000000000000,72.536806339999998,638.000000000000000,216,33.855800629999997,61339.000000000000000,72.689460749999995,0,76298.000000000000000,90.416542050000004, ,E,M,Yes,ME,2,Minority and English isolation,1241.493830670000079,86836.760146000000532
"Block Group 2, Census Tract 507, Suffolk County, Massachusetts",250250507002,N,Boston,1341.000000000000000,377.000000000000000,71.886651749999999,545.000000000000000,319,58.532108309999998,52491.000000000000000,62.204181669999997,0,76298.000000000000000,90.416542050000004,I,E,M,Yes,MIE,3,"Minority, income and English isolation",1174.586795830000028,62347.681940399997984
"Block Group 3, Census Tract 509.01, Suffolk County, Massachusetts",250250509013,N,Boston,961.000000000000000,252.000000000000000,73.777315299999998,364.000000000000000,158,43.406593319999999,37333.000000000000000,44.241275790000003,0,76298.000000000000000,90.416542050000004,I,E,M,Yes,MIE,3,"Minority, income and English isolation",4025.076767330000166,519612.908392000012100
"Block Group 3, Census Tract 818, Suffolk County, Massachusetts",250250818003,N,Boston,1248.000000000000000,53.000000000000000,95.753205129999998,263.000000000000000,31,11.787072179999999,22135.000000000000000,26.230964660000001,0,76298.000000000000000,90.416542050000004,I, ,M,Yes,MI,2,Minority and income,1551.203106180000077,136690.779118000005838
"Block Group 2, Census Tract 819, Suffolk County, Massachusetts",250250819002,N,Boston,644.000000000000000,19.000000000000000,97.049689439999995,525.000000000000000,70,13.333333020000000,16419.000000000000000,19.457248690000000,0,76298.000000000000000,90.416542050000004,I, ,M,Yes,MI,2,Minority and income,1152.776656580000008,79136.678319900005590
"Block Group 3, Census Tract 819, Suffolk County, Massachusetts",250250819003,N,Boston,816.000000000000000,58.000000000000000,92.892156860000000,295.000000000000000,46,15.593220710000001,0.000000000000000,0.000000000000000,0,76298.000000000000000,90.416542050000004, , ,M,Yes,M,1,Minority,1478.727075629999945,102641.423190000001341
"Block Group 4, Census Tract 819, Suffolk County, Massachusetts",250250819004,N,Boston,1121.000000000000000,15.000000000000000,98.661909010000002,318.000000000000000,78,24.528301240000001,31116.000000000000000,36.873851780000003,0,76298.000000000000000,90.416542050000004,I,E,M,Yes,MIE,3,"Minority, income and English isolation",1397.405048390000047,101190.501831999994465
"Block Group 3, Census Tract 820, Suffolk County, Massachusetts",250250820003,N,Boston,950.000000000000000,34.000000000000000,96.421052630000005,307.000000000000000,65,21.172637940000001,39926.000000000000000,47.314094539999999,0,76298.000000000000000,90.416542050000004,I, ,M,Yes,MI,2,Minority and income,1416.747247539999989,112974.297296999997343
"Block Group 1, Census Tract 821, Suffolk County, Massachusetts",250250821001,N,Boston,1323.000000000000000,25.000000000000000,98.110355249999998,499.000000000000000,245,49.098197939999999,21848.000000000000000,25.890857700000002,0,76298.000000000000000,90.416542050000004,I,E,M,Yes,MIE,3,"Minority, income and English isolation",1260.370716279999897,97922.225158100001863
"Block Group 4, Census Tract 910.01, Suffolk County, Massachusetts",250250910014,N,Boston,1066.000000000000000,694.000000000000000,34.896810510000002,526.000000000000000,0,0.000000000000000,77500.000000000000000,91.840965269999998,0,76298.000000000000000,90.416542050000004, , ,M,Yes,M,1,Minority,3607.128224229999887,366457.509626000013668
"Block Group 1, Census Tract 701.04, Suffolk County, Massachusetts",250250701041,N,Boston,890.000000000000000,622.000000000000000,30.112359550000001,499.000000000000000,27,5.410821440000000,129792.000000000000000,153.809326169999991,0,76298.000000000000000,90.416542050000004, , ,M,Yes,M,1,Minority,3955.980261629999859,438715.849515000008978
"Block Group 2, Census Tract 104.05, Suffolk County, Massachusetts",250250104052,N,Boston,2357.000000000000000,1196.000000000000000,49.257530760000002,535.000000000000000,86,16.074766159999999,26023.000000000000000,30.838418959999998,0,76298.000000000000000,90.416542050000004,I, ,M,Yes,MI,2,Minority and income,2065.045610789999955,84515.134873799994239
"Block Group 3, Census Tract 104.05, Suffolk County, Massachusetts",250250104053,N,Boston,492.000000000000000,139.000000000000000,71.747967480000000,292.000000000000000,165,56.506851200000000,16471.000000000000000,19.518871310000002,0,76298.000000000000000,90.416542050000004,I,E,M,Yes,MIE,3,"Minority, income and English isolation",796.209113536000018,39969.191345599996566
"Block Group 1, Census Tract 104.08, Suffolk County, Massachusetts",250250104081,N,Boston,1438.000000000000000,821.000000000000000,42.906815020000003,832.000000000000000,41,4.927884580000000,64714.000000000000000,76.688987729999994,0,76298.000000000000000,90.416542050000004, , ,M,Yes,M,1,Minority,855.330052120000005,43378.162685099996452
"Block Group 1, Census Tract 105, Suffolk County, Massachusetts",250250105001,N,Boston,1816.000000000000000,1055.000000000000000,41.905286340000004,390.000000000000000,0,0.000000000000000,51588.000000000000000,61.134086609999997,0,76298.000000000000000,90.416542050000004,I, ,M,Yes,MI,2,Minority and income,1613.078933750000033,125586.894899999999325
"Block Group 2, Census Tract 105, Suffolk County, Massachusetts",250250105002,N,Boston,1208.000000000000000,516.000000000000000,57.284768210000003,767.000000000000000,423,55.149936680000003,46008.000000000000000,54.521537780000003,0,76298.000000000000000,90.416542050000004,I,E,M,Yes,MIE,3,"Minority, income and English isolation",979.127480313999968,39063.614049299998442
"Block Group 3, Census Tract 105, Suffolk County, Massachusetts",250250105003,N,Boston,852.000000000000000,515.000000000000000,39.553990610000000,593.000000000000000,74,12.478920940000000,64827.000000000000000,76.822898859999995,0,76298.000000000000000,90.416542050000004, , ,M,Yes,M,1,Minority,968.314538516999960,35328.914026200000080
"Block Group 1, Census Tract 510, Suffolk County, Massachusetts",250250510001,N,Boston,2134.000000000000000,957.000000000000000,55.154639179999997,993.000000000000000,158,15.911379810000000,66845.000000000000000,79.214317320000006,0,76298.000000000000000,90.416542050000004, , ,M,Yes,M,1,Minority,3321.603606629999831,334976.472667999973055
"Block Group 3, Census Tract 507, Suffolk County, Massachusetts",250250507003,N,Boston,1413.000000000000000,406.000000000000000,71.266808209999994,506.000000000000000,314,62.055335999999997,81897.000000000000000,97.051605219999999,0,76298.000000000000000,90.416542050000004, ,E,M,Yes,ME,2,Minority and English isolation,1854.125594090000050,118733.932507999998052
"Block Group 1, Census Tract 509.01, Suffolk County, Massachusetts",250250509011,N,Boston,1421.000000000000000,247.000000000000000,82.617874740000005,560.000000000000000,204,36.428569789999997,76591.000000000000000,90.763763429999997,0,76298.000000000000000,90.416542050000004, ,E,M,Yes,ME,2,Minority and English isolation,2458.218132869999863,203099.489021999994293
"Block Group 2, Census Tract 509.01, Suffolk County, Massachusetts",250250509012,N,Boston,1860.000000000000000,592.000000000000000,68.172043009999996,520.000000000000000,95,18.269229889999998,81250.000000000000000,96.284881589999998,0,76298.000000000000000,90.416542050000004, , ,M,Yes,M,1,Minority,1777.223326840000027,87275.445997999995598
"Block Group 2, Census Tract 821, Suffolk County, Massachusetts",250250821002,N,Boston,1543.000000000000000,41.000000000000000,97.342838630000003,723.000000000000000,100,13.831258770000000,0.000000000000000,0.000000000000000,0,76298.000000000000000,90.416542050000004, , ,M,Yes,M,1,Minority,1511.678287669999918,101797.402079000006779
"Block Group 3, Census Tract 821, Suffolk County, Massachusetts",250250821003,N,Boston,2358.000000000000000,98.000000000000000,95.843935540000004,979.000000000000000,228,23.289070129999999,24092.000000000000000,28.550098420000001,0,76298.000000000000000,90.416542050000004,I, ,M,Yes,MI,2,Minority and income,1678.264384520000021,170831.882221000007121
"Block Group 1, Census Tract 901, Suffolk County, Massachusetts",250250901001,N,Boston,1610.000000000000000,8.000000000000000,99.503105590000004,540.000000000000000,123,22.777778630000000,24052.000000000000000,28.502695079999999,0,76298.000000000000000,90.416542050000004,I, ,M,Yes,MI,2,Minority and income,1460.326864849999993,109629.801246999995783
"Block Group 2, Census Tract 901, Suffolk County, Massachusetts",250250901002,N,Boston,645.000000000000000,24.000000000000000,96.279069770000007,275.000000000000000,59,21.454545970000002,46042.000000000000000,54.561828609999999,0,76298.000000000000000,90.416542050000004,I, ,M,Yes,MI,2,Minority and income,1017.552960549999966,69090.924935400005779
"Block Group 3, Census Tract 901, Suffolk County, Massachusetts",250250901003,N,Boston,856.000000000000000,34.000000000000000,96.028037380000001,265.000000000000000,43,16.226415630000002,59432.000000000000000,70.429580689999995,0,76298.000000000000000,90.416542050000004, , ,M,Yes,M,1,Minority,1216.689435969999977,88979.035465099994326
"Block Group 2, Census Tract 701.04, Suffolk County, Massachusetts",250250701042,N,Boston,610.000000000000000,418.000000000000000,31.475409840000001,209.000000000000000,0,0.000000000000000,196250.000000000000000,228.615036010000011,1,76298.000000000000000,90.416542050000004, , ,M,Yes,M,1,Minority,2509.320319699999800,308610.179044999997132
"Block Group 3, Census Tract 701.04, Suffolk County, Massachusetts",250250701043,N,Boston,1362.000000000000000,812.000000000000000,40.381791479999997,438.000000000000000,120,27.397260670000001,0.000000000000000,0.000000000000000,0,76298.000000000000000,90.416542050000004, ,E,M,Yes,ME,2,Minority and English isolation,1400.215404470000067,84339.925428200003807
"Block Group 1, Census Tract 701.02, Suffolk County, Massachusetts",250250701021,N,Boston,897.000000000000000,436.000000000000000,51.393534000000002,374.000000000000000,196,52.406417849999997,15847.000000000000000,18.779403689999999,0,76298.000000000000000,90.416542050000004,I,E,M,Yes,MIE,3,"Minority, income and English isolation",1393.517451140000048,95862.979921200007084
"Block Group 3, Census Tract 711.01, Suffolk County, Massachusetts",250250711013,N,Boston,996.000000000000000,522.000000000000000,47.590361450000003,790.000000000000000,196,24.810127260000002,64202.000000000000000,76.082244869999997,0,76298.000000000000000,90.416542050000004, ,E,M,Yes,ME,2,Minority and English isolation,969.829617063999990,57240.550614200001291
"Block Group 3, Census Tract 703.02, Suffolk County, Massachusetts",250250703023,N,Boston,669.000000000000000,340.000000000000000,49.177877430000002,414.000000000000000,91,21.980676649999999,0.000000000000000,0.000000000000000,0,76298.000000000000000,90.416542050000004, , ,M,Yes,M,1,Minority,1484.065386270000090,83256.172796700004255
"Block Group 1, Census Tract 106, Suffolk County, Massachusetts",250250106001,N,Boston,1330.000000000000000,923.000000000000000,30.601503760000000,707.000000000000000,15,2.121640680000000,132361.000000000000000,156.853698729999991,0,76298.000000000000000,90.416542050000004, , ,M,Yes,M,1,Minority,1328.261196910000081,89286.856449900005828
"Block Group 2, Census Tract 106, Suffolk County, Massachusetts",250250106002,N,Boston,1574.000000000000000,1151.000000000000000,26.874205839999998,914.000000000000000,102,11.159737590000001,106250.000000000000000,125.911003109999996,0,76298.000000000000000,90.416542050000004, , ,M,Yes,M,1,Minority,1572.031027689999974,148311.355310999992071
"Block Group 3, Census Tract 106, Suffolk County, Massachusetts",250250106003,N,Boston,625.000000000000000,398.000000000000000,36.320000000000000,537.000000000000000,79,14.711359020000000,87770.000000000000000,104.011375430000001,0,76298.000000000000000,90.416542050000004, , ,M,Yes,M,1,Minority,1686.948292430000038,102058.115930999992997
"Block Group 1, Census Tract 107.01, Suffolk County, Massachusetts",250250107011,N,Boston,1057.000000000000000,759.000000000000000,28.192999050000001,409.000000000000000,0,0.000000000000000,98681.000000000000000,116.941398620000001,0,76298.000000000000000,90.416542050000004, , ,M,Yes,M,1,Minority,1400.018143219999956,74119.472984399995767
"Block Group 1, Census Tract 108.01, Suffolk County, Massachusetts",250250108011,N,Boston,740.000000000000000,496.000000000000000,32.972972970000001,302.000000000000000,0,0.000000000000000,100735.000000000000000,119.375480650000000,0,76298.000000000000000,90.416542050000004, , ,M,Yes,M,1,Minority,781.967607137999948,32884.073098599998048
"Block Group 1, Census Tract 202, Suffolk County, Massachusetts",250250202001,N,Boston,1259.000000000000000,917.000000000000000,27.164416200000002,749.000000000000000,18,2.403204200000000,74841.000000000000000,88.689933780000004,0,76298.000000000000000,90.416542050000004, , ,M,Yes,M,1,Minority,693.323671407999996,29546.561459100001230
"Block Group 2, Census Tract 202, Suffolk County, Massachusetts",250250202002,N,Boston,1319.000000000000000,959.000000000000000,27.293404089999999,608.000000000000000,0,0.000000000000000,98173.000000000000000,116.339393619999996,0,76298.000000000000000,90.416542050000004, , ,M,Yes,M,1,Minority,699.248677957000041,29675.772507300000143
"Block Group 2, Census Tract 510, Suffolk County, Massachusetts",250250510002,N,Boston,1055.000000000000000,462.000000000000000,56.208530809999999,476.000000000000000,74,15.546218870000001,21438.000000000000000,25.404989239999999,0,76298.000000000000000,90.416542050000004,I, ,M,Yes,MI,2,Minority and income,4889.335828420000325,786965.575857999967411
"Block Group 3, Census Tract 510, Suffolk County, Massachusetts",250250510003,N,Boston,1128.000000000000000,487.000000000000000,56.826241130000000,423.000000000000000,34,8.037824629999999,84784.000000000000000,100.472831729999996,0,76298.000000000000000,90.416542050000004, , ,M,Yes,M,1,Minority,1812.644734669999934,131354.539859999989858
"Block Group 1, Census Tract 511.01, Suffolk County, Massachusetts",250250511011,N,Boston,1803.000000000000000,683.000000000000000,62.118691069999997,769.000000000000000,203,26.397918700000002,67930.000000000000000,80.500091549999993,0,76298.000000000000000,90.416542050000004, ,E,M,Yes,ME,2,Minority and English isolation,2786.540586179999991,220613.475038000004133
"Block Group 3, Census Tract 511.01, Suffolk County, Massachusetts",250250511013,N,Boston,1727.000000000000000,812.000000000000000,52.982049799999999,498.000000000000000,0,0.000000000000000,121875.000000000000000,144.427322390000000,0,76298.000000000000000,90.416542050000004, , ,M,Yes,M,1,Minority,5406.269305550000354,1049697.037359999958426
"Block Group 4, Census Tract 901, Suffolk County, Massachusetts",250250901004,N,Boston,1285.000000000000000,35.000000000000000,97.276264589999997,672.000000000000000,94,13.988095280000000,23914.000000000000000,28.339159009999999,0,76298.000000000000000,90.416542050000004,I, ,M,Yes,MI,2,Minority and income,2345.551173629999994,105068.041570999994292
"Block Group 5, Census Tract 901, Suffolk County, Massachusetts",250250901005,N,Boston,775.000000000000000,32.000000000000000,95.870967739999998,250.000000000000000,18,7.199999810000000,52763.000000000000000,62.526515959999998,0,76298.000000000000000,90.416542050000004,I, ,M,Yes,MI,2,Minority and income,1469.849387870000101,74168.024503799999366
"Block Group 1, Census Tract 902, Suffolk County, Massachusetts",250250902001,N,Boston,712.000000000000000,42.000000000000000,94.101123599999994,175.000000000000000,63,36.000000000000000,27330.000000000000000,32.387271880000000,0,76298.000000000000000,90.416542050000004,I,E,M,Yes,MIE,3,"Minority, income and English isolation",1523.392961479999940,72039.532003600004828
"Block Group 2, Census Tract 902, Suffolk County, Massachusetts",250250902002,N,Boston,716.000000000000000,31.000000000000000,95.670391060000000,191.000000000000000,55,28.795810700000001,30478.000000000000000,36.117794040000000,0,76298.000000000000000,90.416542050000004,I,E,M,Yes,MIE,3,"Minority, income and English isolation",1478.357575550000092,84741.294447199994465
"Block Group 3, Census Tract 902, Suffolk County, Massachusetts",250250902003,N,Boston,984.000000000000000,32.000000000000000,96.747967480000000,364.000000000000000,65,17.857143400000002,30000.000000000000000,35.551342009999999,0,76298.000000000000000,90.416542050000004,I, ,M,Yes,MI,2,Minority and income,1590.328530000000001,116873.613555999996606
"Block Group 2, Census Tract 815, Suffolk County, Massachusetts",250250815002,N,Boston,1364.000000000000000,119.000000000000000,91.275659820000001,637.000000000000000,91,14.285714150000000,55662.000000000000000,65.961959840000006,0,76298.000000000000000,90.416542050000004, , ,M,Yes,M,1,Minority,1786.314160039999933,180320.037008000013884
"Block Group 3, Census Tract 817, Suffolk County, Massachusetts",250250817003,N,Boston,882.000000000000000,65.000000000000000,92.630385489999995,247.000000000000000,0,0.000000000000000,28641.000000000000000,33.940864560000001,0,76298.000000000000000,90.416542050000004,I, ,M,Yes,MI,2,Minority and income,1735.505108179999979,179932.281203999998979
"Block Group 1, Census Tract 820, Suffolk County, Massachusetts",250250820001,N,Boston,1498.000000000000000,75.000000000000000,94.993324430000001,635.000000000000000,46,7.244094370000000,90673.000000000000000,107.451560970000003,0,76298.000000000000000,90.416542050000004, , ,M,Yes,M,1,Minority,1829.419060769999987,164279.862419999990379
"Block Group 2, Census Tract 820, Suffolk County, Massachusetts",250250820002,N,Boston,747.000000000000000,20.000000000000000,97.322623829999998,343.000000000000000,41,11.953352929999999,48693.000000000000000,57.703384399999997,0,76298.000000000000000,90.416542050000004,I, ,M,Yes,MI,2,Minority and income,1499.715788799999928,114877.763919999997597
"Block Group 4, Census Tract 904, Suffolk County, Massachusetts",250250904004,N,Boston,820.000000000000000,30.000000000000000,96.341463410000003,240.000000000000000,26,10.833333020000000,73889.000000000000000,87.561767579999994,0,76298.000000000000000,90.416542050000004, , ,M,Yes,M,1,Minority,1393.820473819999961,74514.579841900005704
"Block Group 1, Census Tract 203.01, Suffolk County, Massachusetts",250250203011,N,Boston,2166.000000000000000,1288.000000000000000,40.535549400000001,1245.000000000000000,92,7.389558320000000,95179.000000000000000,112.791374210000001,0,76298.000000000000000,90.416542050000004, , ,M,Yes,M,1,Minority,3297.410701669999980,263298.777875999978278
"Block Group 1, Census Tract 203.04, Suffolk County, Massachusetts",250250203041,N,Boston,1283.000000000000000,935.000000000000000,27.123928289999998,494.000000000000000,10,2.024291520000000,165833.000000000000000,196.519515990000002,0,76298.000000000000000,90.416542050000004, , ,M,Yes,M,1,Minority,984.180347037000047,39342.235888700000942
"Block Group 2, Census Tract 203.05, Suffolk County, Massachusetts",250250203052,N,Boston,2255.000000000000000,1513.000000000000000,32.904656320000001,1418.000000000000000,102,7.193229680000000,91953.000000000000000,108.968421939999999,0,76298.000000000000000,90.416542050000004, , ,M,Yes,M,1,Minority,1537.513249600000108,75399.411831100005656
"Block Group 4, Census Tract 511.01, Suffolk County, Massachusetts",250250511014,N,Boston,1099.000000000000000,664.000000000000000,39.581437670000000,335.000000000000000,15,4.477612020000000,77870.000000000000000,92.279434199999997,0,76298.000000000000000,90.416542050000004, , ,M,Yes,M,1,Minority,3529.452729690000069,227329.951911000011023
"Block Group 2, Census Tract 606.04, Suffolk County, Massachusetts",250250606042,N,Boston,989.000000000000000,745.000000000000000,24.671385239999999,544.000000000000000,0,0.000000000000000,176000.000000000000000,208.567871090000011,0,76298.000000000000000,90.416542050000004, , ,M,Yes,M,1,Minority,1586.862805060000028,151657.869815000012750
"Block Group 1, Census Tract 607, Suffolk County, Massachusetts",250250607001,N,Boston,997.000000000000000,118.000000000000000,88.164493480000004,412.000000000000000,72,17.475728990000000,22374.000000000000000,26.514190670000001,0,76298.000000000000000,90.416542050000004,I, ,M,Yes,MI,2,Minority and income,1248.368107159999909,89003.838924399999087
"Block Group 2, Census Tract 607, Suffolk County, Massachusetts",250250607002,N,Boston,692.000000000000000,111.000000000000000,83.959537569999995,662.000000000000000,380,57.401813509999997,14167.000000000000000,16.788528440000000,0,76298.000000000000000,90.416542050000004,I,E,M,Yes,MIE,3,"Minority, income and English isolation",1068.580880279999974,39213.983080300000438
"Block Group 2, Census Tract 610, Suffolk County, Massachusetts",250250610002,N,Boston,535.000000000000000,76.000000000000000,85.794392520000002,378.000000000000000,67,17.724866870000000,23784.000000000000000,28.185104370000001,0,76298.000000000000000,90.416542050000004,I, ,M,Yes,MI,2,Minority and income,1138.938637669999935,50908.830544399999781
"Block Group 1, Census Tract 903, Suffolk County, Massachusetts",250250903001,N,Boston,1033.000000000000000,43.000000000000000,95.837366889999998,313.000000000000000,78,24.920127870000002,32022.000000000000000,37.947502139999997,0,76298.000000000000000,90.416542050000004,I,E,M,Yes,MIE,3,"Minority, income and English isolation",1743.549506139999949,134425.185492999997223
"Block Group 2, Census Tract 903, Suffolk County, Massachusetts",250250903002,N,Boston,1681.000000000000000,23.000000000000000,98.631766810000002,517.000000000000000,171,33.075435640000002,50855.000000000000000,60.265449519999997,0,76298.000000000000000,90.416542050000004,I,E,M,Yes,MIE,3,"Minority, income and English isolation",2374.545474529999865,162894.591029000002891
"Block Group 3, Census Tract 903, Suffolk County, Massachusetts",250250903003,N,Boston,1081.000000000000000,16.000000000000000,98.519888989999998,305.000000000000000,0,0.000000000000000,27050.000000000000000,32.055461880000003,0,76298.000000000000000,90.416542050000004,I, ,M,Yes,MI,2,Minority and income,1279.075804320000088,83047.758503499993822
"Block Group 1, Census Tract 904, Suffolk County, Massachusetts",250250904001,N,Boston,921.000000000000000,26.000000000000000,97.176981540000000,334.000000000000000,0,0.000000000000000,56250.000000000000000,66.658767699999999,0,76298.000000000000000,90.416542050000004, , ,M,Yes,M,1,Minority,1376.197807439999906,108210.483592999997200
"Block Group 2, Census Tract 904, Suffolk County, Massachusetts",250250904002,N,Boston,1462.000000000000000,69.000000000000000,95.280437759999998,470.000000000000000,89,18.936170579999999,0.000000000000000,0.000000000000000,0,76298.000000000000000,90.416542050000004, , ,M,Yes,M,1,Minority,2167.297846670000126,134373.053233999991789
"Block Group 1, Census Tract 1004, Suffolk County, Massachusetts",250251004001,N,Boston,1267.000000000000000,221.000000000000000,82.557221780000006,668.000000000000000,38,5.688622950000000,0.000000000000000,0.000000000000000,0,76298.000000000000000,90.416542050000004, , ,M,Yes,M,1,Minority,1727.409518079999998,140961.845475999987684
"Block Group 1, Census Tract 1005, Suffolk County, Massachusetts",250251005001,N,Boston,1220.000000000000000,209.000000000000000,82.868852459999999,646.000000000000000,58,8.978327750000000,0.000000000000000,0.000000000000000,0,76298.000000000000000,90.416542050000004, , ,M,Yes,M,1,Minority,2015.073707389999981,125020.127563999994891
"Block Group 2, Census Tract 1004, Suffolk County, Massachusetts",250251004002,N,Boston,1270.000000000000000,349.000000000000000,72.519685039999999,362.000000000000000,16,4.419889450000000,107969.000000000000000,127.948097230000002,0,76298.000000000000000,90.416542050000004, , ,M,Yes,M,1,Minority,1744.809550669999908,174053.046115000004647
"Block Group 3, Census Tract 1004, Suffolk County, Massachusetts",250251004003,N,Boston,833.000000000000000,92.000000000000000,88.955582230000005,468.000000000000000,22,4.700854780000000,100913.000000000000000,119.586418150000000,0,76298.000000000000000,90.416542050000004, , ,M,Yes,M,1,Minority,1864.309715849999975,128646.532302000006894
"Block Group 4, Census Tract 1004, Suffolk County, Massachusetts",250251004004,N,Boston,1698.000000000000000,106.000000000000000,93.757361599999996,435.000000000000000,43,9.885057450000000,69659.000000000000000,82.549034120000002,0,76298.000000000000000,90.416542050000004, , ,M,Yes,M,1,Minority,1711.929660880000029,182548.228838000010001
"Block Group 1, Census Tract 303.02, Suffolk County, Massachusetts",250250303021,N,Boston,1844.000000000000000,1300.000000000000000,29.501084599999999,887.000000000000000,0,0.000000000000000,141841.000000000000000,168.087936399999990,0,76298.000000000000000,90.416542050000004, , ,M,Yes,M,1,Minority,2958.217222910000146,477354.156621999980416
"Block Group 1, Census Tract 402, Suffolk County, Massachusetts",250250402001,N,Boston,636.000000000000000,119.000000000000000,81.289308180000006,253.000000000000000,31,12.252964020000000,16250.000000000000000,19.256977079999999,0,76298.000000000000000,90.416542050000004,I, ,M,Yes,MI,2,Minority and income,952.778301146999979,55208.841602300002705
"Block Group 2, Census Tract 402, Suffolk County, Massachusetts",250250402002,N,Boston,958.000000000000000,718.000000000000000,25.052192070000000,461.000000000000000,16,3.470715760000000,179266.000000000000000,212.438232419999991,0,76298.000000000000000,90.416542050000004, , ,M,Yes,M,1,Minority,1344.350847420000036,86076.509621599994716
"Block Group 1, Census Tract 403, Suffolk County, Massachusetts",250250403001,N,Boston,774.000000000000000,218.000000000000000,71.834625320000001,347.000000000000000,15,4.322766780000000,0.000000000000000,0.000000000000000,0,76298.000000000000000,90.416542050000004, , ,M,Yes,M,1,Minority,889.877496991000044,49352.388807600000291
"Block Group 1, Census Tract 612.03, Suffolk County, Massachusetts",250250612031,N,Boston,2686.000000000000000,1973.000000000000000,26.545048399999999,1006.000000000000000,0,0.000000000000000,193068.000000000000000,224.908264159999987,1,76298.000000000000000,90.416542050000004, , ,M,Yes,M,1,Minority,3506.593534180000006,366582.567251999978907
"Block Group 2, Census Tract 701.02, Suffolk County, Massachusetts",250250701022,N,Boston,2202.000000000000000,1428.000000000000000,35.149863760000002,604.000000000000000,58,9.602648739999999,172917.000000000000000,204.914382929999988,0,76298.000000000000000,90.416542050000004, , ,M,Yes,M,1,Minority,660.874803930999974,26531.860154300000431
"Block Group 3, Census Tract 701.02, Suffolk County, Massachusetts",250250701023,N,Boston,588.000000000000000,330.000000000000000,43.877551019999999,136.000000000000000,0,0.000000000000000,136071.000000000000000,158.511474609999993,1,76298.000000000000000,90.416542050000004, , ,M,Yes,M,1,Minority,521.389854022000009,16572.862978599998314
"Block Group 1, Census Tract 701.03, Suffolk County, Massachusetts",250250701031,N,Boston,751.000000000000000,236.000000000000000,68.575233019999999,209.000000000000000,16,7.655502320000000,58872.000000000000000,69.765953060000001,0,76298.000000000000000,90.416542050000004, , ,M,Yes,M,1,Minority,1786.517318780000096,107594.742706999997608
"Block Group 1, Census Tract 702.01, Suffolk County, Massachusetts",250250702011,N,Boston,932.000000000000000,54.000000000000000,94.206008580000002,382.000000000000000,269,70.418846130000006,17132.000000000000000,20.302186970000001,0,76298.000000000000000,90.416542050000004,I,E,M,Yes,MIE,3,"Minority, income and English isolation",827.912534888999971,33088.857423599998583
"Block Group 3, Census Tract 904, Suffolk County, Massachusetts",250250904003,N,Boston,898.000000000000000,43.000000000000000,95.211581289999998,344.000000000000000,33,9.593023300000000,28529.000000000000000,33.808139799999999,0,76298.000000000000000,90.416542050000004,I, ,M,Yes,MI,2,Minority and income,1845.522943469999973,108008.170538999998826
"Block Group 2, Census Tract 906, Suffolk County, Massachusetts",250250906002,N,Boston,1351.000000000000000,97.000000000000000,92.820133229999996,464.000000000000000,176,37.931034089999997,42917.000000000000000,50.858566279999998,0,76298.000000000000000,90.416542050000004,I,E,M,Yes,MIE,3,"Minority, income and English isolation",1892.351198580000073,185311.405830000003334
"Block Group 2, Census Tract 907, Suffolk County, Massachusetts",250250907002,N,Boston,1260.000000000000000,925.000000000000000,26.587301589999999,605.000000000000000,135,22.314048769999999,77991.000000000000000,92.422821040000002,0,76298.000000000000000,90.416542050000004, , ,M,Yes,M,1,Minority,1314.024009669999941,106426.766273999994155
"Block Group 2, Census Tract 909.01, Suffolk County, Massachusetts",250250909012,N,Boston,2197.000000000000000,658.000000000000000,70.050068269999997,721.000000000000000,133,18.446601869999999,23403.000000000000000,27.733602520000002,0,76298.000000000000000,90.416542050000004,I, ,M,Yes,MI,2,Minority and income,4914.268372239999735,1193706.800689999945462
"Block Group 3, Census Tract 911, Suffolk County, Massachusetts",250250911003,N,Boston,823.000000000000000,335.000000000000000,59.295261240000002,240.000000000000000,22,9.166666980000000,45809.000000000000000,54.285713199999996,0,76298.000000000000000,90.416542050000004,I, ,M,Yes,MI,2,Minority and income,1266.060321270000031,76681.434200300005614
"Block Group 4, Census Tract 911, Suffolk County, Massachusetts",250250911004,N,Boston,679.000000000000000,226.000000000000000,66.715758469999997,294.000000000000000,14,4.761904720000000,104600.000000000000000,123.955680849999993,0,76298.000000000000000,90.416542050000004, , ,M,Yes,M,1,Minority,1057.006765600000108,70839.783047599994461
"Block Group 5, Census Tract 911, Suffolk County, Massachusetts",250250911005,N,Boston,778.000000000000000,389.000000000000000,50.000000000000000,136.000000000000000,27,19.852941510000001,98125.000000000000000,116.282516479999998,0,76298.000000000000000,90.416542050000004, , ,M,Yes,M,1,Minority,1077.479438609999988,66629.309915000005276
"Block Group 1, Census Tract 912, Suffolk County, Massachusetts",250250912001,N,Boston,1057.000000000000000,461.000000000000000,56.385998110000003,413.000000000000000,68,16.464891430000002,92813.000000000000000,109.987556459999993,0,76298.000000000000000,90.416542050000004, , ,M,Yes,M,1,Minority,1400.721798750000062,94923.286882000000332
"Block Group 2, Census Tract 912, Suffolk County, Massachusetts",250250912002,N,Boston,1363.000000000000000,453.000000000000000,66.764490100000003,632.000000000000000,69,10.917721750000000,102035.000000000000000,120.916038510000007,0,76298.000000000000000,90.416542050000004, , ,M,Yes,M,1,Minority,1834.431977210000014,124566.974061999993864
"Block Group 3, Census Tract 912, Suffolk County, Massachusetts",250250912003,N,Boston,720.000000000000000,206.000000000000000,71.388888890000004,196.000000000000000,0,0.000000000000000,117778.000000000000000,139.572204590000013,0,76298.000000000000000,90.416542050000004, , ,M,Yes,M,1,Minority,1463.354386510000040,104099.800860000003013
"Block Group 2, Census Tract 702.01, Suffolk County, Massachusetts",250250702012,N,Boston,3058.000000000000000,2176.000000000000000,28.842380639999998,569.000000000000000,113,19.859401699999999,171359.000000000000000,203.068084720000002,0,76298.000000000000000,90.416542050000004, , ,M,Yes,M,1,Minority,1487.496871759999976,110934.132370000006631
"Block Group 1, Census Tract 702.02, Suffolk County, Massachusetts",250250702021,N,Boston,4325.000000000000000,1538.000000000000000,64.439306360000003,1531.000000000000000,571,37.295883179999997,37917.000000000000000,44.933341980000002,0,76298.000000000000000,90.416542050000004,I,E,M,Yes,MIE,3,"Minority, income and English isolation",2007.912361989999908,147595.132799000013620
"Block Group 2, Census Tract 702.02, Suffolk County, Massachusetts",250250702022,N,Boston,1135.000000000000000,70.000000000000000,93.832599119999998,350.000000000000000,187,53.428569789999997,20900.000000000000000,24.767435070000001,0,76298.000000000000000,90.416542050000004,I,E,M,Yes,MIE,3,"Minority, income and English isolation",731.455787647999955,30939.165396399999736
"Block Group 2, Census Tract 703.01, Suffolk County, Massachusetts",250250703012,N,Boston,1165.000000000000000,871.000000000000000,25.236051499999999,679.000000000000000,0,0.000000000000000,189815.000000000000000,221.118789670000012,1,76298.000000000000000,90.416542050000004, , ,M,Yes,M,1,Minority,1226.282408920000080,75785.702067200007150
"Block Group 1, Census Tract 703.02, Suffolk County, Massachusetts",250250703021,N,Boston,806.000000000000000,588.000000000000000,27.047146399999999,455.000000000000000,0,0.000000000000000,165426.000000000000000,196.037216190000009,0,76298.000000000000000,90.416542050000004, , ,M,Yes,M,1,Minority,1018.819694629999958,59736.237318799998320
"Block Group 2, Census Tract 704.02, Suffolk County, Massachusetts",250250704022,N,Boston,1512.000000000000000,128.000000000000000,91.534391529999994,675.000000000000000,338,50.074073790000000,17582.000000000000000,20.835456850000000,0,76298.000000000000000,90.416542050000004,I,E,M,Yes,MIE,3,"Minority, income and English isolation",1380.536016790000076,125535.011763000002247
"Block Group 2, Census Tract 913, Suffolk County, Massachusetts",250250913002,N,Boston,1170.000000000000000,71.000000000000000,93.931623930000001,379.000000000000000,54,14.248021130000000,40054.000000000000000,47.465782169999997,0,76298.000000000000000,90.416542050000004,I, ,M,Yes,MI,2,Minority and income,1963.350678430000016,157276.742109999991953
"Block Group 1, Census Tract 915, Suffolk County, Massachusetts",250250915001,N,Boston,1926.000000000000000,431.000000000000000,77.622014539999995,756.000000000000000,164,21.693120960000002,55357.000000000000000,65.600524899999996,0,76298.000000000000000,90.416542050000004, , ,M,Yes,M,1,Minority,2328.985988880000150,164406.462530999997398
"Block Group 2, Census Tract 915, Suffolk County, Massachusetts",250250915002,N,Boston,1740.000000000000000,117.000000000000000,93.275862070000002,639.000000000000000,166,25.978090290000001,59886.000000000000000,70.967590329999993,0,76298.000000000000000,90.416542050000004, ,E,M,Yes,ME,2,Minority and English isolation,1923.530288070000097,177339.963541000004625
"Block Group 3, Census Tract 915, Suffolk County, Massachusetts",250250915003,N,Boston,922.000000000000000,73.000000000000000,92.082429500000003,216.000000000000000,39,18.055555340000002,45000.000000000000000,53.327014920000003,0,76298.000000000000000,90.416542050000004,I, ,M,Yes,MI,2,Minority and income,1300.676204710000093,62392.115907100000186
"Block Group 1, Census Tract 913, Suffolk County, Massachusetts",250250913001,N,Boston,1456.000000000000000,226.000000000000000,84.478021979999994,464.000000000000000,86,18.534482959999998,44635.000000000000000,52.894470210000001,0,76298.000000000000000,90.416542050000004,I, ,M,Yes,MI,2,Minority and income,1474.132493479999994,105266.521943999992800
"Block Group 2, Census Tract 914, Suffolk County, Massachusetts",250250914002,N,Boston,1138.000000000000000,91.000000000000000,92.003514940000002,472.000000000000000,51,10.805085180000001,44545.000000000000000,52.787818909999999,0,76298.000000000000000,90.416542050000004,I, ,M,Yes,MI,2,Minority and income,2083.137442600000213,148724.005994000006467
"Block Group 1, Census Tract 914, Suffolk County, Massachusetts",250250914001,N,Boston,1748.000000000000000,110.000000000000000,93.707093819999997,615.000000000000000,127,20.650405880000001,46042.000000000000000,54.561828609999999,0,76298.000000000000000,90.416542050000004,I, ,M,Yes,MI,2,Minority and income,2021.369073340000114,176278.532283000007737
"Block Group 4, Census Tract 920, Suffolk County, Massachusetts",250250920004,N,Boston,1022.000000000000000,43.000000000000000,95.792563599999994,332.000000000000000,38,11.445782660000001,48485.000000000000000,57.456893919999999,0,76298.000000000000000,90.416542050000004,I, ,M,Yes,MI,2,Minority and income,1250.971321949999947,75911.036792099999730
"Block Group 1, Census Tract 921.01, Suffolk County, Massachusetts",250250921011,N,Boston,1158.000000000000000,506.000000000000000,56.303972369999997,717.000000000000000,300,41.841003420000000,63083.000000000000000,74.756179810000006,0,76298.000000000000000,90.416542050000004, ,E,M,Yes,ME,2,Minority and English isolation,2292.417046709999795,186904.128892999986419
"Block Group 2, Census Tract 705.01, Suffolk County, Massachusetts",250250705012,N,Boston,1074.000000000000000,734.000000000000000,31.657355679999998,458.000000000000000,64,13.973798750000000,185288.000000000000000,215.845199580000013,1,76298.000000000000000,90.416542050000004, , ,M,Yes,M,1,Minority,1330.078380339999967,67310.882840699996450
"Block Group 1, Census Tract 705.02, Suffolk County, Massachusetts",250250705021,N,Boston,1067.000000000000000,755.000000000000000,29.240862230000001,570.000000000000000,38,6.666666510000000,176063.000000000000000,208.642532350000010,0,76298.000000000000000,90.416542050000004, , ,M,Yes,M,1,Minority,881.009891183000036,49327.560488600000099
"Block Group 1, Census Tract 708.01, Suffolk County, Massachusetts",250250708011,N,Boston,1056.000000000000000,571.000000000000000,45.928030300000003,531.000000000000000,45,8.474576000000001,100592.000000000000000,117.181365970000002,1,76298.000000000000000,90.416542050000004, , ,M,Yes,M,1,Minority,1013.403913249999960,61230.625953399998252
"Block Group 1, Census Tract 708.02, Suffolk County, Massachusetts",250250708021,N,Boston,1552.000000000000000,877.000000000000000,43.492268039999999,990.000000000000000,156,15.757575989999999,0.000000000000000,0.000000000000000,0,76298.000000000000000,90.416542050000004, , ,M,Yes,M,1,Minority,1041.515659249999999,65173.947141399999964
"Block Group 2, Census Tract 708.02, Suffolk County, Massachusetts",250250708022,N,Boston,1133.000000000000000,825.000000000000000,27.184466019999999,550.000000000000000,0,0.000000000000000,96250.000000000000000,114.060554499999995,0,76298.000000000000000,90.416542050000004, , ,M,Yes,M,1,Minority,1094.721647589999975,64772.280980900002760
"Block Group 1, Census Tract 709.01, Suffolk County, Massachusetts",250250709011,N,Boston,1165.000000000000000,291.000000000000000,75.021459230000005,718.000000000000000,335,46.657382970000000,36051.000000000000000,42.722045899999998,0,76298.000000000000000,90.416542050000004,I,E,M,Yes,MIE,3,"Minority, income and English isolation",1170.751979359999950,57686.310576500000025
"Block Group 2, Census Tract 709.02, Suffolk County, Massachusetts",250250709022,N,Boston,1089.000000000000000,653.000000000000000,40.036730949999999,476.000000000000000,0,0.000000000000000,145357.000000000000000,172.254547120000012,0,76298.000000000000000,90.416542050000004, , ,M,Yes,M,1,Minority,1072.956779650000044,49941.888394200002949
"Block Group 1, Census Tract 916, Suffolk County, Massachusetts",250250916001,N,Boston,1284.000000000000000,282.000000000000000,78.037383180000006,579.000000000000000,93,16.062175750000002,77882.000000000000000,92.293655400000006,0,76298.000000000000000,90.416542050000004, , ,M,Yes,M,1,Minority,1560.078983740000012,99538.986163099994883
"Block Group 2, Census Tract 916, Suffolk County, Massachusetts",250250916002,N,Boston,1250.000000000000000,112.000000000000000,91.040000000000006,252.000000000000000,31,12.301587100000001,0.000000000000000,0.000000000000000,0,76298.000000000000000,90.416542050000004, , ,M,Yes,M,1,Minority,1482.171243539999978,118072.560337999995681
"Block Group 3, Census Tract 916, Suffolk County, Massachusetts",250250916003,N,Boston,666.000000000000000,68.000000000000000,89.789789790000000,203.000000000000000,92,45.320198060000003,17850.000000000000000,21.153049469999999,0,76298.000000000000000,90.416542050000004,I,E,M,Yes,MIE,3,"Minority, income and English isolation",1759.167430429999968,95523.539425299997674
"Block Group 1, Census Tract 917, Suffolk County, Massachusetts",250250917001,N,Boston,1313.000000000000000,128.000000000000000,90.251332829999996,530.000000000000000,46,8.679245000000000,64211.000000000000000,76.092910770000003,0,76298.000000000000000,90.416542050000004, , ,M,Yes,M,1,Minority,1994.058438060000071,156222.394147000013618
"Block Group 2, Census Tract 917, Suffolk County, Massachusetts",250250917002,N,Boston,1123.000000000000000,42.000000000000000,96.260017809999994,319.000000000000000,71,22.257053379999999,53044.000000000000000,62.859512330000001,0,76298.000000000000000,90.416542050000004,I, ,M,Yes,MI,2,Minority and income,1141.825260280000066,78453.720987900000182
"Block Group 2, Census Tract 1005, Suffolk County, Massachusetts",250251005002,N,Boston,1007.000000000000000,419.000000000000000,58.391261170000000,445.000000000000000,19,4.269662860000000,105781.000000000000000,125.355216979999994,0,76298.000000000000000,90.416542050000004, , ,M,Yes,M,1,Minority,1681.185018559999889,187180.529245999990962
"Block Group 3, Census Tract 1005, Suffolk County, Massachusetts",250251005003,N,Boston,1418.000000000000000,189.000000000000000,86.671368119999997,549.000000000000000,164,29.872495650000001,0.000000000000000,0.000000000000000,0,76298.000000000000000,90.416542050000004, ,E,M,Yes,ME,2,Minority and English isolation,1631.851805289999902,135017.731842000008328
"Block Group 4, Census Tract 1005, Suffolk County, Massachusetts",250251005004,N,Boston,1502.000000000000000,52.000000000000000,96.537949400000002,416.000000000000000,37,8.894230840000001,63673.000000000000000,75.455352779999998,0,76298.000000000000000,90.416542050000004, , ,M,Yes,M,1,Minority,2763.504483480000090,245030.967899999988731
"Block Group 1, Census Tract 1006.01, Suffolk County, Massachusetts",250251006011,N,Boston,1027.000000000000000,757.000000000000000,26.290165529999999,374.000000000000000,32,8.556149480000000,97024.000000000000000,114.977783200000005,0,76298.000000000000000,90.416542050000004, , ,M,Yes,M,1,Minority,1669.406057120000014,155959.919087999995099
"Block Group 2, Census Tract 1006.01, Suffolk County, Massachusetts",250251006012,N,Boston,945.000000000000000,576.000000000000000,39.047619050000002,332.000000000000000,0,0.000000000000000,97594.000000000000000,115.653259280000000,0,76298.000000000000000,90.416542050000004, , ,M,Yes,M,1,Minority,1634.635177119999980,148925.459647999989102
"Block Group 1, Census Tract 1.01, Suffolk County, Massachusetts",250250001011,N,Boston,1052.000000000000000,643.000000000000000,38.878326999999999,365.000000000000000,42,11.506849290000000,109028.000000000000000,129.203063960000009,0,76298.000000000000000,90.416542050000004, , ,M,Yes,M,1,Minority,1519.769321179999906,140293.294538999994984
"Block Group 2, Census Tract 8.05, Suffolk County, Massachusetts",250250008052,N,Boston,1136.000000000000000,484.000000000000000,57.394366200000000,310.000000000000000,64,20.645160680000000,44643.000000000000000,52.903953549999997,0,76298.000000000000000,90.416542050000004,I, ,M,Yes,MI,2,Minority and income,1546.785247620000064,108970.004048999995575
"Block Group 1, Census Tract 1.02, Suffolk County, Massachusetts",250250001021,N,Boston,1020.000000000000000,565.000000000000000,44.607843140000000,404.000000000000000,63,15.594058990000001,109762.000000000000000,130.072875979999992,0,76298.000000000000000,90.416542050000004, , ,M,Yes,M,1,Minority,1806.660874440000043,171134.049251999997068
"Block Group 1, Census Tract 6.03, Suffolk County, Massachusetts",250250006031,N,Boston,1757.000000000000000,401.000000000000000,77.177006259999999,783.000000000000000,223,28.480203629999998,25039.000000000000000,29.672334670000001,0,76298.000000000000000,90.416542050000004,I,E,M,Yes,MIE,3,"Minority, income and English isolation",2308.800608259999990,312467.427245999977458
"Block Group 1, Census Tract 711.01, Suffolk County, Massachusetts",250250711011,N,Boston,1540.000000000000000,989.000000000000000,35.779220780000003,537.000000000000000,0,0.000000000000000,108696.000000000000000,128.809616089999992,0,76298.000000000000000,90.416542050000004, , ,M,Yes,M,1,Minority,2221.972056489999886,163096.373683000012534
"Block Group 4, Census Tract 711.01, Suffolk County, Massachusetts",250250711014,N,Boston,659.000000000000000,320.000000000000000,51.441578149999998,331.000000000000000,10,3.021147970000000,88315.000000000000000,104.657226559999998,0,76298.000000000000000,90.416542050000004, , ,M,Yes,M,1,Minority,1169.516877119999890,82093.206802600005176
"Block Group 2, Census Tract 712.01, Suffolk County, Massachusetts",250250712012,N,Boston,1231.000000000000000,651.000000000000000,47.116165719999998,355.000000000000000,61,17.183097839999999,48233.000000000000000,57.158264160000002,0,76298.000000000000000,90.416542050000004,I, ,M,Yes,MI,2,Minority and income,2677.049412630000006,228983.079315000009956
"Block Group 3, Census Tract 712.01, Suffolk County, Massachusetts",250250712013,N,Boston,192.000000000000000,117.000000000000000,39.062500000000000,86.000000000000000,0,0.000000000000000,155595.000000000000000,184.387039179999988,0,76298.000000000000000,90.416542050000004, , ,M,Yes,M,1,Minority,1048.689283740000064,66195.442626000003656
"Block Group 4, Census Tract 712.01, Suffolk County, Massachusetts",250250712014,N,Boston,1078.000000000000000,47.000000000000000,95.640074209999995,662.000000000000000,233,35.196372990000000,17661.000000000000000,20.929075240000000,0,76298.000000000000000,90.416542050000004,I,E,M,Yes,MIE,3,"Minority, income and English isolation",1081.637073460000011,52081.669823199998064
"Block Group 3, Census Tract 917, Suffolk County, Massachusetts",250250917003,N,Boston,767.000000000000000,38.000000000000000,95.045632330000004,130.000000000000000,40,30.769229889999998,51818.000000000000000,61.406646729999999,0,76298.000000000000000,90.416542050000004,I,E,M,Yes,MIE,3,"Minority, income and English isolation",1153.856070170000066,54169.145241400001396
"Block Group 1, Census Tract 918, Suffolk County, Massachusetts",250250918001,N,Boston,1570.000000000000000,98.000000000000000,93.757961780000002,591.000000000000000,50,8.460236549999999,0.000000000000000,0.000000000000000,0,76298.000000000000000,90.416542050000004, , ,M,Yes,M,1,Minority,1671.894071550000035,154567.052969000011217
"Block Group 2, Census Tract 918, Suffolk County, Massachusetts",250250918002,N,Boston,1096.000000000000000,35.000000000000000,96.806569339999996,343.000000000000000,79,23.032070160000000,40966.000000000000000,48.546543120000003,0,76298.000000000000000,90.416542050000004,I, ,M,Yes,MI,2,Minority and income,1529.142582949999905,89281.613194499994279
"Block Group 3, Census Tract 918, Suffolk County, Massachusetts",250250918003,N,Boston,1052.000000000000000,62.000000000000000,94.106463880000007,341.000000000000000,37,10.850440030000000,60938.000000000000000,72.214256289999994,0,76298.000000000000000,90.416542050000004, , ,M,Yes,M,1,Minority,2071.331591109999863,188184.008143000013661
"Block Group 1, Census Tract 919, Suffolk County, Massachusetts",250250919001,N,Boston,959.000000000000000,35.000000000000000,96.350364959999993,241.000000000000000,27,11.203319550000000,26713.000000000000000,31.656099319999999,0,76298.000000000000000,90.416542050000004,I, ,M,Yes,MI,2,Minority and income,1629.281964120000112,141167.794197999988683
"Block Group 1, Census Tract 704.02, Suffolk County, Massachusetts",250250704021,N,Boston,2049.000000000000000,1345.000000000000000,34.358223520000003,877.000000000000000,29,3.306727410000000,126050.000000000000000,149.374893189999995,0,76298.000000000000000,90.416542050000004, , ,M,Yes,M,1,Minority,1437.338859239999920,121638.409794000006514
"Block Group 2, Census Tract 705.02, Suffolk County, Massachusetts",250250705022,N,Boston,2326.000000000000000,789.000000000000000,66.079105760000004,1391.000000000000000,633,45.506828310000003,16046.000000000000000,19.015228270000001,0,76298.000000000000000,90.416542050000004,I,E,M,Yes,MIE,3,"Minority, income and English isolation",1586.870887309999944,125076.659289000002900
"Block Group 1, Census Tract 707, Suffolk County, Massachusetts",250250707001,N,Boston,1236.000000000000000,552.000000000000000,55.339805830000003,581.000000000000000,59,10.154905319999999,37404.000000000000000,44.325412749999998,0,76298.000000000000000,90.416542050000004,I, ,M,Yes,MI,2,Minority and income,1558.399187859999984,87654.946921099995961
"Block Group 2, Census Tract 707, Suffolk County, Massachusetts",250250707002,N,Boston,1291.000000000000000,820.000000000000000,36.483346240000003,884.000000000000000,9,1.018099550000000,132500.000000000000000,157.018432619999999,0,76298.000000000000000,90.416542050000004, , ,M,Yes,M,1,Minority,1286.939103919999980,75031.776140700007090
"Block Group 2, Census Tract 711.01, Suffolk County, Massachusetts",250250711012,N,Boston,916.000000000000000,246.000000000000000,73.144104799999994,537.000000000000000,70,13.035381320000001,111528.000000000000000,132.165664670000012,0,76298.000000000000000,90.416542050000004, , ,M,Yes,M,1,Minority,1330.762599449999925,56577.381592400000955
"Block Group 1, Census Tract 709.02, Suffolk County, Massachusetts",250250709021,N,Boston,1211.000000000000000,550.000000000000000,54.582989269999999,523.000000000000000,85,16.252389910000002,0.000000000000000,0.000000000000000,0,76298.000000000000000,90.416542050000004, , ,M,Yes,M,1,Minority,1113.910805270000083,60925.055594799996470
"Block Group 2, Census Tract 1.02, Suffolk County, Massachusetts",250250001022,N,Boston,2694.000000000000000,1000.000000000000000,62.880475130000001,918.000000000000000,131,14.270152090000000,76591.000000000000000,90.763763429999997,0,76298.000000000000000,90.416542050000004, , ,M,Yes,M,1,Minority,6665.514094430000114,896234.033039000001736
"Block Group 4, Census Tract 2.01, Suffolk County, Massachusetts",250250002014,N,Boston,821.000000000000000,573.000000000000000,30.207064559999999,402.000000000000000,7,1.741293550000000,101818.000000000000000,120.658882140000003,0,76298.000000000000000,90.416542050000004, , ,M,Yes,M,1,Minority,1212.335492420000037,85395.232877999995253
"Block Group 2, Census Tract 101.03, Suffolk County, Massachusetts",250250101032,N,Boston,1200.000000000000000,627.000000000000000,47.750000000000000,51.000000000000000,0,0.000000000000000,0.000000000000000,0.000000000000000,0,76298.000000000000000,90.416542050000004, , ,M,Yes,M,1,Minority,849.922060870999985,41725.988935599998513
"Block Group 2, Census Tract 5.05, Suffolk County, Massachusetts",250250005052,N,Boston,888.000000000000000,538.000000000000000,39.414414409999999,452.000000000000000,44,9.734513280000000,40758.000000000000000,48.300052639999997,0,76298.000000000000000,90.416542050000004,I, ,M,Yes,MI,2,Minority and income,1065.498076609999998,47060.229512700003397
"Block Group 1, Census Tract 801, Suffolk County, Massachusetts",250250801001,N,Boston,2125.000000000000000,543.000000000000000,74.447058819999995,418.000000000000000,74,17.703350069999999,40263.000000000000000,47.713455199999999,0,76298.000000000000000,90.416542050000004,I, ,M,Yes,MI,2,Minority and income,4837.133308899999975,936141.653381000040099
"Block Group 2, Census Tract 801, Suffolk County, Massachusetts",250250801002,N,Boston,775.000000000000000,29.000000000000000,96.258064520000005,293.000000000000000,23,7.849829200000000,50272.000000000000000,59.574569699999998,0,76298.000000000000000,90.416542050000004,I, ,M,Yes,MI,2,Minority and income,1284.346150320000106,90450.722856299995328
"Block Group 1, Census Tract 803, Suffolk County, Massachusetts",250250803001,N,Boston,686.000000000000000,14.000000000000000,97.959183670000002,318.000000000000000,41,12.893081670000001,42617.000000000000000,50.503051759999998,0,76298.000000000000000,90.416542050000004,I, ,M,Yes,MI,2,Minority and income,1403.905345950000083,95347.614045900001656
"Block Group 2, Census Tract 803, Suffolk County, Massachusetts",250250803002,N,Boston,1550.000000000000000,132.000000000000000,91.483870969999998,621.000000000000000,25,4.025764940000000,43935.000000000000000,52.064941410000003,0,76298.000000000000000,90.416542050000004,I, ,M,Yes,MI,2,Minority and income,1756.359614270000066,173466.315230000007432
"Block Group 3, Census Tract 919, Suffolk County, Massachusetts",250250919003,N,Boston,1718.000000000000000,32.000000000000000,98.137369030000002,528.000000000000000,73,13.825757980000001,51806.000000000000000,61.392429350000000,0,76298.000000000000000,90.416542050000004,I, ,M,Yes,MI,2,Minority and income,1891.895859420000079,171787.867777000006754
"Block Group 4, Census Tract 919, Suffolk County, Massachusetts",250250919004,N,Boston,683.000000000000000,18.000000000000000,97.364568079999998,328.000000000000000,92,28.048780440000002,64231.000000000000000,76.116607669999993,0,76298.000000000000000,90.416542050000004, ,E,M,Yes,ME,2,Minority and English isolation,1019.467365749999999,69065.875815299994429
"Block Group 1, Census Tract 920, Suffolk County, Massachusetts",250250920001,N,Boston,1354.000000000000000,131.000000000000000,90.324963069999995,544.000000000000000,138,25.367647170000001,53750.000000000000000,63.696155550000000,0,76298.000000000000000,90.416542050000004,I,E,M,Yes,MIE,3,"Minority, income and English isolation",1609.041237800000090,120367.450402000002214
"Block Group 2, Census Tract 920, Suffolk County, Massachusetts",250250920002,N,Boston,1823.000000000000000,158.000000000000000,91.332967640000007,668.000000000000000,62,9.281436920000001,64211.000000000000000,76.092910770000003,0,76298.000000000000000,90.416542050000004, , ,M,Yes,M,1,Minority,2408.727686209999774,180662.972306000010576
"Block Group 3, Census Tract 920, Suffolk County, Massachusetts",250250920003,N,Boston,981.000000000000000,71.000000000000000,92.762487260000000,230.000000000000000,32,13.913043020000000,76905.000000000000000,91.135864260000005,0,76298.000000000000000,90.416542050000004, , ,M,Yes,M,1,Minority,2083.792089319999832,112763.648920000006910
"Block Group 4, Census Tract 921.01, Suffolk County, Massachusetts",250250921014,N,Boston,1021.000000000000000,247.000000000000000,75.808031339999999,352.000000000000000,149,42.329544069999997,41324.000000000000000,48.970787049999998,0,76298.000000000000000,90.416542050000004,I,E,M,Yes,MIE,3,"Minority, income and English isolation",2237.778867340000033,227438.571284000005107
"Block Group 5, Census Tract 921.01, Suffolk County, Massachusetts",250250921015,N,Boston,2590.000000000000000,533.000000000000000,79.420849419999996,1171.000000000000000,168,14.346712110000000,57285.000000000000000,67.885284420000005,0,76298.000000000000000,90.416542050000004, , ,M,Yes,M,1,Minority,2069.191100850000112,212627.892041999992216
"Block Group 3, Census Tract 921.01, Suffolk County, Massachusetts",250250921013,N,Boston,914.000000000000000,453.000000000000000,50.437636759999997,216.000000000000000,0,0.000000000000000,103359.000000000000000,122.485038759999995,0,76298.000000000000000,90.416542050000004, , ,M,Yes,M,1,Minority,4428.142751139999746,570273.052036999957636
"Block Group 5, Census Tract 924, Suffolk County, Massachusetts",250250924005,N,Boston,779.000000000000000,34.000000000000000,95.635430040000003,287.000000000000000,79,27.526132579999999,0.000000000000000,0.000000000000000,0,76298.000000000000000,90.416542050000004, ,E,M,Yes,ME,2,Minority and English isolation,1118.219135750000078,70838.567898099994636
"Block Group 1, Census Tract 1002, Suffolk County, Massachusetts",250251002001,N,Boston,1059.000000000000000,24.000000000000000,97.733711049999997,441.000000000000000,73,16.553287510000001,66195.000000000000000,78.444038390000003,0,76298.000000000000000,90.416542050000004, , ,M,Yes,M,1,Minority,1771.267704419999973,137710.329763999994611
"Block Group 2, Census Tract 203.04, Suffolk County, Massachusetts",250250203042,N,Boston,623.000000000000000,334.000000000000000,46.388443019999997,119.000000000000000,8,6.722689150000000,170417.000000000000000,201.951766969999994,0,76298.000000000000000,90.416542050000004, , ,M,Yes,M,1,Minority,1455.525000690000070,105702.829639999996289
"Block Group 3, Census Tract 5.05, Suffolk County, Massachusetts",250250005053,N,Boston,499.000000000000000,337.000000000000000,32.464929859999998,214.000000000000000,23,10.747663500000000,73333.000000000000000,85.426887510000000,1,76298.000000000000000,90.416542050000004, , ,M,Yes,M,1,Minority,946.032736302999979,54764.766831799999636
"Block Group 1, Census Tract 6.04, Suffolk County, Massachusetts",250250006041,N,Boston,1519.000000000000000,764.000000000000000,49.703752469999998,591.000000000000000,133,22.504230499999998,50869.000000000000000,60.282039640000001,0,76298.000000000000000,90.416542050000004,I, ,M,Yes,MI,2,Minority and income,1673.984632870000041,164752.704541000013705
"Block Group 3, Census Tract 304, Suffolk County, Massachusetts",250250304003,N,Boston,978.000000000000000,844.000000000000000,13.701431489999999,765.000000000000000,221,28.888889310000000,72335.000000000000000,85.720207209999998,1,76298.000000000000000,90.416542050000004, ,E, ,Yes,E,1,English isolation,886.486662442000011,42561.952919499999552
"Block Group 2, Census Tract 6.04, Suffolk County, Massachusetts",250250006042,N,Boston,1072.000000000000000,613.000000000000000,42.817164179999999,538.000000000000000,152,28.252788540000001,57237.000000000000000,67.828407290000001,0,76298.000000000000000,90.416542050000004, ,E,M,Yes,ME,2,Minority and English isolation,1669.043126540000003,122293.630248000001302
"Block Group 4, Census Tract 7.01, Suffolk County, Massachusetts",250250007014,N,Boston,1511.000000000000000,783.000000000000000,48.180013240000001,674.000000000000000,146,21.661720280000001,68333.000000000000000,80.977661130000001,0,76298.000000000000000,90.416542050000004, , ,M,Yes,M,1,Minority,1251.122899980000057,65446.991016300002229
"Block Group 1, Census Tract 804.01, Suffolk County, Massachusetts",250250804011,N,Boston,1910.000000000000000,267.000000000000000,86.020942410000004,710.000000000000000,27,3.802816870000000,31136.000000000000000,36.897552490000002,0,76298.000000000000000,90.416542050000004,I, ,M,Yes,MI,2,Minority and income,2668.791718020000189,294575.151788000017405
"Block Group 2, Census Tract 804.01, Suffolk County, Massachusetts",250250804012,N,Boston,1481.000000000000000,85.000000000000000,94.260634710000005,634.000000000000000,230,36.277603149999997,16339.000000000000000,19.362445829999999,0,76298.000000000000000,90.416542050000004,I,E,M,Yes,MIE,3,"Minority, income and English isolation",1781.628709840000056,145701.620987000002060
"Block Group 1, Census Tract 806.01, Suffolk County, Massachusetts",250250806011,N,Boston,4013.000000000000000,1650.000000000000000,58.883628209999998,363.000000000000000,55,15.151515010000001,25721.000000000000000,30.480535509999999,0,76298.000000000000000,90.416542050000004,I, ,M,Yes,MI,2,Minority and income,2986.318184910000127,231236.314039999997476
"Block Group 1, Census Tract 809, Suffolk County, Massachusetts",250250809001,N,Boston,1330.000000000000000,430.000000000000000,67.669172930000002,809.000000000000000,32,3.955500600000000,58542.000000000000000,69.374885559999996,0,76298.000000000000000,90.416542050000004, , ,M,Yes,M,1,Minority,939.177794272000028,40882.354191099999298
"Block Group 2, Census Tract 921.01, Suffolk County, Massachusetts",250250921012,N,Boston,1238.000000000000000,161.000000000000000,86.995153470000005,299.000000000000000,110,36.789299010000001,79375.000000000000000,94.062927250000001,0,76298.000000000000000,90.416542050000004, ,E,M,Yes,ME,2,Minority and English isolation,1821.791271690000031,174647.715003999997862
"Block Group 1, Census Tract 922, Suffolk County, Massachusetts",250250922001,N,Boston,972.000000000000000,186.000000000000000,80.864197529999998,282.000000000000000,36,12.765957830000000,107237.000000000000000,127.080642699999999,0,76298.000000000000000,90.416542050000004, , ,M,Yes,M,1,Minority,1820.385510770000110,195390.881660999992164
"Block Group 2, Census Tract 922, Suffolk County, Massachusetts",250250922002,N,Boston,856.000000000000000,200.000000000000000,76.635514020000002,286.000000000000000,8,2.797202830000000,119531.000000000000000,141.649581909999995,0,76298.000000000000000,90.416542050000004, , ,M,Yes,M,1,Minority,1373.904795200000081,106848.634669999999460
"Block Group 3, Census Tract 922, Suffolk County, Massachusetts",250250922003,N,Boston,812.000000000000000,176.000000000000000,78.325123149999996,297.000000000000000,34,11.447811130000000,64293.000000000000000,76.190078740000004,0,76298.000000000000000,90.416542050000004, , ,M,Yes,M,1,Minority,1723.486845959999982,124875.841157999995630
"Block Group 4, Census Tract 922, Suffolk County, Massachusetts",250250922004,N,Boston,962.000000000000000,189.000000000000000,80.353430349999996,261.000000000000000,10,3.831417560000000,37933.000000000000000,44.952301030000001,0,76298.000000000000000,90.416542050000004,I, ,M,Yes,MI,2,Minority and income,1719.403926239999919,155368.872463000006974
"Block Group 1, Census Tract 923, Suffolk County, Massachusetts",250250923001,N,Boston,781.000000000000000,31.000000000000000,96.030729829999999,306.000000000000000,25,8.169934270000001,76786.000000000000000,90.994842530000000,0,76298.000000000000000,90.416542050000004, , ,M,Yes,M,1,Minority,1411.963582769999903,107196.708062999998219
"Block Group 1, Census Tract 906, Suffolk County, Massachusetts",250250906001,N,Boston,1099.000000000000000,78.000000000000000,92.902638760000002,388.000000000000000,103,26.546392440000002,45714.000000000000000,54.173133849999999,0,76298.000000000000000,90.416542050000004,I,E,M,Yes,MIE,3,"Minority, income and English isolation",1447.842621839999993,116333.523830999998609
"Block Group 1, Census Tract 907, Suffolk County, Massachusetts",250250907001,N,Boston,1171.000000000000000,680.000000000000000,41.929974379999997,352.000000000000000,20,5.681818010000000,156034.000000000000000,184.907272339999992,0,76298.000000000000000,90.416542050000004, , ,M,Yes,M,1,Minority,2237.044221269999980,225555.041709000011906
"Block Group 3, Census Tract 907, Suffolk County, Massachusetts",250250907003,N,Boston,1178.000000000000000,680.000000000000000,42.275042440000000,406.000000000000000,66,16.256156919999999,70795.000000000000000,83.895240779999995,0,76298.000000000000000,90.416542050000004, , ,M,Yes,M,1,Minority,1464.584102690000009,117667.529504000005545
"Block Group 4, Census Tract 907, Suffolk County, Massachusetts",250250907004,N,Boston,1064.000000000000000,573.000000000000000,46.146616539999997,269.000000000000000,37,13.754647250000000,157607.000000000000000,186.771347050000003,0,76298.000000000000000,90.416542050000004, , ,M,Yes,M,1,Minority,3410.061527129999831,623345.161613999982364
"Block Group 1, Census Tract 7.03, Suffolk County, Massachusetts",250250007031,N,Boston,1045.000000000000000,476.000000000000000,54.449760769999997,501.000000000000000,20,3.992016080000000,34871.000000000000000,41.323696140000003,0,76298.000000000000000,90.416542050000004,I, ,M,Yes,MI,2,Minority and income,1976.816443559999925,72950.505952399995294
"Block Group 2, Census Tract 8.04, Suffolk County, Massachusetts",250250008042,N,Boston,1786.000000000000000,849.000000000000000,52.463605819999998,584.000000000000000,17,2.910959010000000,106250.000000000000000,125.911003109999996,0,76298.000000000000000,90.416542050000004, , ,M,Yes,M,1,Minority,2818.299683499999901,319724.170759000000544
"Block Group 1, Census Tract 8.05, Suffolk County, Massachusetts",250250008051,N,Boston,1797.000000000000000,919.000000000000000,48.859209790000001,587.000000000000000,108,18.398637770000001,59792.000000000000000,70.856193540000007,0,76298.000000000000000,90.416542050000004, , ,M,Yes,M,1,Minority,1701.729188179999937,121944.888519999993150
"Block Group 3, Census Tract 8.05, Suffolk County, Massachusetts",250250008053,N,Boston,1683.000000000000000,791.000000000000000,53.000594180000000,461.000000000000000,109,23.644250870000000,27314.000000000000000,32.368312840000002,0,76298.000000000000000,90.416542050000004,I, ,M,Yes,MI,2,Minority and income,1900.155374669999901,138939.234648999990895
"Block Group 2, Census Tract 810.01, Suffolk County, Massachusetts",250250810012,N,Boston,1445.000000000000000,650.000000000000000,55.017301040000000,556.000000000000000,37,6.654676440000000,45395.000000000000000,53.795104979999998,0,76298.000000000000000,90.416542050000004,I, ,M,Yes,MI,2,Minority and income,1550.476231000000098,85255.510120199993253
"Block Group 4, Census Tract 810.01, Suffolk County, Massachusetts",250250810014,N,Boston,1896.000000000000000,389.000000000000000,79.483122359999996,683.000000000000000,219,32.064422610000001,16648.000000000000000,19.728624340000000,0,76298.000000000000000,90.416542050000004,I,E,M,Yes,MIE,3,"Minority, income and English isolation",1625.707295729999942,88071.922645400001784
"Block Group 5, Census Tract 810.01, Suffolk County, Massachusetts",250250810015,N,Boston,548.000000000000000,86.000000000000000,84.306569339999996,314.000000000000000,50,15.923566820000000,0.000000000000000,0.000000000000000,0,76298.000000000000000,90.416542050000004, , ,M,Yes,M,1,Minority,2403.425431959999969,275959.235027000016998
"Block Group 1, Census Tract 811.01, Suffolk County, Massachusetts",250250811011,N,Boston,372.000000000000000,200.000000000000000,46.236559139999997,273.000000000000000,47,17.216117860000001,77702.000000000000000,90.516410829999998,1,76298.000000000000000,90.416542050000004, , ,M,Yes,M,1,Minority,637.885200379000025,23523.282306500001141
"Block Group 2, Census Tract 923, Suffolk County, Massachusetts",250250923002,N,Boston,784.000000000000000,33.000000000000000,95.790816329999998,199.000000000000000,24,12.060301780000000,56250.000000000000000,66.658767699999999,0,76298.000000000000000,90.416542050000004, , ,M,Yes,M,1,Minority,1165.814568810000083,78405.933745799993630
"Block Group 3, Census Tract 923, Suffolk County, Massachusetts",250250923003,N,Boston,1071.000000000000000,38.000000000000000,96.451914099999996,398.000000000000000,12,3.015075450000000,55313.000000000000000,65.548377990000006,0,76298.000000000000000,90.416542050000004, , ,M,Yes,M,1,Minority,1323.794711600000028,96984.950725200003944
"Block Group 4, Census Tract 923, Suffolk County, Massachusetts",250250923004,N,Boston,665.000000000000000,17.000000000000000,97.443609019999997,164.000000000000000,44,26.829267500000000,64107.000000000000000,75.969665530000000,0,76298.000000000000000,90.416542050000004, ,E,M,Yes,ME,2,Minority and English isolation,1004.394559060000006,60365.664462599997933
"Block Group 1, Census Tract 924, Suffolk County, Massachusetts",250250924001,N,Boston,820.000000000000000,34.000000000000000,95.853658539999998,214.000000000000000,51,23.831775669999999,56172.000000000000000,66.566329960000004,0,76298.000000000000000,90.416542050000004, , ,M,Yes,M,1,Minority,1586.120913819999942,85539.106981100005214
"Block Group 2, Census Tract 924, Suffolk County, Massachusetts",250250924002,N,Boston,1223.000000000000000,55.000000000000000,95.502861820000007,225.000000000000000,17,7.555555340000000,21595.000000000000000,25.591041560000001,0,76298.000000000000000,90.416542050000004,I, ,M,Yes,MI,2,Minority and income,1578.443242970000028,127718.419458000003942
"Block Group 3, Census Tract 924, Suffolk County, Massachusetts",250250924003,N,Boston,1811.000000000000000,48.000000000000000,97.349530650000005,812.000000000000000,89,10.960591320000001,45843.000000000000000,54.326004030000000,0,76298.000000000000000,90.416542050000004,I, ,M,Yes,MI,2,Minority and income,1934.981668979999995,183576.287057000008645
"Block Group 1, Census Tract 805, Suffolk County, Massachusetts",250250805001,N,Boston,1198.000000000000000,192.000000000000000,83.973288810000000,485.000000000000000,38,7.835051540000000,56250.000000000000000,66.658767699999999,0,76298.000000000000000,90.416542050000004, , ,M,Yes,M,1,Minority,1863.744363329999942,104116.864180000004126
"Block Group 2, Census Tract 805, Suffolk County, Massachusetts",250250805002,N,Boston,2090.000000000000000,116.000000000000000,94.449760769999997,1041.000000000000000,271,26.032661439999998,24094.000000000000000,28.552467350000001,0,76298.000000000000000,90.416542050000004,I,E,M,Yes,MIE,3,"Minority, income and English isolation",1617.977100099999916,139942.785161000007065
"Block Group 3, Census Tract 806.01, Suffolk County, Massachusetts",250250806013,N,Boston,561.000000000000000,87.000000000000000,84.491978610000004,251.000000000000000,68,27.091632839999999,8531.000000000000000,10.109616279999999,0,76298.000000000000000,90.416542050000004,I,E,M,Yes,MIE,3,"Minority, income and English isolation",1938.319159200000058,115564.176078000004054
"Block Group 1, Census Tract 808.01, Suffolk County, Massachusetts",250250808011,N,Boston,2384.000000000000000,1164.000000000000000,51.174496640000001,493.000000000000000,88,17.849899290000000,13325.000000000000000,15.790720940000000,0,76298.000000000000000,90.416542050000004,I, ,M,Yes,MI,2,Minority and income,2288.155913869999949,196269.553458000009414
"Block Group 2, Census Tract 8.06, Suffolk County, Massachusetts",250250008062,N,Boston,1901.000000000000000,919.000000000000000,51.657022619999999,615.000000000000000,11,1.788617850000000,53713.000000000000000,63.652309420000002,0,76298.000000000000000,90.416542050000004,I, ,M,Yes,MI,2,Minority and income,5063.121967549999681,846920.849619999993593
"Block Group 1, Census Tract 8.07, Suffolk County, Massachusetts",250250008071,N,Boston,2282.000000000000000,1225.000000000000000,46.319018399999997,0.000000000000000,0,0.000000000000000,0.000000000000000,0.000000000000000,0,76298.000000000000000,90.416542050000004, , ,M,Yes,M,1,Minority,2314.795427189999828,218578.012232000008225
"Block Group 1, Census Tract 101.04, Suffolk County, Massachusetts",250250101041,N,Boston,1398.000000000000000,991.000000000000000,29.113018600000000,705.000000000000000,0,0.000000000000000,90917.000000000000000,107.740715030000004,0,76298.000000000000000,90.416542050000004, , ,M,Yes,M,1,Minority,1388.461528690000023,98877.627051200004644
"Block Group 2, Census Tract 811.01, Suffolk County, Massachusetts",250250811012,N,Boston,1112.000000000000000,606.000000000000000,45.503597120000002,355.000000000000000,33,9.295774460000001,83472.000000000000000,98.918052669999994,0,76298.000000000000000,90.416542050000004, , ,M,Yes,M,1,Minority,1917.031919999999900,94249.916235600001528
"Block Group 1, Census Tract 811.02, Suffolk County, Massachusetts",250250811021,N,Boston,1572.000000000000000,673.000000000000000,57.188295170000004,395.000000000000000,83,21.012659070000002,41591.000000000000000,48.450077059999998,1,76298.000000000000000,90.416542050000004,I, ,M,Yes,MI,2,Minority and income,2230.344556370000191,254564.030548999988241
"Block Group 2, Census Tract 811.02, Suffolk County, Massachusetts",250250811022,N,Boston,1593.000000000000000,575.000000000000000,63.904582550000001,850.000000000000000,316,37.176471710000001,74295.000000000000000,88.042900090000003,0,76298.000000000000000,90.416542050000004, ,E,M,Yes,ME,2,Minority and English isolation,1885.338105779999978,122279.765031999995699
"Block Group 1, Census Tract 812, Suffolk County, Massachusetts",250250812001,N,Boston,1393.000000000000000,507.000000000000000,63.603732950000001,526.000000000000000,93,17.680608750000001,70956.000000000000000,84.086036680000007,0,76298.000000000000000,90.416542050000004, , ,M,Yes,M,1,Minority,1558.876154020000058,116335.827707000004011
"Block Group 4, Census Tract 924, Suffolk County, Massachusetts",250250924004,N,Boston,1434.000000000000000,10.000000000000000,99.302649930000001,561.000000000000000,46,8.199643139999999,22168.000000000000000,26.270071030000000,0,76298.000000000000000,90.416542050000004,I, ,M,Yes,MI,2,Minority and income,1418.732042979999960,126776.002496000000974
"Block Group 1, Census Tract 1001, Suffolk County, Massachusetts",250251001001,N,Boston,611.000000000000000,27.000000000000000,95.581014730000007,233.000000000000000,0,0.000000000000000,0.000000000000000,0.000000000000000,0,76298.000000000000000,90.416542050000004, , ,M,Yes,M,1,Minority,1908.631343680000100,194985.401126000011573
"Block Group 2, Census Tract 1001, Suffolk County, Massachusetts",250251001002,N,Boston,735.000000000000000,9.000000000000000,98.775510199999999,265.000000000000000,21,7.924528120000000,35424.000000000000000,41.979022980000003,0,76298.000000000000000,90.416542050000004,I, ,M,Yes,MI,2,Minority and income,1437.520826709999938,80642.430699599994114
"Block Group 3, Census Tract 1001, Suffolk County, Massachusetts",250251001003,N,Boston,984.000000000000000,30.000000000000000,96.951219510000001,410.000000000000000,37,9.024390220000001,44615.000000000000000,52.870769500000002,0,76298.000000000000000,90.416542050000004,I, ,M,Yes,MI,2,Minority and income,1792.266999579999947,129554.586899999994785
"Block Group 4, Census Tract 1001, Suffolk County, Massachusetts",250251001004,N,Boston,1008.000000000000000,31.000000000000000,96.924603169999997,254.000000000000000,46,18.110237120000001,54949.000000000000000,65.117019650000003,0,76298.000000000000000,90.416542050000004,I, ,M,Yes,MI,2,Minority and income,1536.181002889999945,96666.183005099999718
"Block Group 5, Census Tract 1001, Suffolk County, Massachusetts",250251001005,N,Boston,689.000000000000000,28.000000000000000,95.936139330000003,200.000000000000000,0,0.000000000000000,26331.000000000000000,31.203413009999998,0,76298.000000000000000,90.416542050000004,I, ,M,Yes,MI,2,Minority and income,1082.552236980000089,62359.674342699996487
"Block Group 2, Census Tract 1002, Suffolk County, Massachusetts",250251002002,N,Boston,727.000000000000000,12.000000000000000,98.349381019999996,178.000000000000000,0,0.000000000000000,42232.000000000000000,50.046810149999999,0,76298.000000000000000,90.416542050000004,I, ,M,Yes,MI,2,Minority and income,1544.553348509999978,80947.395802700004424
"Block Group 3, Census Tract 1002, Suffolk County, Massachusetts",250251002003,N,Boston,1133.000000000000000,10.000000000000000,99.117387469999997,449.000000000000000,30,6.681514260000000,61181.000000000000000,72.502220149999999,0,76298.000000000000000,90.416542050000004, , ,M,Yes,M,1,Minority,1852.339410710000038,131959.940000000002328
"Block Group 1, Census Tract 1003, Suffolk County, Massachusetts",250251003001,N,Boston,1288.000000000000000,54.000000000000000,95.807453420000002,535.000000000000000,31,5.794392590000000,70351.000000000000000,83.369079589999998,0,76298.000000000000000,90.416542050000004, , ,M,Yes,M,1,Minority,2038.353741410000112,175583.383991000009701
"Block Group 3, Census Tract 1003, Suffolk County, Massachusetts",250251003003,N,Boston,842.000000000000000,35.000000000000000,95.843230399999996,307.000000000000000,20,6.514657970000000,72232.000000000000000,85.598152159999998,0,76298.000000000000000,90.416542050000004, , ,M,Yes,M,1,Minority,1316.262891099999933,106129.562583000006271
"Block Group 4, Census Tract 1003, Suffolk County, Massachusetts",250251003004,N,Boston,733.000000000000000,11.000000000000000,98.499317869999999,300.000000000000000,27,9.000000000000000,29954.000000000000000,35.496829990000002,0,76298.000000000000000,90.416542050000004,I, ,M,Yes,MI,2,Minority and income,1624.380438760000061,104354.730364000002737
"Block Group 3, Census Tract 101.04, Suffolk County, Massachusetts",250250101043,N,Boston,1162.000000000000000,640.000000000000000,44.922547330000000,529.000000000000000,118,22.306238170000000,26463.000000000000000,31.359838490000001,0,76298.000000000000000,90.416542050000004,I, ,M,Yes,MI,2,Minority and income,1914.922517649999918,103520.613486000002013
"Block Group 2, Census Tract 104.04, Suffolk County, Massachusetts",250250104042,N,Boston,1861.000000000000000,1085.000000000000000,41.698011819999998,247.000000000000000,56,22.672063829999999,28250.000000000000000,33.477512359999999,0,76298.000000000000000,90.416542050000004,I, ,M,Yes,MI,2,Minority and income,869.592705445999968,38375.841241100002662
"Block Group 3, Census Tract 104.04, Suffolk County, Massachusetts",250250104043,N,Boston,1403.000000000000000,686.000000000000000,51.104775480000001,526.000000000000000,66,12.547528270000001,19583.000000000000000,23.206731800000000,0,76298.000000000000000,90.416542050000004,I, ,M,Yes,MI,2,Minority and income,842.576538365000033,26565.739716399999452
"Block Group 1, Census Tract 203.05, Suffolk County, Massachusetts",250250203051,N,Boston,1378.000000000000000,863.000000000000000,37.373004350000002,174.000000000000000,0,0.000000000000000,154357.000000000000000,179.813140870000012,1,76298.000000000000000,90.416542050000004, , ,M,Yes,M,1,Minority,2512.845405040000060,294311.322165000019595
"Block Group 1, Census Tract 404.01, Suffolk County, Massachusetts",250250404011,N,Boston,1957.000000000000000,1383.000000000000000,29.330608070000000,933.000000000000000,61,6.538049220000000,86734.000000000000000,102.783668520000006,0,76298.000000000000000,90.416542050000004, , ,M,Yes,M,1,Minority,1678.774303890000056,121173.119414000000688
"Block Group 3, Census Tract 812, Suffolk County, Massachusetts",250250812003,N,Boston,621.000000000000000,11.000000000000000,98.228663449999999,174.000000000000000,28,16.091953279999998,13462.000000000000000,15.953072550000000,0,76298.000000000000000,90.416542050000004,I, ,M,Yes,MI,2,Minority and income,1172.514790780000112,75801.927689200005261
"Block Group 1, Census Tract 813.01, Suffolk County, Massachusetts",250250813011,N,Boston,767.000000000000000,95.000000000000000,87.614080830000006,222.000000000000000,87,39.189189910000003,17391.000000000000000,20.259077070000000,1,76298.000000000000000,90.416542050000004,I,E,M,Yes,MIE,3,"Minority, income and English isolation",1032.008668599999964,50674.128194700002496
"Block Group 2, Census Tract 813.01, Suffolk County, Massachusetts",250250813012,N,Boston,1627.000000000000000,241.000000000000000,85.187461589999998,826.000000000000000,334,40.435836790000003,13811.000000000000000,16.088672639999999,1,76298.000000000000000,90.416542050000004,I,E,M,Yes,MIE,3,"Minority, income and English isolation",2357.050849409999955,184968.678331000002800
"Block Group 1, Census Tract 813.02, Suffolk County, Massachusetts",250250813021,N,Boston,1121.000000000000000,40.000000000000000,96.431757360000006,532.000000000000000,128,24.060150149999998,22524.000000000000000,26.691947939999999,0,76298.000000000000000,90.416542050000004,I, ,M,Yes,MI,2,Minority and income,1186.371102800000017,84494.780054999995627
"Block Group 2, Census Tract 813.02, Suffolk County, Massachusetts",250250813022,N,Boston,1959.000000000000000,215.000000000000000,89.025012759999996,614.000000000000000,85,13.843647960000000,0.000000000000000,0.000000000000000,0,76298.000000000000000,90.416542050000004, , ,M,Yes,M,1,Minority,2718.697247479999987,260162.616083000000799
"Block Group 6, Census Tract 1001, Suffolk County, Massachusetts",250251001006,N,Boston,868.000000000000000,13.000000000000000,98.502304150000001,469.000000000000000,12,2.558635470000000,25188.000000000000000,29.848907470000000,0,76298.000000000000000,90.416542050000004,I, ,M,Yes,MI,2,Minority and income,2876.007900179999979,282458.743928999989294
"Block Group 7, Census Tract 1001, Suffolk County, Massachusetts",250251001007,N,Boston,827.000000000000000,13.000000000000000,98.428053199999994,269.000000000000000,47,17.472118380000001,0.000000000000000,0.000000000000000,0,76298.000000000000000,90.416542050000004, , ,M,Yes,M,1,Minority,2324.370871579999857,190728.080645000009099
"Block Group 2, Census Tract 1003, Suffolk County, Massachusetts",250251003002,N,Boston,874.000000000000000,28.000000000000000,96.796338669999997,201.000000000000000,8,3.980099440000000,52171.000000000000000,61.824970250000000,0,76298.000000000000000,90.416542050000004,I, ,M,Yes,MI,2,Minority and income,1386.671029390000058,105777.643597000002046
"Block Group 2, Census Tract 511.01, Suffolk County, Massachusetts",250250511012,N,Boston,1831.000000000000000,582.000000000000000,68.214090659999997,1075.000000000000000,311,28.930233000000001,48707.000000000000000,57.719974520000001,0,76298.000000000000000,90.416542050000004,I,E,M,Yes,MIE,3,"Minority, income and English isolation",2452.868151659999967,284602.043463999987580
"Block Group 1, Census Tract 909.01, Suffolk County, Massachusetts",250250909011,N,Boston,1403.000000000000000,349.000000000000000,75.124732719999997,605.000000000000000,175,28.925619130000001,26827.000000000000000,31.791194919999999,0,76298.000000000000000,90.416542050000004,I,E,M,Yes,MIE,3,"Minority, income and English isolation",2499.504793860000063,328859.652311999991070
"Block Group 2, Census Tract 910.01, Suffolk County, Massachusetts",250250910012,N,Boston,796.000000000000000,355.000000000000000,55.402010050000001,229.000000000000000,36,15.720523829999999,0.000000000000000,0.000000000000000,0,76298.000000000000000,90.416542050000004, , ,M,Yes,M,1,Minority,3404.125375749999876,347725.469725999981165
"Block Group 2, Census Tract 911, Suffolk County, Massachusetts",250250911002,N,Boston,1195.000000000000000,731.000000000000000,38.828451880000003,625.000000000000000,61,9.760000229999999,82900.000000000000000,98.240211489999993,0,76298.000000000000000,90.416542050000004, , ,M,Yes,M,1,Minority,1399.100028840000050,99671.998731700005010
"Block Group 1, Census Tract 910.01, Suffolk County, Massachusetts",250250910011,N,Boston,645.000000000000000,130.000000000000000,79.844961240000003,297.000000000000000,126,42.424243930000003,0.000000000000000,0.000000000000000,0,76298.000000000000000,90.416542050000004, ,E,M,Yes,ME,2,Minority and English isolation,1611.217712639999945,96897.787679000000935
"Block Group 1, Census Tract 406, Suffolk County, Massachusetts",250250406001,N,Boston,1760.000000000000000,1273.000000000000000,27.670454549999999,741.000000000000000,0,0.000000000000000,127344.000000000000000,150.908340449999997,0,76298.000000000000000,90.416542050000004, , ,M,Yes,M,1,Minority,8917.510833189999175,1678873.893930000020191
"Block Group 2, Census Tract 501.01, Suffolk County, Massachusetts",250250501012,N,Boston,1389.000000000000000,328.000000000000000,76.385889129999995,616.000000000000000,231,37.500000000000000,22910.000000000000000,27.149374009999999,0,76298.000000000000000,90.416542050000004,I,E,M,Yes,MIE,3,"Minority, income and English isolation",2532.019539150000128,298684.433284000027925
"Block Group 1, Census Tract 502, Suffolk County, Massachusetts",250250502001,N,Boston,2140.000000000000000,580.000000000000000,72.897196260000001,674.000000000000000,89,13.204748150000000,67564.000000000000000,80.066360470000006,0,76298.000000000000000,90.416542050000004, , ,M,Yes,M,1,Minority,1359.491812709999977,96792.389108300005319
"Block Group 2, Census Tract 502, Suffolk County, Massachusetts",250250502002,N,Boston,1238.000000000000000,440.000000000000000,64.458804520000001,653.000000000000000,157,24.042879100000000,76635.000000000000000,90.815902710000003,0,76298.000000000000000,90.416542050000004, , ,M,Yes,M,1,Minority,1677.462892560000000,73442.725439300003927
"Block Group 4, Census Tract 502, Suffolk County, Massachusetts",250250502004,N,Boston,1031.000000000000000,221.000000000000000,78.564500480000007,307.000000000000000,164,53.420196529999998,63438.000000000000000,75.176864620000003,0,76298.000000000000000,90.416542050000004, ,E,M,Yes,ME,2,Minority and English isolation,1058.441033580000067,43289.856112000001303
"Block Group 3, Census Tract 503, Suffolk County, Massachusetts",250250503003,N,Boston,1006.000000000000000,427.000000000000000,57.554671970000001,724.000000000000000,178,24.585636139999998,12013.000000000000000,14.235942840000000,0,76298.000000000000000,90.416542050000004,I,E,M,Yes,MIE,3,"Minority, income and English isolation",1824.053073490000088,179067.944351999991341
"Block Group 2, Census Tract 504, Suffolk County, Massachusetts",250250504002,N,Boston,1769.000000000000000,927.000000000000000,47.597512719999997,837.000000000000000,167,19.952209470000000,80268.000000000000000,95.121170039999996,0,76298.000000000000000,90.416542050000004, , ,M,Yes,M,1,Minority,1202.226225280000108,93316.199181599993608
"Block Group 1, Census Tract 408.01, Suffolk County, Massachusetts",250250408011,N,Boston,1190.000000000000000,157.000000000000000,86.806722690000001,557.000000000000000,135,24.236984249999999,12116.000000000000000,14.358001710000000,0,76298.000000000000000,90.416542050000004,I, ,M,Yes,MI,2,Minority and income,1018.661345620000020,59650.966056999997818
"Block Group 1, Census Tract 814, Suffolk County, Massachusetts",250250814001,N,Boston,820.000000000000000,207.000000000000000,74.756097560000001,207.000000000000000,0,0.000000000000000,49205.000000000000000,58.310127260000002,0,76298.000000000000000,90.416542050000004,I, ,M,Yes,MI,2,Minority and income,1877.075423250000085,127944.280171999998856
"Block Group 2, Census Tract 814, Suffolk County, Massachusetts",250250814002,N,Boston,1009.000000000000000,402.000000000000000,60.158572839999998,334.000000000000000,0,0.000000000000000,97250.000000000000000,115.245597840000002,0,76298.000000000000000,90.416542050000004, , ,M,Yes,M,1,Minority,2900.554166500000065,226696.288648999994621
"Block Group 3, Census Tract 814, Suffolk County, Massachusetts",250250814003,N,Boston,1401.000000000000000,362.000000000000000,74.161313350000000,567.000000000000000,118,20.811286930000001,43151.000000000000000,51.135864259999998,0,76298.000000000000000,90.416542050000004,I, ,M,Yes,MI,2,Minority and income,1699.976778810000042,174733.352421999996295
"Block Group 4, Census Tract 814, Suffolk County, Massachusetts",250250814004,N,Boston,544.000000000000000,201.000000000000000,63.051470590000001,151.000000000000000,0,0.000000000000000,37656.000000000000000,44.624046329999999,0,76298.000000000000000,90.416542050000004,I, ,M,Yes,MI,2,Minority and income,1863.294898580000108,91067.820080399993458
"Block Group 2, Census Tract 808.01, Suffolk County, Massachusetts",250250808012,N,Boston,1898.000000000000000,74.000000000000000,96.101159109999998,648.000000000000000,93,14.351851460000001,33629.000000000000000,39.851867679999998,0,76298.000000000000000,90.416542050000004,I, ,M,Yes,MI,2,Minority and income,1747.852018329999964,168599.464073000010103
"Block Group 1, Census Tract 512, Suffolk County, Massachusetts",250250512001,N,Boston,833.000000000000000,521.000000000000000,37.454981990000000,327.000000000000000,84,25.688074109999999,150313.000000000000000,178.127624510000004,0,76298.000000000000000,90.416542050000004, ,E,M,Yes,ME,2,Minority and English isolation,5666.833207210000182,727454.493902000016533
"Block Group 2, Census Tract 512, Suffolk County, Massachusetts",250250512002,N,Boston,1703.000000000000000,852.000000000000000,49.970640050000000,658.000000000000000,56,8.510638240000000,69103.000000000000000,81.890144350000000,0,76298.000000000000000,90.416542050000004, , ,M,Yes,M,1,Minority,1897.911131419999947,121742.273048000002746
"Block Group 3, Census Tract 512, Suffolk County, Massachusetts",250250512003,N,Boston,918.000000000000000,644.000000000000000,29.847494550000000,466.000000000000000,34,7.296137330000000,90917.000000000000000,107.740715030000004,0,76298.000000000000000,90.416542050000004, , ,M,Yes,M,1,Minority,1527.698767009999983,73734.312373900000239
"Block Group 1, Census Tract 819, Suffolk County, Massachusetts",250250819001,N,Boston,1090.000000000000000,35.000000000000000,96.788990830000003,391.000000000000000,32,8.184143069999999,36071.000000000000000,42.745750430000001,0,76298.000000000000000,90.416542050000004,I, ,M,Yes,MI,2,Minority and income,2000.073548079999910,150385.775193000008585
"Block Group 2, Census Tract 809, Suffolk County, Massachusetts",250250809002,N,Boston,1780.000000000000000,1061.000000000000000,40.393258430000003,398.000000000000000,0,0.000000000000000,66552.000000000000000,78.867095950000007,0,76298.000000000000000,90.416542050000004, , ,M,Yes,M,1,Minority,1389.219501799999989,108743.121194999999716
"Block Group 3, Census Tract 809, Suffolk County, Massachusetts",250250809003,N,Boston,1266.000000000000000,703.000000000000000,44.470774089999999,297.000000000000000,0,0.000000000000000,91250.000000000000000,108.135330199999999,0,76298.000000000000000,90.416542050000004, , ,M,Yes,M,1,Minority,1496.827518269999928,106849.822243000002345
"Block Group 1, Census Tract 810.01, Suffolk County, Massachusetts",250250810011,N,Boston,1062.000000000000000,713.000000000000000,32.862523539999998,260.000000000000000,0,0.000000000000000,72609.000000000000000,84.583480829999999,1,76298.000000000000000,90.416542050000004, , ,M,Yes,M,1,Minority,2032.380148839999947,83478.059814699998242
"Block Group 3, Census Tract 810.01, Suffolk County, Massachusetts",250250810013,N,Boston,744.000000000000000,117.000000000000000,84.274193550000007,609.000000000000000,317,52.052543640000003,22730.000000000000000,26.936067580000000,0,76298.000000000000000,90.416542050000004,I,E,M,Yes,MIE,3,"Minority, income and English isolation",774.236482023999997,26904.337596500001382
"Block Group 1, Census Tract 815, Suffolk County, Massachusetts",250250815001,N,Boston,1085.000000000000000,287.000000000000000,73.548387099999999,377.000000000000000,0,0.000000000000000,45179.000000000000000,53.539134980000000,0,76298.000000000000000,90.416542050000004,I, ,M,Yes,MI,2,Minority and income,1936.653635910000048,155951.575550000008661
"Block Group 1, Census Tract 7.04, Suffolk County, Massachusetts",250250007041,N,Boston,1814.000000000000000,965.000000000000000,46.802646090000003,557.000000000000000,34,6.104129310000000,65078.000000000000000,77.120338439999998,0,76298.000000000000000,90.416542050000004, , ,M,Yes,M,1,Minority,1399.505735210000012,109778.395925999997417
"Block Group 2, Census Tract 7.04, Suffolk County, Massachusetts",250250007042,N,Boston,1299.000000000000000,659.000000000000000,49.268668210000001,468.000000000000000,6,1.282051320000000,97167.000000000000000,115.147239690000006,0,76298.000000000000000,90.416542050000004, , ,M,Yes,M,1,Minority,1322.240834919999998,42456.783011300001817
"Block Group 3, Census Tract 7.04, Suffolk County, Massachusetts",250250007043,N,Boston,1122.000000000000000,630.000000000000000,43.850267379999998,492.000000000000000,26,5.284553050000000,71464.000000000000000,84.688034060000007,0,76298.000000000000000,90.416542050000004, , ,M,Yes,M,1,Minority,878.683013756000037,39097.465634799998952
"Block Group 4, Census Tract 7.04, Suffolk County, Massachusetts",250250007044,N,Boston,1077.000000000000000,415.000000000000000,61.467038070000001,534.000000000000000,120,22.471910479999998,44941.000000000000000,53.257095339999999,0,76298.000000000000000,90.416542050000004,I, ,M,Yes,MI,2,Minority and income,1067.675639920000094,48430.694035000000440
"Block Group 1, Census Tract 8.04, Suffolk County, Massachusetts",250250008041,N,Boston,2027.000000000000000,812.000000000000000,59.940799210000002,646.000000000000000,86,13.312693599999999,50909.000000000000000,59.304779050000000,1,76298.000000000000000,90.416542050000004,I, ,M,Yes,MI,2,Minority and income,2604.754599800000051,287834.494025999971200
