GEOGRAPHIC,GEOID,SPLIT_FOR_,MUNICIPALI,TOTAL_POP,NONHISPWHI,PCT_MINORI,TOTALHH,LIMENGHH,LIMENGHHPC,BG_MHHI,BG_MHHI_PC,BG_MHHI_IS,MUNI_MHHI,MUNIMHHI_P,MEDIANHHI,LIMITEDENG,MINORITY_P,EJ,EJ_CRITERI,EJ_CRITE_1,EJ_CRIT_DE,SHAPE_AREA,SHAPE_LEN
"Block Group 3, Census Tract 112, Barnstable County, Massachusetts",250010112003,N,Harwich,565.000000000000000,510.000000000000000,9.734513270000001,278.000000000000000,0,0.000000000000000,54375.000000000000000,64.436805730000003,0,78932.000000000000000,93.537948610000001,I, , ,Yes,I,1,Income,1830406.748790000099689,5559.846530009999697
"Block Group 1, Census Tract 116, Barnstable County, Massachusetts",250010116001,N,Dennis,1630.000000000000000,1170.000000000000000,28.220858900000000,889.000000000000000,26,2.924634460000000,46015.000000000000000,54.529834749999999,0,67803.000000000000000,80.349586489999993,I, ,M,Yes,MI,2,Minority and income,2666316.329659999813884,7998.207934199999727
"Block Group 2, Census Tract 116, Barnstable County, Massachusetts",250010116002,N,Dennis,689.000000000000000,563.000000000000000,18.287372999999999,292.000000000000000,0,0.000000000000000,52826.000000000000000,62.601173400000000,0,67803.000000000000000,80.349586489999993,I, , ,Yes,I,1,Income,1640939.525739999953657,6745.671186219999981
"Block Group 1, Census Tract 120.02, Barnstable County, Massachusetts",250010120021,N,Yarmouth,1224.000000000000000,896.000000000000000,26.797385620000000,495.000000000000000,38,7.676767830000000,55880.000000000000000,66.220298769999999,0,68385.000000000000000,81.039283749999996, , ,M,Yes,M,1,Minority,1814094.462580000050366,9549.840082400000028
"Block Group 2, Census Tract 121.01, Barnstable County, Massachusetts",250010121012,N,Yarmouth,1116.000000000000000,771.000000000000000,30.913978490000002,395.000000000000000,0,0.000000000000000,98664.000000000000000,116.921257019999999,0,68385.000000000000000,81.039283749999996, , ,M,Yes,M,1,Minority,4084284.419060000218451,9840.591216740000164
"Block Group 3, Census Tract 121.02, Barnstable County, Massachusetts",250010121023,N,Yarmouth,605.000000000000000,488.000000000000000,19.338842979999999,352.000000000000000,0,0.000000000000000,47963.000000000000000,56.838298799999997,0,68385.000000000000000,81.039283749999996,I, , ,Yes,I,1,Income,2622669.078369999770075,6469.940428820000307
"Block Group 4, Census Tract 121.02, Barnstable County, Massachusetts",250010121024,N,Yarmouth,1155.000000000000000,766.000000000000000,33.679653680000001,449.000000000000000,0,0.000000000000000,62438.000000000000000,73.991821290000004,0,68385.000000000000000,81.039283749999996, , ,M,Yes,M,1,Minority,1505050.513120000017807,7277.445205529999839
"Block Group 2, Census Tract 125.02, Barnstable County, Massachusetts",250010125022,N,Barnstable,947.000000000000000,571.000000000000000,39.704329459999997,441.000000000000000,7,1.587301610000000,35023.000000000000000,41.503822329999998,0,77227.000000000000000,91.517448430000002,I, ,M,Yes,MI,2,Minority and income,966678.610126000014134,4497.215658889999759
"Block Group 5, Census Tract 101, Barnstable County, Massachusetts",250010101005,N,Provincetown,664.000000000000000,545.000000000000000,17.921686749999999,344.000000000000000,42,12.209301950000000,54688.000000000000000,64.807723999999993,0,71495.000000000000000,84.724769589999994,I, , ,Yes,I,1,Income,477038.336245000013150,3894.186943109999902
"Block Group 1, Census Tract 102.08, Barnstable County, Massachusetts",250010102081,N,Truro,892.000000000000000,821.000000000000000,7.959641260000000,297.000000000000000,0,0.000000000000000,47554.000000000000000,56.353618619999999,0,68914.000000000000000,81.666175839999994,I, , ,Yes,I,1,Income,13964360.435900000855327,19884.745048699998733
"Block Group 2, Census Tract 103.04, Barnstable County, Massachusetts",250010103042,N,Eastham,889.000000000000000,757.000000000000000,14.848143980000000,349.000000000000000,0,0.000000000000000,46806.000000000000000,55.467205049999997,0,67127.000000000000000,79.548500059999995,I, , ,Yes,I,1,Income,4825360.406729999929667,11505.458539600000222
"Block Group 2, Census Tract 104, Barnstable County, Massachusetts",250010104002,N,Orleans,872.000000000000000,768.000000000000000,11.926605500000001,428.000000000000000,0,0.000000000000000,40833.000000000000000,48.388931270000000,0,77273.000000000000000,91.571960450000006,I, , ,Yes,I,1,Income,1704605.060730000026524,5508.892512010000246
"Block Group 4, Census Tract 107, Barnstable County, Massachusetts",250010107004,N,Chatham,596.000000000000000,548.000000000000000,8.053691280000001,265.000000000000000,0,0.000000000000000,43558.000000000000000,51.618179320000003,0,78491.000000000000000,93.015342709999999,I, , ,Yes,I,1,Income,2568640.036220000125468,9175.715703890000441
"Block Group 2, Census Tract 108, Barnstable County, Massachusetts",250010108002,N,Brewster,503.000000000000000,468.000000000000000,6.958250500000000,68.000000000000000,0,0.000000000000000,47083.000000000000000,55.795459749999999,0,81625.000000000000000,96.729278559999997,I, , ,Yes,I,1,Income,3437979.872820000164211,11333.779203300000518
"Block Group 4, Census Tract 125.02, Barnstable County, Massachusetts",250010125024,N,Barnstable,915.000000000000000,480.000000000000000,47.540983609999998,211.000000000000000,22,10.426540370000000,70170.000000000000000,83.154586789999996,0,77227.000000000000000,91.517448430000002, , ,M,Yes,M,1,Minority,927383.738269999972545,4013.800682409999808
"Block Group 1, Census Tract 126.01, Barnstable County, Massachusetts",250010126011,N,Barnstable,2164.000000000000000,1433.000000000000000,33.780036969999998,981.000000000000000,152,15.494393349999999,60919.000000000000000,72.191741940000000,0,77227.000000000000000,91.517448430000002, , ,M,Yes,M,1,Minority,1963203.852050000103191,5977.396209440000348
"Block Group 2, Census Tract 126.01, Barnstable County, Massachusetts",250010126012,N,Barnstable,1134.000000000000000,733.000000000000000,35.361552029999999,315.000000000000000,8,2.539682630000000,82344.000000000000000,97.581321720000005,0,77227.000000000000000,91.517448430000002, , ,M,Yes,M,1,Minority,1514037.194929999997839,7898.084129490000123
"Block Group 1, Census Tract 126.02, Barnstable County, Massachusetts",250010126021,N,Barnstable,1480.000000000000000,791.000000000000000,46.554054049999998,547.000000000000000,0,0.000000000000000,38125.000000000000000,45.179828639999997,0,77227.000000000000000,91.517448430000002,I, ,M,Yes,MI,2,Minority and income,775417.200075999950059,3925.293533099999877
"Block Group 2, Census Tract 126.02, Barnstable County, Massachusetts",250010126022,N,Barnstable,1765.000000000000000,732.000000000000000,58.526912179999997,398.000000000000000,140,35.175880429999999,51214.000000000000000,60.690879819999999,0,77227.000000000000000,91.517448430000002,I,E,M,Yes,MIE,3,"Minority, income and English isolation",844633.600152999977581,4005.228143509999882
"Block Group 2, Census Tract 147, Barnstable County, Massachusetts",250010147002,N,Falmouth,1237.000000000000000,1064.000000000000000,13.985448670000000,575.000000000000000,0,0.000000000000000,55057.000000000000000,65.245010379999997,0,75548.000000000000000,89.527763370000002,I, , ,Yes,I,1,Income,3238659.661359999794513,9403.295685560000493
"Block Group 1, Census Tract 148, Barnstable County, Massachusetts",250010148001,N,Falmouth,861.000000000000000,745.000000000000000,13.472706160000000,532.000000000000000,0,0.000000000000000,29583.000000000000000,35.057178499999999,0,75548.000000000000000,89.527763370000002,I, , ,Yes,I,1,Income,1067350.733520000008866,4802.837146329999996
"Block Group 3, Census Tract 148, Barnstable County, Massachusetts",250010148003,N,Falmouth,1128.000000000000000,983.000000000000000,12.854609930000001,772.000000000000000,8,1.036269430000000,27396.000000000000000,32.465484619999998,0,75548.000000000000000,89.527763370000002,I, , ,Yes,I,1,Income,1531215.065519999945536,5549.650981230000070
"Block Group 2, Census Tract 150.02, Barnstable County, Massachusetts",250010150022,N,Mashpee,1312.000000000000000,976.000000000000000,25.609756099999998,422.000000000000000,0,0.000000000000000,70129.000000000000000,83.106002810000007,0,78309.000000000000000,92.799667360000001, , ,M,Yes,M,1,Minority,7802003.345239999704063,14522.181807299999491
"Block Group 1, Census Tract 153, Barnstable County, Massachusetts",250010153001,N,Barnstable,1113.000000000000000,517.000000000000000,53.548966759999999,314.000000000000000,47,14.968152999999999,54000.000000000000000,63.992416380000002,0,77227.000000000000000,91.517448430000002,I, ,M,Yes,MI,2,Minority and income,11574500.795900000259280,16470.617869000001519
"Block Group 2, Census Tract 153, Barnstable County, Massachusetts",250010153002,N,Barnstable,1350.000000000000000,781.000000000000000,42.148148149999997,815.000000000000000,94,11.533741950000000,26339.000000000000000,31.212892530000001,0,77227.000000000000000,91.517448430000002,I, ,M,Yes,MI,2,Minority and income,1312471.019749999977648,7753.193728119999832
"Block Group 3, Census Tract 153, Barnstable County, Massachusetts",250010153003,N,Barnstable,1494.000000000000000,700.000000000000000,53.145916999999997,392.000000000000000,70,17.857143400000002,43750.000000000000000,51.845706939999999,0,77227.000000000000000,91.517448430000002,I, ,M,Yes,MI,2,Minority and income,856365.984550999943167,4419.587973360000433
"Block Group 1, Census Tract 9001, Berkshire County, Massachusetts",250039001001,N,Pittsfield,982.000000000000000,657.000000000000000,33.095723010000000,474.000000000000000,13,2.742615940000000,28929.000000000000000,34.282157900000001,0,56620.000000000000000,67.097236629999998,I, ,M,Yes,MI,2,Minority and income,267264.913501999981236,2099.624597879999783
"Block Group 2, Census Tract 9001, Berkshire County, Massachusetts",250039001002,N,Pittsfield,842.000000000000000,490.000000000000000,41.805225649999997,509.000000000000000,17,3.339882140000000,28094.000000000000000,33.292648319999998,0,56620.000000000000000,67.097236629999998,I, ,M,Yes,MI,2,Minority and income,224022.555377000011504,2203.137500159999945
"Block Group 3, Census Tract 126.02, Barnstable County, Massachusetts",250010126023,N,Barnstable,1284.000000000000000,641.000000000000000,50.077881619999999,540.000000000000000,25,4.629629610000000,58631.000000000000000,69.480354309999996,0,77227.000000000000000,91.517448430000002, , ,M,Yes,M,1,Minority,935841.645751000032760,4120.608527819999836
"Block Group 4, Census Tract 126.02, Barnstable County, Massachusetts",250010126024,N,Barnstable,1139.000000000000000,576.000000000000000,49.429323969999999,339.000000000000000,30,8.849557880000001,52757.000000000000000,62.519405360000000,0,77227.000000000000000,91.517448430000002,I, ,M,Yes,MI,2,Minority and income,836982.195175000000745,4834.096999880000112
"Block Group 1, Census Tract 139, Barnstable County, Massachusetts",250010139001,N,Bourne,596.000000000000000,568.000000000000000,4.697986580000000,361.000000000000000,0,0.000000000000000,42569.000000000000000,50.446170809999998,0,76823.000000000000000,91.038688660000005,I, , ,Yes,I,1,Income,4459037.886880000121891,9925.660791989999780
"Block Group 1, Census Tract 141, Barnstable County, Massachusetts",250010141001,Y,Bourne,797.000000000000000,538.000000000000000,32.496863240000003,306.000000000000000,0,0.000000000000000,53108.000000000000000,62.935356140000003,0,76823.000000000000000,91.038688660000005,I, ,M,Yes,MI,2,Minority and income,44196279.068800002336502,34217.208187999996881
"Block Group 3, Census Tract 145, Barnstable County, Massachusetts",250010145003,N,Falmouth,1336.000000000000000,1176.000000000000000,11.976047899999999,566.000000000000000,0,0.000000000000000,49643.000000000000000,58.829174039999998,0,75548.000000000000000,89.527763370000002,I, , ,Yes,I,1,Income,1975913.004819999914616,7371.340519860000313
"Block Group 2, Census Tract 146, Barnstable County, Massachusetts",250010146002,N,Falmouth,1299.000000000000000,1060.000000000000000,18.398768279999999,532.000000000000000,0,0.000000000000000,53571.000000000000000,63.484031680000001,0,75548.000000000000000,89.527763370000002,I, , ,Yes,I,1,Income,4202708.340400000102818,8271.802082259999224
"Block Group 3, Census Tract 125.02, Barnstable County, Massachusetts",250010125023,N,Barnstable,1040.000000000000000,683.000000000000000,34.326923080000000,462.000000000000000,118,25.541126250000001,64286.000000000000000,76.181785579999996,0,77227.000000000000000,91.517448430000002, ,E,M,Yes,ME,2,Minority and English isolation,1146473.591890000039712,5090.123511409999992
"Block Group 2, Census Tract 9004, Berkshire County, Massachusetts",250039004002,N,Pittsfield,1117.000000000000000,808.000000000000000,27.663384059999998,436.000000000000000,0,0.000000000000000,50208.000000000000000,59.498725890000003,0,56620.000000000000000,67.097236629999998,I, ,M,Yes,MI,2,Minority and income,622919.223556000040844,4443.207882830000017
"Block Group 2, Census Tract 9006, Berkshire County, Massachusetts",250039006002,N,Pittsfield,664.000000000000000,370.000000000000000,44.277108429999998,362.000000000000000,7,1.933701630000000,29137.000000000000000,34.528648380000000,0,56620.000000000000000,67.097236629999998,I, ,M,Yes,MI,2,Minority and income,187313.634275999997044,1805.738591750000069
"Block Group 5, Census Tract 9006, Berkshire County, Massachusetts",250039006005,N,Pittsfield,1116.000000000000000,587.000000000000000,47.401433689999998,235.000000000000000,0,0.000000000000000,21033.000000000000000,24.925045010000002,0,56620.000000000000000,67.097236629999998,I, ,M,Yes,MI,2,Minority and income,471966.967102000024170,2895.525296889999936
"Block Group 1, Census Tract 6138, Bristol County, Massachusetts",250056138001,N,Taunton,1284.000000000000000,808.000000000000000,37.071651090000003,707.000000000000000,72,10.183875080000000,19327.000000000000000,22.903360370000001,0,63433.000000000000000,75.170944210000002,I, ,M,Yes,MI,2,Minority and income,324395.253774999990128,4232.124392030000308
"Block Group 3, Census Tract 6138, Bristol County, Massachusetts",250056138003,N,Taunton,742.000000000000000,450.000000000000000,39.353099729999997,363.000000000000000,14,3.856749300000000,74057.000000000000000,87.760856630000006,0,63433.000000000000000,75.170944210000002, , ,M,Yes,M,1,Minority,289164.357282000011764,3166.424403070000153
"Block Group 3, Census Tract 6140, Bristol County, Massachusetts",250056140003,N,Taunton,1279.000000000000000,825.000000000000000,35.496481629999998,583.000000000000000,76,13.036020280000001,36908.000000000000000,43.737632750000003,0,63433.000000000000000,75.170944210000002,I, ,M,Yes,MI,2,Minority and income,574455.692309999954887,3319.795075349999934
"Block Group 3, Census Tract 6304, Bristol County, Massachusetts",250056304003,N,North Attleborough,1962.000000000000000,1361.000000000000000,30.632008150000001,940.000000000000000,0,0.000000000000000,80625.000000000000000,95.544235229999998,0,91994.000000000000000,109.017005920000003, , ,M,Yes,M,1,Minority,1234338.087559999898076,4890.346779950000382
"Block Group 3, Census Tract 6311.01, Bristol County, Massachusetts",250056311013,N,Attleboro,1492.000000000000000,1162.000000000000000,22.117962469999998,753.000000000000000,20,2.656042580000000,30203.000000000000000,35.791904449999997,0,77107.000000000000000,91.375244140000007,I, , ,Yes,I,1,Income,1597749.575260000070557,7203.311449499999981
"Block Group 2, Census Tract 6311.02, Bristol County, Massachusetts",250056311022,N,Attleboro,1157.000000000000000,944.000000000000000,18.409680210000001,331.000000000000000,15,4.531722070000000,52409.000000000000000,62.107009890000000,0,77107.000000000000000,91.375244140000007,I, , ,Yes,I,1,Income,604161.704807000001892,3775.853236250000009
"Block Group 4, Census Tract 6311.02, Bristol County, Massachusetts",250056311024,N,Attleboro,1086.000000000000000,803.000000000000000,26.058931860000001,306.000000000000000,64,20.915033340000001,55769.000000000000000,66.088760379999997,0,77107.000000000000000,91.375244140000007, , ,M,Yes,M,1,Minority,911653.255374999949709,4066.145204729999932
"Block Group 1, Census Tract 6314, Bristol County, Massachusetts",250056314001,N,Attleboro,1603.000000000000000,726.000000000000000,54.709918899999998,553.000000000000000,50,9.041591640000000,45574.000000000000000,54.007228849999997,0,77107.000000000000000,91.375244140000007,I, ,M,Yes,MI,2,Minority and income,407704.365229999995790,2888.391153109999777
"Block Group 2, Census Tract 6316, Bristol County, Massachusetts",250056316002,N,Attleboro,958.000000000000000,523.000000000000000,45.407098120000001,344.000000000000000,9,2.616279130000000,59667.000000000000000,70.708061220000005,0,77107.000000000000000,91.375244140000007, , ,M,Yes,M,1,Minority,334132.255245000007562,2946.575269219999882
"Block Group 3, Census Tract 103.04, Barnstable County, Massachusetts",250010103043,N,Eastham,630.000000000000000,583.000000000000000,7.460317460000000,361.000000000000000,0,0.000000000000000,37168.000000000000000,44.045742030000000,0,67127.000000000000000,79.548500059999995,I, , ,Yes,I,1,Income,12897970.822899999096990,19110.102934200000163
"Block Group 4, Census Tract 114, Barnstable County, Massachusetts",250010114004,N,Dennis,834.000000000000000,743.000000000000000,10.911270979999999,387.000000000000000,38,9.819121360000000,49598.000000000000000,58.775848390000000,0,67803.000000000000000,80.349586489999993,I, , ,Yes,I,1,Income,4330469.925510000437498,9787.460521639999570
"Block Group 3, Census Tract 117, Barnstable County, Massachusetts",250010117003,N,Dennis,768.000000000000000,639.000000000000000,16.796875000000000,396.000000000000000,0,0.000000000000000,50714.000000000000000,60.098358150000003,0,67803.000000000000000,80.349586489999993,I, , ,Yes,I,1,Income,2631545.296519999857992,7770.963768960000380
"Block Group 4, Census Tract 9008, Berkshire County, Massachusetts",250039008004,N,Pittsfield,1462.000000000000000,1261.000000000000000,13.748290010000000,835.000000000000000,19,2.275449040000000,49856.000000000000000,59.081588750000002,0,56620.000000000000000,67.097236629999998,I, , ,Yes,I,1,Income,886317.914523000014015,4640.982579900000019
"Block Group 4, Census Tract 9131, Berkshire County, Massachusetts",250039131004,N,Lenox,473.000000000000000,435.000000000000000,8.033826639999999,205.000000000000000,0,0.000000000000000,36875.000000000000000,43.698524480000003,0,67832.000000000000000,80.383956909999995,I, , ,Yes,I,1,Income,2450969.738570000045002,10320.110212300000057
"Block Group 3, Census Tract 9213, Berkshire County, Massachusetts",250039213003,N,North Adams,1439.000000000000000,1118.000000000000000,22.307157749999998,306.000000000000000,0,0.000000000000000,29922.000000000000000,35.458908080000000,0,49123.000000000000000,58.212951660000002,I, , ,Yes,I,1,Income,383067.851091000018641,3715.564632409999831
"Block Group 2, Census Tract 9221, Berkshire County, Massachusetts",250039221002,N,Adams,717.000000000000000,650.000000000000000,9.344490929999999,384.000000000000000,0,0.000000000000000,35000.000000000000000,41.476566310000003,0,47636.000000000000000,56.450790410000003,I, , ,Yes,I,1,Income,600593.957852000021376,3633.750186780000149
"Block Group 3, Census Tract 9221, Berkshire County, Massachusetts",250039221003,N,Adams,1259.000000000000000,1091.000000000000000,13.343923750000000,654.000000000000000,18,2.752293590000000,38409.000000000000000,45.516384119999998,0,47636.000000000000000,56.450790410000003,I, , ,Yes,I,1,Income,789559.370632000034675,4619.218944049999664
"Block Group 3, Census Tract 9222, Berkshire County, Massachusetts",250039222003,N,Adams,1768.000000000000000,1590.000000000000000,10.067873300000000,938.000000000000000,7,0.746268630000000,44457.000000000000000,52.683532710000001,0,47636.000000000000000,56.450790410000003,I, , ,Yes,I,1,Income,14816303.890599999576807,20080.549415099998441
"Block Group 2, Census Tract 9241, Berkshire County, Massachusetts",250039241002,N,Stockbridge,842.000000000000000,768.000000000000000,8.788598570000000,324.000000000000000,0,0.000000000000000,31875.000000000000000,37.773300169999999,0,62292.000000000000000,73.818809509999994,I, , ,Yes,I,1,Income,7782218.952619999647141,16258.578321499999220
"Block Group 2, Census Tract 9313, Berkshire County, Massachusetts",250039313002,N,Savoy,645.000000000000000,592.000000000000000,8.217054259999999,316.000000000000000,0,0.000000000000000,47200.000000000000000,55.934112550000002,0,47200.000000000000000,55.934112550000002,I, , ,Yes,I,1,Income,93318930.836799994111061,45388.533200999998371
"Block Group 2, Census Tract 9322, Berkshire County, Massachusetts",250039322002,N,Becket,1199.000000000000000,1104.000000000000000,7.923269390000000,572.000000000000000,2,0.349650350000000,50270.000000000000000,59.572196959999999,0,59922.000000000000000,71.010253910000003,I, , ,Yes,I,1,Income,76137977.163800001144409,40808.684771799998998
"Block Group 1, Census Tract 9323, Berkshire County, Massachusetts",250039323001,N,Hinsdale,574.000000000000000,550.000000000000000,4.181184670000000,191.000000000000000,0,0.000000000000000,54241.000000000000000,64.278015139999994,0,64539.000000000000000,76.481605529999996,I, , ,Yes,I,1,Income,3214898.965499999932945,8280.767035520000718
"Block Group 2, Census Tract 6102.04, Bristol County, Massachusetts",250056102042,N,Mansfield,2023.000000000000000,1521.000000000000000,24.814631739999999,735.000000000000000,0,0.000000000000000,73080.000000000000000,86.603065490000006,0,120694.000000000000000,143.027786249999991, , ,M,Yes,M,1,Minority,1713456.037440000101924,5395.421755160000430
"Block Group 1, Census Tract 6131, Bristol County, Massachusetts",250056131001,N,Taunton,1791.000000000000000,1330.000000000000000,25.739810160000001,410.000000000000000,0,0.000000000000000,55284.000000000000000,65.514015200000003,0,63433.000000000000000,75.170944210000002, , ,M,Yes,M,1,Minority,2156644.827779999934137,8822.307861999999659
"Block Group 1, Census Tract 6136, Bristol County, Massachusetts",250056136001,N,Taunton,1839.000000000000000,1201.000000000000000,34.692767809999999,559.000000000000000,27,4.830053810000000,54531.000000000000000,64.621673580000007,0,63433.000000000000000,75.170944210000002,I, ,M,Yes,MI,2,Minority and income,1416671.290060000028461,7163.694018049999613
"Block Group 3, Census Tract 6136, Bristol County, Massachusetts",250056136003,N,Taunton,1569.000000000000000,1012.000000000000000,35.500318669999999,691.000000000000000,137,19.826337809999998,34078.000000000000000,40.383953089999999,0,63433.000000000000000,75.170944210000002,I, ,M,Yes,MI,2,Minority and income,406375.603118999977596,3064.819368500000110
"Block Group 3, Census Tract 140.02, Barnstable County, Massachusetts",250010140023,N,Bourne,713.000000000000000,681.000000000000000,4.488078540000000,447.000000000000000,0,0.000000000000000,31266.000000000000000,37.051609040000002,0,76823.000000000000000,91.038688660000005,I, , ,Yes,I,1,Income,2965713.193729999940842,7531.871460389999811
"Block Group 3, Census Tract 9001, Berkshire County, Massachusetts",250039001003,N,Pittsfield,1582.000000000000000,1128.000000000000000,28.697850819999999,1042.000000000000000,21,2.015355110000000,20833.000000000000000,24.688037869999999,0,56620.000000000000000,67.097236629999998,I, ,M,Yes,MI,2,Minority and income,772902.570332000032067,4646.116809899999680
"Block Group 1, Census Tract 9002, Berkshire County, Massachusetts",250039002001,N,Pittsfield,660.000000000000000,481.000000000000000,27.121212119999999,315.000000000000000,0,0.000000000000000,32054.000000000000000,37.985424039999998,0,56620.000000000000000,67.097236629999998,I, ,M,Yes,MI,2,Minority and income,184265.341195999993943,1828.599551549999887
"Block Group 2, Census Tract 9002, Berkshire County, Massachusetts",250039002002,N,Pittsfield,642.000000000000000,395.000000000000000,38.473520250000000,200.000000000000000,0,0.000000000000000,49773.000000000000000,58.983230589999998,0,56620.000000000000000,67.097236629999998,I, ,M,Yes,MI,2,Minority and income,199800.457475000002887,1945.340947480000068
"Block Group 3, Census Tract 9002, Berkshire County, Massachusetts",250039002003,N,Pittsfield,892.000000000000000,551.000000000000000,38.228699550000002,456.000000000000000,9,1.973684190000000,24948.000000000000000,29.564496989999999,0,56620.000000000000000,67.097236629999998,I, ,M,Yes,MI,2,Minority and income,491251.299601999984588,3338.408156020000206
"Block Group 5, Census Tract 9002, Berkshire County, Massachusetts",250039002005,N,Pittsfield,790.000000000000000,507.000000000000000,35.822784810000002,385.000000000000000,0,0.000000000000000,53125.000000000000000,62.955501560000002,0,56620.000000000000000,67.097236629999998,I, ,M,Yes,MI,2,Minority and income,185034.280207000003429,1905.391591900000094
"Block Group 6, Census Tract 9002, Berkshire County, Massachusetts",250039002006,N,Pittsfield,619.000000000000000,365.000000000000000,41.033925689999997,282.000000000000000,0,0.000000000000000,36250.000000000000000,42.957870479999997,0,56620.000000000000000,67.097236629999998,I, ,M,Yes,MI,2,Minority and income,208350.620969999989029,2225.334926290000112
"Block Group 4, Census Tract 9002, Berkshire County, Massachusetts",250039002004,N,Pittsfield,657.000000000000000,389.000000000000000,40.791476410000001,289.000000000000000,0,0.000000000000000,70375.000000000000000,83.397521970000000,0,56620.000000000000000,67.097236629999998, , ,M,Yes,M,1,Minority,181298.695780000009108,1790.833287800000107
"Block Group 2, Census Tract 9222, Berkshire County, Massachusetts",250039222002,N,Adams,995.000000000000000,904.000000000000000,9.145728640000000,524.000000000000000,0,0.000000000000000,44487.000000000000000,52.719085690000000,0,47636.000000000000000,56.450790410000003,I, , ,Yes,I,1,Income,770738.203783000004478,4904.526119760000256
"Block Group 1, Census Tract 9251.01, Berkshire County, Massachusetts",250039251011,N,Great Barrington,647.000000000000000,553.000000000000000,14.528593510000000,218.000000000000000,0,0.000000000000000,53654.000000000000000,63.582389829999997,0,56250.000000000000000,66.658767699999999,I, , ,Yes,I,1,Income,657762.803656999953091,3756.951075209999999
"Block Group 3, Census Tract 9011, Berkshire County, Massachusetts",250039011003,N,Pittsfield,2050.000000000000000,1742.000000000000000,15.024390240000001,1015.000000000000000,9,0.886699500000000,33083.000000000000000,39.204833979999997,0,56620.000000000000000,67.097236629999998,I, , ,Yes,I,1,Income,6875216.593709999695420,12892.754041500000312
"Block Group 2, Census Tract 9214, Berkshire County, Massachusetts",250039214002,N,North Adams,764.000000000000000,656.000000000000000,14.136125650000000,415.000000000000000,13,3.132530210000000,46349.000000000000000,54.925640110000003,0,49123.000000000000000,58.212951660000002,I, , ,Yes,I,1,Income,9873044.877790000289679,14897.856201799999326
"Block Group 2, Census Tract 9223, Berkshire County, Massachusetts",250039223002,N,Adams,1039.000000000000000,953.000000000000000,8.277189610000001,489.000000000000000,19,3.885480640000000,53060.000000000000000,62.878475190000003,0,47636.000000000000000,56.450790410000003,I, , ,Yes,I,1,Income,9913109.267510000616312,18107.166803600001003
"Block Group 2, Census Tract 9121, Berkshire County, Massachusetts",250039121002,N,Dalton,853.000000000000000,777.000000000000000,8.909730359999999,306.000000000000000,0,0.000000000000000,48564.000000000000000,57.550514219999997,0,73942.000000000000000,87.624580379999998,I, , ,Yes,I,1,Income,2018887.260779999895021,9655.974561380000523
"Block Group 4, Census Tract 9121, Berkshire County, Massachusetts",250039121004,N,Dalton,819.000000000000000,764.000000000000000,6.715506720000000,302.000000000000000,0,0.000000000000000,50667.000000000000000,60.042659759999999,0,73942.000000000000000,87.624580379999998,I, , ,Yes,I,1,Income,1172109.098639999981970,4730.516759099999945
"Block Group 3, Census Tract 9121, Berkshire County, Massachusetts",250039121003,N,Dalton,582.000000000000000,524.000000000000000,9.965635740000000,258.000000000000000,24,9.302325250000001,49167.000000000000000,58.265094759999997,0,73942.000000000000000,87.624580379999998,I, , ,Yes,I,1,Income,369031.081932000000961,2733.857106829999793
"Block Group 3, Census Tract 9141, Berkshire County, Massachusetts",250039141003,N,Lee,956.000000000000000,805.000000000000000,15.794979079999999,300.000000000000000,0,0.000000000000000,55144.000000000000000,65.348106380000004,0,78750.000000000000000,93.322273249999995,I, , ,Yes,I,1,Income,1471527.910459999926388,7169.966544550000435
"Block Group 1, Census Tract 9223, Berkshire County, Massachusetts",250039223001,N,Adams,983.000000000000000,865.000000000000000,12.004069180000000,351.000000000000000,0,0.000000000000000,54680.000000000000000,64.798248290000004,0,47636.000000000000000,56.450790410000003,I, , ,Yes,I,1,Income,14216723.001900000497699,16835.999128499999642
"Block Group 5, Census Tract 9131, Berkshire County, Massachusetts",250039131005,N,Lenox,1045.000000000000000,996.000000000000000,4.688995220000000,770.000000000000000,0,0.000000000000000,48182.000000000000000,57.097824099999997,0,67832.000000000000000,80.383956909999995,I, , ,Yes,I,1,Income,1705376.954480000073090,6990.553901930000393
"Block Group 3, Census Tract 9201.01, Berkshire County, Massachusetts",250039201013,N,Williamstown,1815.000000000000000,1217.000000000000000,32.947658400000002,386.000000000000000,0,0.000000000000000,101833.000000000000000,120.676658630000006,0,91528.000000000000000,108.464775090000003, , ,M,Yes,M,1,Minority,1678530.209479999961331,5880.126063349999640
"Block Group 1, Census Tract 9214, Berkshire County, Massachusetts",250039214001,N,North Adams,698.000000000000000,615.000000000000000,11.891117480000000,338.000000000000000,0,0.000000000000000,34000.000000000000000,40.291519170000001,0,49123.000000000000000,58.212951660000002,I, , ,Yes,I,1,Income,8228017.147929999977350,16534.411189300000842
"Block Group 2, Census Tract 9261, Berkshire County, Massachusetts",250039261002,N,Sheffield,508.000000000000000,466.000000000000000,8.267716540000000,224.000000000000000,0,0.000000000000000,49071.000000000000000,58.151329040000000,0,68676.000000000000000,81.384132390000005,I, , ,Yes,I,1,Income,9016519.712589999660850,22275.515225600000122
"Block Group 2, Census Tract 9213, Berkshire County, Massachusetts",250039213002,N,North Adams,2145.000000000000000,1830.000000000000000,14.685314690000000,833.000000000000000,34,4.081632610000000,42461.000000000000000,50.318183900000001,0,49123.000000000000000,58.212951660000002,I, , ,Yes,I,1,Income,8194455.538049999624491,15020.362335300000268
"Block Group 1, Census Tract 9215, Berkshire County, Massachusetts",250039215001,N,North Adams,915.000000000000000,816.000000000000000,10.819672130000001,430.000000000000000,0,0.000000000000000,51746.000000000000000,61.321323390000003,0,49123.000000000000000,58.212951660000002,I, , ,Yes,I,1,Income,3922801.215400000102818,11626.457566499999302
"Block Group 2, Census Tract 9003, Berkshire County, Massachusetts",250039003002,N,Pittsfield,792.000000000000000,516.000000000000000,34.848484849999998,382.000000000000000,0,0.000000000000000,59129.000000000000000,70.070510859999999,0,56620.000000000000000,67.097236629999998, , ,M,Yes,M,1,Minority,524025.620086000009906,3350.874918439999874
"Block Group 2, Census Tract 9251.02, Berkshire County, Massachusetts",250039251022,N,Great Barrington,738.000000000000000,553.000000000000000,25.067750680000000,255.000000000000000,0,0.000000000000000,60625.000000000000000,70.623115540000001,1,56250.000000000000000,66.658767699999999, , ,M,Yes,M,1,Minority,1380634.739300000015646,6455.569015809999655
"Block Group 4, Census Tract 9251.02, Berkshire County, Massachusetts",250039251024,N,Great Barrington,728.000000000000000,594.000000000000000,18.406593409999999,486.000000000000000,0,0.000000000000000,38333.000000000000000,45.426319120000002,0,56250.000000000000000,66.658767699999999,I, , ,Yes,I,1,Income,1454791.986569999950007,8247.705813829999897
"Block Group 1, Census Tract 9006, Berkshire County, Massachusetts",250039006001,N,Pittsfield,647.000000000000000,477.000000000000000,26.275115920000001,205.000000000000000,0,0.000000000000000,70774.000000000000000,83.870353699999995,0,56620.000000000000000,67.097236629999998, , ,M,Yes,M,1,Minority,478919.991318000014871,3230.192457409999861
"Block Group 3, Census Tract 9006, Berkshire County, Massachusetts",250039006003,N,Pittsfield,603.000000000000000,406.000000000000000,32.669983420000001,207.000000000000000,7,3.381642580000000,20451.000000000000000,24.235349660000001,0,56620.000000000000000,67.097236629999998,I, ,M,Yes,MI,2,Minority and income,651257.058497000019997,3593.034204669999781
"Block Group 4, Census Tract 9006, Berkshire County, Massachusetts",250039006004,N,Pittsfield,1160.000000000000000,694.000000000000000,40.172413790000000,275.000000000000000,9,3.272727250000000,23990.000000000000000,28.429224009999999,0,56620.000000000000000,67.097236629999998,I, ,M,Yes,MI,2,Minority and income,394055.234155000012834,3610.103147389999776
"Block Group 1, Census Tract 9007, Berkshire County, Massachusetts",250039007001,N,Pittsfield,601.000000000000000,517.000000000000000,13.976705490000001,194.000000000000000,0,0.000000000000000,41250.000000000000000,48.883094790000001,0,56620.000000000000000,67.097236629999998,I, , ,Yes,I,1,Income,708440.663228000048548,5479.793080430000373
"Block Group 2, Census Tract 9009, Berkshire County, Massachusetts",250039009002,N,Pittsfield,1083.000000000000000,755.000000000000000,30.286241919999998,464.000000000000000,0,0.000000000000000,41400.000000000000000,49.060852050000001,0,56620.000000000000000,67.097236629999998,I, ,M,Yes,MI,2,Minority and income,317723.831097999995109,2688.593930460000138
"Block Group 3, Census Tract 9009, Berkshire County, Massachusetts",250039009003,N,Pittsfield,962.000000000000000,722.000000000000000,24.948024950000001,283.000000000000000,0,0.000000000000000,47596.000000000000000,56.403388980000003,0,56620.000000000000000,67.097236629999998,I, ,M,Yes,MI,2,Minority and income,376146.744054000009783,2906.053998649999812
"Block Group 2, Census Tract 9215, Berkshire County, Massachusetts",250039215002,N,North Adams,2020.000000000000000,1753.000000000000000,13.217821780000000,815.000000000000000,0,0.000000000000000,45347.000000000000000,53.738224029999998,0,49123.000000000000000,58.212951660000002,I, , ,Yes,I,1,Income,14538622.639399999752641,17796.488352699998359
"Block Group 2, Census Tract 9353, Berkshire County, Massachusetts",250039353002,N,North Adams,1008.000000000000000,864.000000000000000,14.285714290000000,625.000000000000000,0,0.000000000000000,55139.000000000000000,65.342178340000004,0,49123.000000000000000,58.212951660000002,I, , ,Yes,I,1,Income,952849.245126000023447,5761.664079660000425
"Block Group 1, Census Tract 121.02, Barnstable County, Massachusetts",250010121021,N,Yarmouth,799.000000000000000,608.000000000000000,23.904881100000001,331.000000000000000,9,2.719033240000000,39141.000000000000000,46.383834839999999,0,68385.000000000000000,81.039283749999996,I, , ,Yes,I,1,Income,2899893.517580000218004,7467.125940210000408
"Block Group 4, Census Tract 121.01, Barnstable County, Massachusetts",250010121014,N,Yarmouth,820.000000000000000,556.000000000000000,32.195121950000001,361.000000000000000,0,0.000000000000000,56101.000000000000000,66.482192990000001,0,68385.000000000000000,81.039283749999996, , ,M,Yes,M,1,Minority,1880317.002420000033453,5530.606939770000281
"Block Group 1, Census Tract 9352, Berkshire County, Massachusetts",250039352001,N,Pittsfield,1452.000000000000000,1200.000000000000000,17.355371900000002,622.000000000000000,29,4.662379260000000,54254.000000000000000,64.293418880000004,0,56620.000000000000000,67.097236629999998,I, , ,Yes,I,1,Income,2406537.961070000194013,7088.231750529999772
"Block Group 3, Census Tract 9353, Berkshire County, Massachusetts",250039353003,N,North Adams,1739.000000000000000,1502.000000000000000,13.628522139999999,829.000000000000000,0,0.000000000000000,38656.000000000000000,45.809089659999998,0,49123.000000000000000,58.212951660000002,I, , ,Yes,I,1,Income,1210528.016839999938384,6763.337761660000069
"Block Group 1, Census Tract 6301.01, Bristol County, Massachusetts",250056301011,N,North Attleborough,993.000000000000000,712.000000000000000,28.298086609999999,529.000000000000000,47,8.884688380000000,80618.000000000000000,95.535934449999999,0,91994.000000000000000,109.017005920000003, , ,M,Yes,M,1,Minority,531384.050366000039503,3824.722705659999974
"Block Group 3, Census Tract 6102.04, Bristol County, Massachusetts",250056102043,N,Mansfield,2015.000000000000000,1314.000000000000000,34.789081889999999,747.000000000000000,0,0.000000000000000,73859.000000000000000,87.526222230000002,0,120694.000000000000000,143.027786249999991, , ,M,Yes,M,1,Minority,3655507.887240000069141,8010.636543929999789
"Block Group 1, Census Tract 6139.02, Bristol County, Massachusetts",250056139021,N,Taunton,2022.000000000000000,1486.000000000000000,26.508407519999999,528.000000000000000,31,5.871212010000000,75833.000000000000000,89.865493770000000,0,63433.000000000000000,75.170944210000002, , ,M,Yes,M,1,Minority,3522791.431419999804348,10543.984136499999295
"Block Group 1, Census Tract 6140, Bristol County, Massachusetts",250056140001,N,Taunton,2151.000000000000000,975.000000000000000,54.672245470000000,803.000000000000000,129,16.064756389999999,27472.000000000000000,32.555549620000001,0,63433.000000000000000,75.170944210000002,I, ,M,Yes,MI,2,Minority and income,999130.312017000047490,4685.641589959999692
"Block Group 2, Census Tract 6140, Bristol County, Massachusetts",250056140002,N,Taunton,1182.000000000000000,744.000000000000000,37.055837560000001,453.000000000000000,0,0.000000000000000,58843.000000000000000,69.731590269999998,0,63433.000000000000000,75.170944210000002, , ,M,Yes,M,1,Minority,400953.418380999995861,3204.433620480000172
"Block Group 1, Census Tract 6141.01, Bristol County, Massachusetts",250056141011,N,Taunton,1817.000000000000000,1319.000000000000000,27.407815079999999,651.000000000000000,16,2.457757230000000,56304.000000000000000,66.722755430000007,0,63433.000000000000000,75.170944210000002, , ,M,Yes,M,1,Minority,2212638.033270000014454,8572.195537030000196
"Block Group 2, Census Tract 6141.01, Bristol County, Massachusetts",250056141012,N,Taunton,2299.000000000000000,1366.000000000000000,40.582862110000001,772.000000000000000,23,2.979274510000000,36455.000000000000000,43.200805660000000,0,63433.000000000000000,75.170944210000002,I, ,M,Yes,MI,2,Minority and income,4438928.839650000445545,9278.663019129999157
"Block Group 4, Census Tract 6301.02, Bristol County, Massachusetts",250056301024,N,North Attleborough,1259.000000000000000,994.000000000000000,21.048451150000002,336.000000000000000,10,2.976190570000000,53625.000000000000000,63.548023219999997,0,91994.000000000000000,109.017005920000003,I, , ,Yes,I,1,Income,475427.747825000027660,2820.542013480000151
"Block Group 2, Census Tract 6301.01, Bristol County, Massachusetts",250056301012,N,North Attleborough,2263.000000000000000,1779.000000000000000,21.387538670000001,984.000000000000000,27,2.743902440000000,53056.000000000000000,62.873733520000002,0,91994.000000000000000,109.017005920000003,I, , ,Yes,I,1,Income,551275.798549000057392,3149.304200229999879
"Block Group 2, Census Tract 6301.02, Bristol County, Massachusetts",250056301022,N,North Attleborough,1001.000000000000000,844.000000000000000,15.684315679999999,429.000000000000000,0,0.000000000000000,50903.000000000000000,60.322330469999997,0,91994.000000000000000,109.017005920000003,I, , ,Yes,I,1,Income,679764.913181000039913,4683.439730410000266
"Block Group 3, Census Tract 6312, Bristol County, Massachusetts",250056312003,N,Attleboro,1629.000000000000000,1238.000000000000000,24.002455489999999,807.000000000000000,18,2.230483290000000,39435.000000000000000,46.732238770000002,0,77107.000000000000000,91.375244140000007,I, , ,Yes,I,1,Income,1877235.889130000025034,5899.901828289999685
"Block Group 3, Census Tract 6313, Bristol County, Massachusetts",250056313003,N,Attleboro,1743.000000000000000,1173.000000000000000,32.702237519999997,746.000000000000000,39,5.227881910000000,57885.000000000000000,68.596313480000006,0,77107.000000000000000,91.375244140000007, , ,M,Yes,M,1,Minority,968290.452750000054948,5127.952130720000241
"Block Group 2, Census Tract 6314, Bristol County, Massachusetts",250056314002,N,Attleboro,1286.000000000000000,922.000000000000000,28.304821149999999,647.000000000000000,0,0.000000000000000,37066.000000000000000,43.924869540000003,0,77107.000000000000000,91.375244140000007,I, ,M,Yes,MI,2,Minority and income,391989.302542000019457,2898.323771670000042
"Block Group 2, Census Tract 6134, Bristol County, Massachusetts",250056134002,N,Taunton,1584.000000000000000,1090.000000000000000,31.186868690000001,563.000000000000000,36,6.394316200000000,63734.000000000000000,75.527641299999999,0,63433.000000000000000,75.170944210000002, , ,M,Yes,M,1,Minority,1898993.875620000064373,7094.472533680000197
"Block Group 2, Census Tract 6137, Bristol County, Massachusetts",250056137002,N,Taunton,2113.000000000000000,1383.000000000000000,34.548035970000001,848.000000000000000,100,11.792452810000000,49038.000000000000000,58.112224580000003,0,63433.000000000000000,75.170944210000002,I, ,M,Yes,MI,2,Minority and income,859701.607230999972671,5718.952103769999667
"Block Group 2, Census Tract 6136, Bristol County, Massachusetts",250056136002,N,Taunton,770.000000000000000,469.000000000000000,39.090909089999997,287.000000000000000,0,0.000000000000000,78750.000000000000000,93.322273249999995,0,63433.000000000000000,75.170944210000002, , ,M,Yes,M,1,Minority,163520.708572000003187,2208.262389670000175
"Block Group 2, Census Tract 6138, Bristol County, Massachusetts",250056138002,N,Taunton,1277.000000000000000,677.000000000000000,46.985121380000002,606.000000000000000,0,0.000000000000000,56618.000000000000000,67.094863889999999,0,63433.000000000000000,75.170944210000002, , ,M,Yes,M,1,Minority,453559.931281000026502,4107.888955759999590
"Block Group 4, Census Tract 6138, Bristol County, Massachusetts",250056138004,N,Taunton,1590.000000000000000,898.000000000000000,43.522012580000002,654.000000000000000,56,8.562690730000000,26529.000000000000000,31.438051219999998,0,63433.000000000000000,75.170944210000002,I, ,M,Yes,MI,2,Minority and income,651313.734867000021040,4173.814991090000149
"Block Group 1, Census Tract 6139.01, Bristol County, Massachusetts",250056139011,N,Taunton,1310.000000000000000,840.000000000000000,35.877862600000000,503.000000000000000,24,4.771371840000000,93005.000000000000000,110.215087890000007,0,63433.000000000000000,75.170944210000002, , ,M,Yes,M,1,Minority,579311.405464999959804,3447.055061600000045
"Block Group 2, Census Tract 6139.01, Bristol County, Massachusetts",250056139012,N,Taunton,1615.000000000000000,1053.000000000000000,34.798761610000000,721.000000000000000,78,10.818307880000001,33105.000000000000000,39.230907440000003,0,63433.000000000000000,75.170944210000002,I, ,M,Yes,MI,2,Minority and income,690293.194083999958821,3932.789946769999915
"Block Group 2, Census Tract 6139.02, Bristol County, Massachusetts",250056139022,N,Taunton,2089.000000000000000,1463.000000000000000,29.966491139999999,743.000000000000000,79,10.632570270000000,57639.000000000000000,68.304794310000005,0,63433.000000000000000,75.170944210000002, , ,M,Yes,M,1,Minority,1927396.460780000081286,8305.314852139999857
"Block Group 3, Census Tract 6401, Bristol County, Massachusetts",250056401003,N,Fall River,732.000000000000000,546.000000000000000,25.409836070000001,245.000000000000000,43,17.551019669999999,81893.000000000000000,97.046867370000001,0,46007.000000000000000,54.520351410000004, , ,M,Yes,M,1,Minority,307599.989908999996260,2848.876640769999995
"Block Group 4, Census Tract 6401, Bristol County, Massachusetts",250056401004,N,Fall River,1487.000000000000000,1106.000000000000000,25.622057829999999,358.000000000000000,27,7.541899200000000,64056.000000000000000,75.909225460000002,0,46007.000000000000000,54.520351410000004, , ,M,Yes,M,1,Minority,1309946.060150000033900,5688.442151919999560
"Block Group 5, Census Tract 6401, Bristol County, Massachusetts",250056401005,N,Fall River,1616.000000000000000,1401.000000000000000,13.304455450000001,495.000000000000000,67,13.535353660000000,47125.000000000000000,55.845233919999998,0,46007.000000000000000,54.520351410000004,I, , ,Yes,I,1,Income,2895451.573640000075102,19647.169669300001260
"Block Group 1, Census Tract 6402.01, Bristol County, Massachusetts",250056402011,N,Fall River,1155.000000000000000,866.000000000000000,25.021645020000001,262.000000000000000,11,4.198473450000000,37154.000000000000000,44.029151919999997,0,46007.000000000000000,54.520351410000004,I, ,M,Yes,MI,2,Minority and income,182944.671008000004804,1727.948797790000071
"Block Group 2, Census Tract 6402.01, Bristol County, Massachusetts",250056402012,N,Fall River,1476.000000000000000,874.000000000000000,40.785907860000002,813.000000000000000,64,7.872078900000000,48512.000000000000000,57.488891600000002,0,46007.000000000000000,54.520351410000004,I, ,M,Yes,MI,2,Minority and income,192178.551803999987897,2204.120745910000096
"Block Group 1, Census Tract 6402.02, Bristol County, Massachusetts",250056402021,N,Fall River,736.000000000000000,489.000000000000000,33.559782609999999,169.000000000000000,28,16.568046570000000,27540.000000000000000,32.636131290000002,0,46007.000000000000000,54.520351410000004,I, ,M,Yes,MI,2,Minority and income,144726.860191000014311,1879.266609680000101
"Block Group 2, Census Tract 6402.02, Bristol County, Massachusetts",250056402022,N,Fall River,1156.000000000000000,805.000000000000000,30.363321800000001,450.000000000000000,54,12.000000000000000,21970.000000000000000,26.035432820000000,0,46007.000000000000000,54.520351410000004,I, ,M,Yes,MI,2,Minority and income,170805.639541999989888,2225.981879810000009
"Block Group 3, Census Tract 6402.02, Bristol County, Massachusetts",250056402023,N,Fall River,1952.000000000000000,1419.000000000000000,27.305327869999999,1078.000000000000000,123,11.410018920000001,29035.000000000000000,34.407772059999999,0,46007.000000000000000,54.520351410000004,I, ,M,Yes,MI,2,Minority and income,1463032.028549999929965,5613.727463279999938
"Block Group 2, Census Tract 6409.01, Bristol County, Massachusetts",250056409012,N,Fall River,1631.000000000000000,1069.000000000000000,34.457388109999997,528.000000000000000,41,7.765151500000000,36000.000000000000000,42.661609650000003,0,46007.000000000000000,54.520351410000004,I, ,M,Yes,MI,2,Minority and income,164312.719761999993352,1694.313010789999908
"Block Group 3, Census Tract 6409.01, Bristol County, Massachusetts",250056409013,N,Fall River,1328.000000000000000,657.000000000000000,50.527108429999998,513.000000000000000,93,18.128654480000002,47278.000000000000000,56.026546480000000,0,46007.000000000000000,54.520351410000004,I, ,M,Yes,MI,2,Minority and income,119558.355299000002560,1388.813211050000064
"Block Group 1, Census Tract 6410, Bristol County, Massachusetts",250056410001,N,Fall River,781.000000000000000,561.000000000000000,28.169014080000000,492.000000000000000,27,5.487804890000000,18475.000000000000000,21.893701549999999,0,46007.000000000000000,54.520351410000004,I, ,M,Yes,MI,2,Minority and income,704700.172574999975041,3670.862563950000094
"Block Group 2, Census Tract 6410, Bristol County, Massachusetts",250056410002,N,Fall River,767.000000000000000,536.000000000000000,30.117340290000001,310.000000000000000,121,39.032257080000001,40402.000000000000000,47.878177639999997,0,46007.000000000000000,54.520351410000004,I,E,M,Yes,MIE,3,"Minority, income and English isolation",89205.339423199999146,1257.521098429999938
"Block Group 3, Census Tract 6410, Bristol County, Massachusetts",250056410003,N,Fall River,859.000000000000000,584.000000000000000,32.013969729999999,437.000000000000000,123,28.146453860000001,29174.000000000000000,34.572494509999999,0,46007.000000000000000,54.520351410000004,I,E,M,Yes,MIE,3,"Minority, income and English isolation",160908.667094000003999,1704.663253870000062
"Block Group 1, Census Tract 6411.01, Bristol County, Massachusetts",250056411011,N,Fall River,1222.000000000000000,687.000000000000000,43.780687399999998,602.000000000000000,110,18.272424699999998,20990.000000000000000,24.874088290000000,0,46007.000000000000000,54.520351410000004,I, ,M,Yes,MI,2,Minority and income,378447.145331999985501,3680.844230279999920
"Block Group 2, Census Tract 6411.01, Bristol County, Massachusetts",250056411012,N,Fall River,681.000000000000000,418.000000000000000,38.619676949999999,386.000000000000000,66,17.098445890000001,14583.000000000000000,17.281507489999999,0,46007.000000000000000,54.520351410000004,I, ,M,Yes,MI,2,Minority and income,80635.047054700000444,1193.589121179999893
"Block Group 2, Census Tract 6412, Bristol County, Massachusetts",250056412002,N,Fall River,1162.000000000000000,805.000000000000000,30.722891570000002,483.000000000000000,82,16.977226259999998,32150.000000000000000,38.099189760000002,0,46007.000000000000000,54.520351410000004,I, ,M,Yes,MI,2,Minority and income,987787.276900999946520,5719.263254079999570
"Block Group 3, Census Tract 6413, Bristol County, Massachusetts",250056413003,N,Fall River,959.000000000000000,478.000000000000000,50.156412930000002,346.000000000000000,71,20.520231249999998,42784.000000000000000,50.700954439999997,0,46007.000000000000000,54.520351410000004,I, ,M,Yes,MI,2,Minority and income,85072.666109700003290,1259.441727059999948
"Block Group 2, Census Tract 6414, Bristol County, Massachusetts",250056414002,N,Fall River,940.000000000000000,530.000000000000000,43.617021280000003,394.000000000000000,40,10.152284620000000,27805.000000000000000,32.950168609999999,0,46007.000000000000000,54.520351410000004,I, ,M,Yes,MI,2,Minority and income,109567.050657999992836,1561.823594819999926
"Block Group 1, Census Tract 6417, Bristol County, Massachusetts",250056417001,N,Fall River,612.000000000000000,570.000000000000000,6.862745100000000,291.000000000000000,46,15.807559970000000,45424.000000000000000,53.829471589999997,0,46007.000000000000000,54.520351410000004,I, , ,Yes,I,1,Income,1411398.523890000069514,8088.076069579999967
"Block Group 4, Census Tract 6417, Bristol County, Massachusetts",250056417004,N,Fall River,2093.000000000000000,1650.000000000000000,21.165790730000001,753.000000000000000,44,5.843293670000000,32054.000000000000000,37.985424039999998,0,46007.000000000000000,54.520351410000004,I, , ,Yes,I,1,Income,790405.328959999955259,4221.156780760000402
"Block Group 1, Census Tract 6420, Bristol County, Massachusetts",250056420001,N,Fall River,610.000000000000000,432.000000000000000,29.180327869999999,172.000000000000000,0,0.000000000000000,64306.000000000000000,76.205490110000000,0,46007.000000000000000,54.520351410000004, , ,M,Yes,M,1,Minority,360052.029366999980994,3074.357992270000068
"Block Group 3, Census Tract 6403, Bristol County, Massachusetts",250056403003,N,Fall River,1290.000000000000000,913.000000000000000,29.224806200000000,794.000000000000000,43,5.415616990000000,51513.000000000000000,61.045207980000001,0,46007.000000000000000,54.520351410000004,I, ,M,Yes,MI,2,Minority and income,904073.869368999963626,5370.442041539999991
"Block Group 2, Census Tract 6404, Bristol County, Massachusetts",250056404002,N,Fall River,935.000000000000000,710.000000000000000,24.064171120000001,603.000000000000000,132,21.890546799999999,26951.000000000000000,31.938140870000002,0,46007.000000000000000,54.520351410000004,I, , ,Yes,I,1,Income,195520.413858000014443,1939.035348560000102
"Block Group 1, Census Tract 6405, Bristol County, Massachusetts",250056405001,N,Fall River,920.000000000000000,610.000000000000000,33.695652170000002,300.000000000000000,0,0.000000000000000,23594.000000000000000,27.959945680000001,0,46007.000000000000000,54.520351410000004,I, ,M,Yes,MI,2,Minority and income,97124.012061600005836,1353.992084409999961
"Block Group 2, Census Tract 6405, Bristol County, Massachusetts",250056405002,N,Fall River,723.000000000000000,545.000000000000000,24.619640390000001,342.000000000000000,80,23.391813280000001,35909.000000000000000,42.553771970000000,0,46007.000000000000000,54.520351410000004,I, ,M,Yes,MI,2,Minority and income,121600.996836999998777,1518.939433510000072
"Block Group 3, Census Tract 6405, Bristol County, Massachusetts",250056405003,N,Fall River,973.000000000000000,688.000000000000000,29.290853030000001,379.000000000000000,33,8.707123760000000,50667.000000000000000,60.042659759999999,0,46007.000000000000000,54.520351410000004,I, ,M,Yes,MI,2,Minority and income,157871.515057999989949,2046.800196160000041
"Block Group 5, Census Tract 6405, Bristol County, Massachusetts",250056405005,N,Fall River,1690.000000000000000,1243.000000000000000,26.449704140000001,827.000000000000000,134,16.203144070000000,50703.000000000000000,60.085323330000001,0,46007.000000000000000,54.520351410000004,I, ,M,Yes,MI,2,Minority and income,249593.889874999993481,2542.672370560000218
"Block Group 1, Census Tract 6406, Bristol County, Massachusetts",250056406001,N,Fall River,1039.000000000000000,584.000000000000000,43.792107799999997,358.000000000000000,77,21.508378980000000,21250.000000000000000,25.182201389999999,0,46007.000000000000000,54.520351410000004,I, ,M,Yes,MI,2,Minority and income,164727.192176999989897,1616.189105319999953
"Block Group 2, Census Tract 6406, Bristol County, Massachusetts",250056406002,N,Fall River,1134.000000000000000,768.000000000000000,32.275132280000001,521.000000000000000,39,7.485604760000000,44306.000000000000000,52.504592899999999,0,46007.000000000000000,54.520351410000004,I, ,M,Yes,MI,2,Minority and income,228184.166599999996834,2379.778790289999961
"Block Group 3, Census Tract 6406, Bristol County, Massachusetts",250056406003,N,Fall River,1688.000000000000000,1120.000000000000000,33.649289099999997,637.000000000000000,140,21.978021620000000,62536.000000000000000,74.107955930000003,0,46007.000000000000000,54.520351410000004, , ,M,Yes,M,1,Minority,180821.650193999987096,1731.205661940000027
"Block Group 4, Census Tract 6406, Bristol County, Massachusetts",250056406004,N,Fall River,1030.000000000000000,744.000000000000000,27.766990289999999,369.000000000000000,10,2.710027220000000,43799.000000000000000,51.903774259999999,0,46007.000000000000000,54.520351410000004,I, ,M,Yes,MI,2,Minority and income,147045.853401000000304,1560.223652540000103
"Block Group 1, Census Tract 6409.01, Bristol County, Massachusetts",250056409011,N,Fall River,541.000000000000000,345.000000000000000,36.229205180000001,281.000000000000000,0,0.000000000000000,44096.000000000000000,52.255733489999997,0,46007.000000000000000,54.520351410000004,I, ,M,Yes,MI,2,Minority and income,211557.220980999991298,2257.757150920000186
"Block Group 1, Census Tract 6315, Bristol County, Massachusetts",250056315001,N,Attleboro,1878.000000000000000,1318.000000000000000,29.818956340000000,886.000000000000000,10,1.128668190000000,71429.000000000000000,84.646560670000000,0,77107.000000000000000,91.375244140000007, , ,M,Yes,M,1,Minority,866756.781419000006281,5261.474656610000238
"Block Group 1, Census Tract 6316, Bristol County, Massachusetts",250056316001,N,Attleboro,1563.000000000000000,796.000000000000000,49.072296870000002,622.000000000000000,74,11.897106170000001,44133.000000000000000,52.299579620000003,0,77107.000000000000000,91.375244140000007,I, ,M,Yes,MI,2,Minority and income,517137.375530000019353,5029.031535240000267
"Block Group 4, Census Tract 6318, Bristol County, Massachusetts",250056318004,N,Attleboro,1374.000000000000000,1014.000000000000000,26.200873359999999,385.000000000000000,0,0.000000000000000,81711.000000000000000,96.831192020000003,0,77107.000000000000000,91.375244140000007, , ,M,Yes,M,1,Minority,1685361.530340000055730,7060.381776330000321
"Block Group 2, Census Tract 6401, Bristol County, Massachusetts",250056401002,N,Fall River,882.000000000000000,486.000000000000000,44.897959180000001,370.000000000000000,36,9.729729649999999,33281.000000000000000,39.439472199999997,0,46007.000000000000000,54.520351410000004,I, ,M,Yes,MI,2,Minority and income,214260.550580999988597,2502.705092459999832
"Block Group 3, Census Tract 6316, Bristol County, Massachusetts",250056316003,N,Attleboro,1523.000000000000000,995.000000000000000,34.668417599999998,450.000000000000000,0,0.000000000000000,46071.000000000000000,54.596195219999998,0,77107.000000000000000,91.375244140000007,I, ,M,Yes,MI,2,Minority and income,743588.919254999957047,3739.134705909999866
"Block Group 1, Census Tract 6413, Bristol County, Massachusetts",250056413001,N,Fall River,824.000000000000000,269.000000000000000,67.354368930000007,211.000000000000000,110,52.132701869999998,25649.000000000000000,30.395212170000001,0,46007.000000000000000,54.520351410000004,I,E,M,Yes,MIE,3,"Minority, income and English isolation",180334.856755999993766,1877.446685079999952
"Block Group 1, Census Tract 6401, Bristol County, Massachusetts",250056401001,N,Fall River,1171.000000000000000,795.000000000000000,32.109308280000000,482.000000000000000,11,2.282157660000000,58750.000000000000000,69.621376040000001,0,46007.000000000000000,54.520351410000004, , ,M,Yes,M,1,Minority,224422.174557999998797,2107.883541730000161
"Block Group 1, Census Tract 6404, Bristol County, Massachusetts",250056404001,N,Fall River,715.000000000000000,525.000000000000000,26.573426569999999,139.000000000000000,44,31.654676439999999,41442.000000000000000,49.110622409999998,0,46007.000000000000000,54.520351410000004,I,E,M,Yes,MIE,3,"Minority, income and English isolation",131090.458685999998124,1551.191126510000004
"Block Group 3, Census Tract 6414, Bristol County, Massachusetts",250056414003,N,Fall River,1661.000000000000000,1215.000000000000000,26.851294400000000,835.000000000000000,174,20.838323590000002,16964.000000000000000,20.103099820000001,0,46007.000000000000000,54.520351410000004,I, ,M,Yes,MI,2,Minority and income,421404.664203999971505,2806.856507559999955
"Block Group 1, Census Tract 6415, Bristol County, Massachusetts",250056415001,N,Fall River,1311.000000000000000,1000.000000000000000,23.722349349999998,575.000000000000000,152,26.434782030000001,52868.000000000000000,62.650943759999997,0,46007.000000000000000,54.520351410000004,I,E, ,Yes,IE,2,Income and English isolation,175636.195596000005025,2111.625767800000176
"Block Group 1, Census Tract 6416, Bristol County, Massachusetts",250056416001,N,Fall River,1090.000000000000000,895.000000000000000,17.889908259999999,360.000000000000000,5,1.388888840000000,49891.000000000000000,59.123065949999997,0,46007.000000000000000,54.520351410000004,I, , ,Yes,I,1,Income,1078261.691420000046492,5307.517508640000415
"Block Group 5, Census Tract 6413, Bristol County, Massachusetts",250056413005,N,Fall River,991.000000000000000,636.000000000000000,35.822401610000000,530.000000000000000,39,7.358490470000000,26985.000000000000000,31.978431700000002,0,46007.000000000000000,54.520351410000004,I, ,M,Yes,MI,2,Minority and income,180233.462495000014314,1928.536017829999992
"Block Group 2, Census Tract 6418, Bristol County, Massachusetts",250056418002,N,Fall River,1566.000000000000000,1221.000000000000000,22.030651339999999,571.000000000000000,66,11.558669090000000,54402.000000000000000,64.468803410000007,0,46007.000000000000000,54.520351410000004,I, , ,Yes,I,1,Income,417074.163028999988455,3213.173260479999954
"Block Group 1, Census Tract 6419, Bristol County, Massachusetts",250056419001,N,Fall River,956.000000000000000,684.000000000000000,28.451882850000001,419.000000000000000,9,2.147971390000000,52986.000000000000000,62.790779110000003,0,46007.000000000000000,54.520351410000004,I, ,M,Yes,MI,2,Minority and income,137726.008566000004066,1965.285422440000048
"Block Group 1, Census Tract 6418, Bristol County, Massachusetts",250056418001,N,Fall River,506.000000000000000,360.000000000000000,28.853754940000002,288.000000000000000,13,4.513888840000000,47879.000000000000000,56.738758089999997,0,46007.000000000000000,54.520351410000004,I, ,M,Yes,MI,2,Minority and income,107846.883436999996775,1653.081489189999957
"Block Group 1, Census Tract 6421, Bristol County, Massachusetts",250056421001,N,Fall River,2673.000000000000000,1973.000000000000000,26.187803970000001,973.000000000000000,0,0.000000000000000,58151.000000000000000,68.911537170000003,0,46007.000000000000000,54.520351410000004, , ,M,Yes,M,1,Minority,2733479.658770000096411,9507.142468559999543
"Block Group 1, Census Tract 6422, Bristol County, Massachusetts",250056422001,N,Fall River,1040.000000000000000,863.000000000000000,17.019230770000000,259.000000000000000,0,0.000000000000000,54095.000000000000000,64.104995729999999,0,46007.000000000000000,54.520351410000004,I, , ,Yes,I,1,Income,552886.269193000043742,3324.430372339999849
"Block Group 2, Census Tract 6422, Bristol County, Massachusetts",250056422002,N,Fall River,1008.000000000000000,540.000000000000000,46.428571429999998,455.000000000000000,18,3.956043960000000,48848.000000000000000,57.887065890000002,0,46007.000000000000000,54.520351410000004,I, ,M,Yes,MI,2,Minority and income,307606.495313999999780,2838.309705340000164
"Block Group 1, Census Tract 6501.02, Bristol County, Massachusetts",250056501021,N,New Bedford,1422.000000000000000,830.000000000000000,41.631504919999998,517.000000000000000,23,4.448742870000000,48446.000000000000000,57.410678859999997,0,48999.000000000000000,58.066005709999999,I, ,M,Yes,MI,2,Minority and income,860998.968571000033990,5082.499488839999685
"Block Group 2, Census Tract 6503, Bristol County, Massachusetts",250056503002,N,New Bedford,893.000000000000000,627.000000000000000,29.787234040000001,361.000000000000000,0,0.000000000000000,57539.000000000000000,68.186286929999994,0,48999.000000000000000,58.066005709999999, , ,M,Yes,M,1,Minority,243712.053301000007195,2408.093129760000011
"Block Group 4, Census Tract 6409.01, Bristol County, Massachusetts",250056409014,N,Fall River,1318.000000000000000,851.000000000000000,35.432473440000003,295.000000000000000,79,26.779661180000002,74226.000000000000000,87.961128230000000,0,46007.000000000000000,54.520351410000004, ,E,M,Yes,ME,2,Minority and English isolation,194304.354259999992792,1908.324630509999906
"Block Group 2, Census Tract 6419, Bristol County, Massachusetts",250056419002,N,Fall River,1475.000000000000000,1036.000000000000000,29.762711860000000,599.000000000000000,65,10.851419450000000,47663.000000000000000,56.482788090000000,0,46007.000000000000000,54.520351410000004,I, ,M,Yes,MI,2,Minority and income,216455.469076000008499,2911.129389910000100
"Block Group 1, Census Tract 6403, Bristol County, Massachusetts",250056403001,N,Fall River,1700.000000000000000,775.000000000000000,54.411764710000000,500.000000000000000,66,13.199999810000000,24811.000000000000000,29.402145390000001,0,46007.000000000000000,54.520351410000004,I, ,M,Yes,MI,2,Minority and income,488957.717675999971107,3903.247570290000112
"Block Group 2, Census Tract 6403, Bristol County, Massachusetts",250056403002,N,Fall River,1060.000000000000000,875.000000000000000,17.452830190000000,438.000000000000000,7,1.598173500000000,51071.000000000000000,60.521419530000003,0,46007.000000000000000,54.520351410000004,I, , ,Yes,I,1,Income,364086.873837999999523,3442.508288909999919
"Block Group 5, Census Tract 6409.01, Bristol County, Massachusetts",250056409015,N,Fall River,654.000000000000000,415.000000000000000,36.544342510000000,248.000000000000000,0,0.000000000000000,34261.000000000000000,40.600818629999999,0,46007.000000000000000,54.520351410000004,I, ,M,Yes,MI,2,Minority and income,55902.969503599997552,948.999334098999952
"Block Group 1, Census Tract 6412, Bristol County, Massachusetts",250056412001,N,Fall River,1816.000000000000000,1145.000000000000000,36.949339209999998,977.000000000000000,142,14.534288410000000,33036.000000000000000,39.149139400000003,0,46007.000000000000000,54.520351410000004,I, ,M,Yes,MI,2,Minority and income,161583.524027000006754,1651.477143789999900
"Block Group 1, Census Tract 6408, Bristol County, Massachusetts",250056408001,N,Fall River,1208.000000000000000,583.000000000000000,51.738410600000002,284.000000000000000,31,10.915493010000000,59821.000000000000000,70.890563959999994,0,46007.000000000000000,54.520351410000004, , ,M,Yes,M,1,Minority,389772.019456000009086,3998.224567870000101
"Block Group 2, Census Tract 6408, Bristol County, Massachusetts",250056408002,N,Fall River,1255.000000000000000,827.000000000000000,34.103585660000000,425.000000000000000,85,20.000000000000000,45586.000000000000000,54.021450039999998,0,46007.000000000000000,54.520351410000004,I, ,M,Yes,MI,2,Minority and income,990298.295218999963254,5199.434434509999846
"Block Group 2, Census Tract 6413, Bristol County, Massachusetts",250056413002,N,Fall River,1356.000000000000000,936.000000000000000,30.973451330000000,669.000000000000000,76,11.360239030000001,51750.000000000000000,61.326065059999998,0,46007.000000000000000,54.520351410000004,I, ,M,Yes,MI,2,Minority and income,220352.971090000006370,2564.900897999999870
"Block Group 2, Census Tract 6415, Bristol County, Massachusetts",250056415002,N,Fall River,1152.000000000000000,863.000000000000000,25.086805559999998,614.000000000000000,0,0.000000000000000,47115.000000000000000,55.833381650000000,0,46007.000000000000000,54.520351410000004,I, ,M,Yes,MI,2,Minority and income,182655.373610999988159,2565.127484480000021
"Block Group 2, Census Tract 6416, Bristol County, Massachusetts",250056416002,N,Fall River,1246.000000000000000,1005.000000000000000,19.341894060000001,589.000000000000000,50,8.488964080000001,43063.000000000000000,51.031581879999997,0,46007.000000000000000,54.520351410000004,I, , ,Yes,I,1,Income,457555.750686999992467,4210.399172970000109
"Block Group 4, Census Tract 6413, Bristol County, Massachusetts",250056413004,N,Fall River,1414.000000000000000,793.000000000000000,43.917963219999997,633.000000000000000,57,9.004739760000000,68183.000000000000000,80.799903869999994,0,46007.000000000000000,54.520351410000004, , ,M,Yes,M,1,Minority,219733.518083000002662,2501.914807059999930
"Block Group 1, Census Tract 6414, Bristol County, Massachusetts",250056414001,N,Fall River,730.000000000000000,303.000000000000000,58.493150679999999,262.000000000000000,90,34.351146700000001,47738.000000000000000,56.571666720000003,0,46007.000000000000000,54.520351410000004,I,E,M,Yes,MIE,3,"Minority, income and English isolation",82491.714564900001278,1549.598648299999923
"Block Group 2, Census Tract 6508, Bristol County, Massachusetts",250056508002,N,New Bedford,836.000000000000000,424.000000000000000,49.282296649999999,310.000000000000000,30,9.677419660000000,16809.000000000000000,19.919416429999998,0,48999.000000000000000,58.066005709999999,I, ,M,Yes,MI,2,Minority and income,132069.114303999987897,1483.594263149999961
"Block Group 3, Census Tract 6508, Bristol County, Massachusetts",250056508003,N,New Bedford,1046.000000000000000,332.000000000000000,68.260038240000000,340.000000000000000,124,36.470588679999999,33571.000000000000000,39.783138280000003,0,48999.000000000000000,58.066005709999999,I,E,M,Yes,MIE,3,"Minority, income and English isolation",261905.540627000009408,2136.094793509999818
"Block Group 4, Census Tract 6508, Bristol County, Massachusetts",250056508004,N,New Bedford,998.000000000000000,404.000000000000000,59.519038080000001,465.000000000000000,124,26.666666029999998,35304.000000000000000,41.836818700000002,0,48999.000000000000000,58.066005709999999,I,E,M,Yes,MIE,3,"Minority, income and English isolation",89876.721632000000682,1502.906869400000005
"Block Group 1, Census Tract 6509, Bristol County, Massachusetts",250056509001,N,New Bedford,855.000000000000000,214.000000000000000,74.970760229999996,317.000000000000000,76,23.974763870000000,48404.000000000000000,57.360904689999998,0,48999.000000000000000,58.066005709999999,I, ,M,Yes,MI,2,Minority and income,278359.908521000004839,2640.099715289999949
"Block Group 2, Census Tract 6509, Bristol County, Massachusetts",250056509002,N,New Bedford,1430.000000000000000,743.000000000000000,48.041958039999997,404.000000000000000,66,16.336633679999998,48158.000000000000000,57.069385529999998,0,48999.000000000000000,58.066005709999999,I, ,M,Yes,MI,2,Minority and income,280386.022072000021581,2773.796258110000053
"Block Group 3, Census Tract 6509, Bristol County, Massachusetts",250056509003,N,New Bedford,855.000000000000000,197.000000000000000,76.959064330000004,289.000000000000000,47,16.262975690000001,24554.000000000000000,29.097587590000000,0,48999.000000000000000,58.066005709999999,I, ,M,Yes,MI,2,Minority and income,389755.461673000012524,2720.685118620000139
"Block Group 1, Census Tract 6510.01, Bristol County, Massachusetts",250056510011,N,New Bedford,902.000000000000000,583.000000000000000,35.365853659999999,262.000000000000000,16,6.106870170000000,95962.000000000000000,113.719261169999996,0,48999.000000000000000,58.066005709999999, , ,M,Yes,M,1,Minority,2073739.141099999891594,6250.984087210000325
"Block Group 2, Census Tract 6510.01, Bristol County, Massachusetts",250056510012,N,New Bedford,2122.000000000000000,1576.000000000000000,25.730442979999999,809.000000000000000,11,1.359703300000000,59219.000000000000000,70.177162170000003,0,48999.000000000000000,58.066005709999999, , ,M,Yes,M,1,Minority,1410677.942040000110865,5825.930616759999793
"Block Group 1, Census Tract 6517, Bristol County, Massachusetts",250056517001,N,New Bedford,1007.000000000000000,222.000000000000000,77.954319760000004,598.000000000000000,43,7.190635680000000,22482.000000000000000,26.642175670000000,0,48999.000000000000000,58.066005709999999,I, ,M,Yes,MI,2,Minority and income,194319.961330999998609,2026.090870380000069
"Block Group 2, Census Tract 6517, Bristol County, Massachusetts",250056517002,N,New Bedford,1194.000000000000000,588.000000000000000,50.753768839999999,527.000000000000000,0,0.000000000000000,48854.000000000000000,57.894176479999999,0,48999.000000000000000,58.066005709999999,I, ,M,Yes,MI,2,Minority and income,212504.695486999989953,2135.557513690000178
"Block Group 1, Census Tract 6518, Bristol County, Massachusetts",250056518001,N,New Bedford,1321.000000000000000,769.000000000000000,41.786525359999999,859.000000000000000,122,14.202561380000001,12981.000000000000000,15.383066180000000,0,48999.000000000000000,58.066005709999999,I, ,M,Yes,MI,2,Minority and income,468753.594416000007186,2796.552061379999941
"Block Group 2, Census Tract 6518, Bristol County, Massachusetts",250056518002,N,New Bedford,744.000000000000000,327.000000000000000,56.048387099999999,372.000000000000000,14,3.763440850000000,11911.000000000000000,14.115067480000000,0,48999.000000000000000,58.066005709999999,I, ,M,Yes,MI,2,Minority and income,792106.893190999981016,5637.019702949999555
"Block Group 1, Census Tract 6519, Bristol County, Massachusetts",250056519001,N,New Bedford,743.000000000000000,235.000000000000000,68.371467030000005,283.000000000000000,59,20.848056790000001,16563.000000000000000,19.627895360000000,0,48999.000000000000000,58.066005709999999,I, ,M,Yes,MI,2,Minority and income,1725386.585819999920204,5892.593849419999970
"Block Group 2, Census Tract 6519, Bristol County, Massachusetts",250056519002,N,New Bedford,1424.000000000000000,249.000000000000000,82.514044940000005,501.000000000000000,156,31.137723919999999,37250.000000000000000,44.142917629999999,0,48999.000000000000000,58.066005709999999,I,E,M,Yes,MIE,3,"Minority, income and English isolation",182841.757805000001099,2127.750290009999844
"Block Group 2, Census Tract 6520, Bristol County, Massachusetts",250056520002,N,New Bedford,950.000000000000000,498.000000000000000,47.578947370000002,313.000000000000000,64,20.447284700000001,44340.000000000000000,52.544883730000002,0,48999.000000000000000,58.066005709999999,I, ,M,Yes,MI,2,Minority and income,144088.063404999993509,1500.314405390000047
"Block Group 3, Census Tract 6520, Bristol County, Massachusetts",250056520003,N,New Bedford,1180.000000000000000,615.000000000000000,47.881355929999998,531.000000000000000,49,9.227871889999999,48750.000000000000000,57.770931240000003,0,48999.000000000000000,58.066005709999999,I, ,M,Yes,MI,2,Minority and income,128963.190168000000995,1437.264726500000052
"Block Group 2, Census Tract 6521, Bristol County, Massachusetts",250056521002,N,New Bedford,800.000000000000000,552.000000000000000,31.000000000000000,254.000000000000000,34,13.385827060000000,80500.000000000000000,95.396102909999996,0,48999.000000000000000,58.066005709999999, , ,M,Yes,M,1,Minority,230611.743027999997139,1959.210688959999970
"Block Group 1, Census Tract 6523, Bristol County, Massachusetts",250056523001,N,New Bedford,1037.000000000000000,714.000000000000000,31.147540979999999,534.000000000000000,226,42.322097780000000,31796.000000000000000,37.679683689999997,0,48999.000000000000000,58.066005709999999,I,E,M,Yes,MIE,3,"Minority, income and English isolation",116729.241691999995965,1544.226533080000081
"Block Group 2, Census Tract 6420, Bristol County, Massachusetts",250056420002,N,Fall River,1111.000000000000000,839.000000000000000,24.482448240000000,374.000000000000000,96,25.668449400000000,44444.000000000000000,52.668128969999998,0,46007.000000000000000,54.520351410000004,I,E, ,Yes,IE,2,Income and English isolation,484131.181833999988157,3880.052172520000113
"Block Group 3, Census Tract 6420, Bristol County, Massachusetts",250056420003,N,Fall River,1763.000000000000000,954.000000000000000,45.887691439999998,853.000000000000000,63,7.385697360000000,38537.000000000000000,45.668067929999999,0,46007.000000000000000,54.520351410000004,I, ,M,Yes,MI,2,Minority and income,1081216.838999999919906,4315.046534719999727
"Block Group 2, Census Tract 6510.02, Bristol County, Massachusetts",250056510022,N,New Bedford,1903.000000000000000,812.000000000000000,57.330530740000000,679.000000000000000,76,11.192931180000000,70417.000000000000000,83.447296140000006,0,48999.000000000000000,58.066005709999999, , ,M,Yes,M,1,Minority,1092367.498009999981150,4650.379315440000028
"Block Group 1, Census Tract 6511, Bristol County, Massachusetts",250056511001,N,New Bedford,1199.000000000000000,354.000000000000000,70.475396160000003,440.000000000000000,130,29.545454029999998,26444.000000000000000,31.337322239999999,0,48999.000000000000000,58.066005709999999,I,E,M,Yes,MIE,3,"Minority, income and English isolation",184057.991005999996560,2195.768238380000184
"Block Group 4, Census Tract 6511, Bristol County, Massachusetts",250056511004,N,New Bedford,916.000000000000000,569.000000000000000,37.882096070000003,419.000000000000000,18,4.295942780000000,27404.000000000000000,32.474964139999997,0,48999.000000000000000,58.066005709999999,I, ,M,Yes,MI,2,Minority and income,171968.003068999998504,2159.246035969999866
"Block Group 2, Census Tract 6513, Bristol County, Massachusetts",250056513002,N,New Bedford,1034.000000000000000,612.000000000000000,40.812379110000002,458.000000000000000,4,0.873362420000000,33587.000000000000000,39.802097320000001,0,48999.000000000000000,58.066005709999999,I, ,M,Yes,MI,2,Minority and income,152188.329566000000341,1748.544756409999991
"Block Group 1, Census Tract 6514, Bristol County, Massachusetts",250056514001,N,New Bedford,1153.000000000000000,657.000000000000000,43.018213359999997,440.000000000000000,125,28.409090039999999,48871.000000000000000,57.914321899999997,0,48999.000000000000000,58.066005709999999,I,E,M,Yes,MIE,3,"Minority, income and English isolation",140941.534962000005180,1540.654213369999979
"Block Group 3, Census Tract 6514, Bristol County, Massachusetts",250056514003,N,New Bedford,712.000000000000000,331.000000000000000,53.511235960000000,299.000000000000000,28,9.364548680000000,41131.000000000000000,48.742076869999998,0,48999.000000000000000,58.066005709999999,I, ,M,Yes,MI,2,Minority and income,90854.400041400003829,1256.186785630000031
"Block Group 4, Census Tract 6514, Bristol County, Massachusetts",250056514004,N,New Bedford,703.000000000000000,296.000000000000000,57.894736840000000,331.000000000000000,22,6.646525860000000,0.000000000000000,0.000000000000000,0,48999.000000000000000,58.066005709999999, , ,M,Yes,M,1,Minority,97555.209949700001744,1264.931644969999979
"Block Group 1, Census Tract 6515, Bristol County, Massachusetts",250056515001,N,New Bedford,1018.000000000000000,543.000000000000000,46.660117880000001,381.000000000000000,7,1.837270380000000,52292.000000000000000,61.968360900000000,0,48999.000000000000000,58.066005709999999,I, ,M,Yes,MI,2,Minority and income,165223.643554000009317,1673.231345229999988
"Block Group 2, Census Tract 6515, Bristol County, Massachusetts",250056515002,N,New Bedford,1077.000000000000000,294.000000000000000,72.701949859999999,402.000000000000000,17,4.228855610000000,82292.000000000000000,97.519699099999997,0,48999.000000000000000,58.066005709999999, , ,M,Yes,M,1,Minority,394807.105603999982122,2440.211692450000101
"Block Group 3, Census Tract 6515, Bristol County, Massachusetts",250056515003,N,New Bedford,1185.000000000000000,494.000000000000000,58.312236290000001,509.000000000000000,2,0.392927320000000,52321.000000000000000,62.002727510000000,0,48999.000000000000000,58.066005709999999,I, ,M,Yes,MI,2,Minority and income,293603.645138000021689,2368.525709749999805
"Block Group 4, Census Tract 6516, Bristol County, Massachusetts",250056516004,N,New Bedford,1153.000000000000000,631.000000000000000,45.273200350000003,399.000000000000000,30,7.518796920000000,45592.000000000000000,54.028560640000002,0,48999.000000000000000,58.066005709999999,I, ,M,Yes,MI,2,Minority and income,252976.319057999993674,2031.400780129999930
"Block Group 1, Census Tract 6504, Bristol County, Massachusetts",250056504001,N,New Bedford,1137.000000000000000,739.000000000000000,35.004397539999999,579.000000000000000,23,3.972366090000000,72014.000000000000000,85.339813230000004,0,48999.000000000000000,58.066005709999999, , ,M,Yes,M,1,Minority,463052.454848999972455,3379.250318769999922
"Block Group 1, Census Tract 6505, Bristol County, Massachusetts",250056505001,N,New Bedford,665.000000000000000,485.000000000000000,27.067669169999999,393.000000000000000,21,5.343511580000000,53964.000000000000000,63.949752810000000,0,48999.000000000000000,58.066005709999999,I, ,M,Yes,MI,2,Minority and income,131776.006805999990320,1740.642907780000087
"Block Group 2, Census Tract 6505, Bristol County, Massachusetts",250056505002,N,New Bedford,1265.000000000000000,870.000000000000000,31.225296440000001,642.000000000000000,109,16.978193279999999,30789.000000000000000,36.486343380000001,0,48999.000000000000000,58.066005709999999,I, ,M,Yes,MI,2,Minority and income,287863.502464000019245,2609.907500530000107
"Block Group 3, Census Tract 6505, Bristol County, Massachusetts",250056505003,N,New Bedford,1475.000000000000000,941.000000000000000,36.203389829999999,531.000000000000000,57,10.734463690000000,47112.000000000000000,55.829826349999998,0,48999.000000000000000,58.066005709999999,I, ,M,Yes,MI,2,Minority and income,154701.003594999987399,1667.070583350000106
"Block Group 1, Census Tract 6506, Bristol County, Massachusetts",250056506001,N,New Bedford,1600.000000000000000,879.000000000000000,45.062500000000000,801.000000000000000,91,11.360798839999999,36513.000000000000000,43.269538879999999,0,48999.000000000000000,58.066005709999999,I, ,M,Yes,MI,2,Minority and income,249738.258354999998119,2294.536473520000072
"Block Group 1, Census Tract 6508, Bristol County, Massachusetts",250056508001,N,New Bedford,931.000000000000000,548.000000000000000,41.138560689999998,341.000000000000000,68,19.941349030000001,69243.000000000000000,82.056053160000005,0,48999.000000000000000,58.066005709999999, , ,M,Yes,M,1,Minority,117875.004170000000158,1612.725983170000063
"Block Group 2, Census Tract 6421, Bristol County, Massachusetts",250056421002,N,Fall River,1678.000000000000000,1260.000000000000000,24.910607870000000,1022.000000000000000,83,8.121330260000001,43784.000000000000000,51.885997770000003,0,46007.000000000000000,54.520351410000004,I, ,M,Yes,MI,2,Minority and income,1884270.423269999912009,7073.094305839999834
"Block Group 3, Census Tract 6422, Bristol County, Massachusetts",250056422003,N,Fall River,1048.000000000000000,829.000000000000000,20.896946560000000,511.000000000000000,57,11.154599190000001,36971.000000000000000,43.812290189999999,0,46007.000000000000000,54.520351410000004,I, , ,Yes,I,1,Income,271684.888734999985900,2605.526139619999867
"Block Group 4, Census Tract 6422, Bristol County, Massachusetts",250056422004,N,Fall River,762.000000000000000,564.000000000000000,25.984251969999999,323.000000000000000,23,7.120742800000000,65335.000000000000000,77.424896239999995,0,46007.000000000000000,54.520351410000004, , ,M,Yes,M,1,Minority,294352.455047999974340,2412.201336489999903
"Block Group 2, Census Tract 6511, Bristol County, Massachusetts",250056511002,N,New Bedford,1398.000000000000000,501.000000000000000,64.163090130000000,341.000000000000000,36,10.557185170000000,39979.000000000000000,47.376903530000000,0,48999.000000000000000,58.066005709999999,I, ,M,Yes,MI,2,Minority and income,157176.998488999990514,1843.861946060000037
"Block Group 3, Census Tract 6511, Bristol County, Massachusetts",250056511003,N,New Bedford,1009.000000000000000,567.000000000000000,43.805748270000002,530.000000000000000,0,0.000000000000000,80000.000000000000000,94.803581240000000,0,48999.000000000000000,58.066005709999999, , ,M,Yes,M,1,Minority,177240.248672999994596,1798.200963750000028
"Block Group 1, Census Tract 6512, Bristol County, Massachusetts",250056512001,N,New Bedford,849.000000000000000,221.000000000000000,73.969375740000004,270.000000000000000,96,35.555557250000000,27214.000000000000000,32.249809270000000,0,48999.000000000000000,58.066005709999999,I,E,M,Yes,MIE,3,"Minority, income and English isolation",210311.777704999985872,2248.923331460000099
"Block Group 2, Census Tract 6512, Bristol County, Massachusetts",250056512002,N,New Bedford,1610.000000000000000,755.000000000000000,53.105590059999997,592.000000000000000,128,21.621622089999999,42778.000000000000000,50.693843840000000,0,48999.000000000000000,58.066005709999999,I, ,M,Yes,MI,2,Minority and income,773341.719155999948271,4517.925549049999972
"Block Group 1, Census Tract 6513, Bristol County, Massachusetts",250056513001,N,New Bedford,1152.000000000000000,526.000000000000000,54.340277780000001,499.000000000000000,81,16.232465739999999,23625.000000000000000,27.996681209999998,0,48999.000000000000000,58.066005709999999,I, ,M,Yes,MI,2,Minority and income,1210492.421430000104010,6345.038270050000392
"Block Group 2, Census Tract 6514, Bristol County, Massachusetts",250056514002,N,New Bedford,799.000000000000000,371.000000000000000,53.566958700000001,230.000000000000000,10,4.347826000000000,107742.000000000000000,127.679092409999996,0,48999.000000000000000,58.066005709999999, , ,M,Yes,M,1,Minority,111874.070550000004005,1369.781773279999925
"Block Group 1, Census Tract 6516, Bristol County, Massachusetts",250056516001,N,New Bedford,796.000000000000000,256.000000000000000,67.839195980000000,275.000000000000000,0,0.000000000000000,52708.000000000000000,62.461338040000001,0,48999.000000000000000,58.066005709999999,I, ,M,Yes,MI,2,Minority and income,118300.137757999997120,1388.131389059999947
"Block Group 2, Census Tract 6516, Bristol County, Massachusetts",250056516002,N,New Bedford,986.000000000000000,556.000000000000000,43.610547670000003,465.000000000000000,0,0.000000000000000,62344.000000000000000,73.880432130000003,0,48999.000000000000000,58.066005709999999, , ,M,Yes,M,1,Minority,175515.096912000008160,1699.982619209999939
"Block Group 3, Census Tract 6516, Bristol County, Massachusetts",250056516003,N,New Bedford,1001.000000000000000,657.000000000000000,34.365634370000002,358.000000000000000,8,2.234636780000000,62083.000000000000000,73.571128849999994,0,48999.000000000000000,58.066005709999999, , ,M,Yes,M,1,Minority,152077.310440000001108,1645.265546379999932
"Block Group 1, Census Tract 6520, Bristol County, Massachusetts",250056520001,N,New Bedford,738.000000000000000,402.000000000000000,45.528455280000003,276.000000000000000,9,3.260869500000000,48889.000000000000000,57.935653690000002,0,48999.000000000000000,58.066005709999999,I, ,M,Yes,MI,2,Minority and income,166885.530318000004627,1716.350042159999930
"Block Group 1, Census Tract 6521, Bristol County, Massachusetts",250056521001,N,New Bedford,711.000000000000000,467.000000000000000,34.317862169999998,430.000000000000000,0,0.000000000000000,98796.000000000000000,117.077682499999995,0,48999.000000000000000,58.066005709999999, , ,M,Yes,M,1,Minority,188018.511204999987967,2079.988535359999787
"Block Group 3, Census Tract 6521, Bristol County, Massachusetts",250056521003,N,New Bedford,1253.000000000000000,845.000000000000000,32.561851560000001,417.000000000000000,62,14.868105890000001,64875.000000000000000,76.879776000000007,0,48999.000000000000000,58.066005709999999, , ,M,Yes,M,1,Minority,152993.391303000011249,1915.236512169999969
"Block Group 2, Census Tract 6523, Bristol County, Massachusetts",250056523002,N,New Bedford,1079.000000000000000,522.000000000000000,51.621872099999997,350.000000000000000,58,16.571428300000001,27941.000000000000000,33.111335750000002,0,48999.000000000000000,58.066005709999999,I, ,M,Yes,MI,2,Minority and income,240705.525598999985959,2728.282115070000145
"Block Group 2, Census Tract 6524, Bristol County, Massachusetts",250056524002,N,New Bedford,1357.000000000000000,960.000000000000000,29.255711130000002,673.000000000000000,172,25.557207110000000,44107.000000000000000,52.268768309999999,0,48999.000000000000000,58.066005709999999,I,E,M,Yes,MIE,3,"Minority, income and English isolation",659901.404670999967493,3729.626013390000026
"Block Group 1, Census Tract 6525, Bristol County, Massachusetts",250056525001,N,New Bedford,1511.000000000000000,683.000000000000000,54.798146920000001,422.000000000000000,55,13.033175470000000,62167.000000000000000,73.670677190000006,0,48999.000000000000000,58.066005709999999, , ,M,Yes,M,1,Minority,99711.776400899994769,1296.442584160000024
"Block Group 1, Census Tract 6424, Bristol County, Massachusetts",250056424001,N,Fall River,1030.000000000000000,812.000000000000000,21.165048540000001,430.000000000000000,45,10.465116500000001,39853.000000000000000,47.227588650000001,0,46007.000000000000000,54.520351410000004,I, , ,Yes,I,1,Income,663635.280326999956742,3821.815010740000162
"Block Group 3, Census Tract 6461.01, Bristol County, Massachusetts",250056461013,N,Westport,1320.000000000000000,1262.000000000000000,4.393939390000000,701.000000000000000,13,1.854493620000000,50434.000000000000000,59.766544340000003,0,75455.000000000000000,89.417549129999998,I, , ,Yes,I,1,Income,7447927.291980000212789,13094.855751200000668
"Block Group 3, Census Tract 6501.02, Bristol County, Massachusetts",250056501023,N,New Bedford,1643.000000000000000,1095.000000000000000,33.353621420000003,765.000000000000000,81,10.588234900000000,74653.000000000000000,88.467147830000002,0,48999.000000000000000,58.066005709999999, , ,M,Yes,M,1,Minority,3041743.895270000211895,11281.905925200000638
"Block Group 2, Census Tract 6502.01, Bristol County, Massachusetts",250056502012,N,New Bedford,1167.000000000000000,877.000000000000000,24.850042840000000,477.000000000000000,9,1.886792420000000,102933.000000000000000,121.980209349999996,0,48999.000000000000000,58.066005709999999, , ,M,Yes,M,1,Minority,9422599.162559999153018,17683.457457199998316
"Block Group 3, Census Tract 6502.01, Bristol County, Massachusetts",250056502013,N,New Bedford,886.000000000000000,616.000000000000000,30.474040630000001,355.000000000000000,32,9.014084820000001,102904.000000000000000,121.945846560000007,0,48999.000000000000000,58.066005709999999, , ,M,Yes,M,1,Minority,6239472.388240000233054,10271.260242899999866
"Block Group 3, Census Tract 6503, Bristol County, Massachusetts",250056503003,N,New Bedford,1124.000000000000000,820.000000000000000,27.046263350000000,324.000000000000000,41,12.654320719999999,41905.000000000000000,49.659297940000002,0,48999.000000000000000,58.066005709999999,I, ,M,Yes,MI,2,Minority and income,386734.548418999998830,3312.635143280000193
"Block Group 2, Census Tract 6504, Bristol County, Massachusetts",250056504002,N,New Bedford,1419.000000000000000,878.000000000000000,38.125440449999999,471.000000000000000,31,6.581740860000000,48750.000000000000000,57.770931240000003,0,48999.000000000000000,58.066005709999999,I, ,M,Yes,MI,2,Minority and income,145696.711979999992764,1583.117977189999920
"Block Group 3, Census Tract 6504, Bristol County, Massachusetts",250056504003,N,New Bedford,1028.000000000000000,527.000000000000000,48.735408560000003,249.000000000000000,11,4.417670730000000,40987.000000000000000,48.571430210000003,0,48999.000000000000000,58.066005709999999,I, ,M,Yes,MI,2,Minority and income,154200.056542000005720,2444.323835109999891
"Block Group 4, Census Tract 6504, Bristol County, Massachusetts",250056504004,N,New Bedford,697.000000000000000,481.000000000000000,30.989956960000001,309.000000000000000,33,10.679611209999999,58517.000000000000000,69.345260620000005,0,48999.000000000000000,58.066005709999999, , ,M,Yes,M,1,Minority,101171.823369999998249,1380.419826739999962
"Block Group 2, Census Tract 6506, Bristol County, Massachusetts",250056506002,N,New Bedford,800.000000000000000,411.000000000000000,48.625000000000000,378.000000000000000,106,28.042327879999998,14057.000000000000000,16.658174509999998,0,48999.000000000000000,58.066005709999999,I,E,M,Yes,MIE,3,"Minority, income and English isolation",86429.014427500005695,1169.299626129999979
"Block Group 3, Census Tract 6506, Bristol County, Massachusetts",250056506003,N,New Bedford,773.000000000000000,463.000000000000000,40.103492879999997,288.000000000000000,30,10.416666980000000,50769.000000000000000,60.163536069999999,0,48999.000000000000000,58.066005709999999,I, ,M,Yes,MI,2,Minority and income,95358.949540500005241,1710.353643980000015
"Block Group 1, Census Tract 6507, Bristol County, Massachusetts",250056507001,N,New Bedford,1250.000000000000000,353.000000000000000,71.760000000000005,588.000000000000000,81,13.775509830000001,24150.000000000000000,28.618829730000002,0,48999.000000000000000,58.066005709999999,I, ,M,Yes,MI,2,Minority and income,381834.289540000027046,2532.675177430000076
"Block Group 2, Census Tract 6507, Bristol County, Massachusetts",250056507002,N,New Bedford,1784.000000000000000,356.000000000000000,80.044843049999997,429.000000000000000,164,38.228439330000000,25625.000000000000000,30.366771700000001,0,48999.000000000000000,58.066005709999999,I,E,M,Yes,MIE,3,"Minority, income and English isolation",147452.997382000001380,1589.578078409999989
"Block Group 2, Census Tract 9855, Bristol County, Massachusetts",250059855002,N,Dartmouth,1621.000000000000000,804.000000000000000,50.400987049999998,0.000000000000000,0,0.000000000000000,102794.000000000000000,119.746513370000002,1,85783.000000000000000,101.656692500000005, , ,M,Yes,M,1,Minority,480871.856750999984797,3227.238279340000190
"Block Group 5, Census Tract 2004, Dukes County, Massachusetts",250072004005,N,Aquinnah,439.000000000000000,275.000000000000000,37.357630980000003,280.000000000000000,0,0.000000000000000,98182.000000000000000,116.350059509999994,0,98182.000000000000000,116.350059509999994, , ,M,Yes,M,1,Minority,23420578.437399998307228,20601.737091300001339
"Block Group 3, Census Tract 2042, Essex County, Massachusetts",250092042003,N,Salem,1323.000000000000000,989.000000000000000,25.245653820000001,609.000000000000000,0,0.000000000000000,69688.000000000000000,82.583396910000005,0,66428.000000000000000,78.720153809999999, , ,M,Yes,M,1,Minority,187074.736513000010746,2073.645498530000168
"Block Group 5, Census Tract 2042, Essex County, Massachusetts",250092042005,N,Salem,1033.000000000000000,858.000000000000000,16.940948689999999,294.000000000000000,0,0.000000000000000,54219.000000000000000,64.251937870000006,0,66428.000000000000000,78.720153809999999,I, , ,Yes,I,1,Income,243654.025158000004012,2449.248451309999837
"Block Group 1, Census Tract 2043, Essex County, Massachusetts",250092043001,N,Salem,1408.000000000000000,1139.000000000000000,19.105113639999999,881.000000000000000,0,0.000000000000000,44095.000000000000000,52.254547119999998,0,66428.000000000000000,78.720153809999999,I, , ,Yes,I,1,Income,591140.508820999995805,4934.088174890000118
"Block Group 2, Census Tract 2043, Essex County, Massachusetts",250092043002,N,Salem,1475.000000000000000,343.000000000000000,76.745762709999994,771.000000000000000,154,19.974060059999999,18693.000000000000000,22.152040480000000,0,66428.000000000000000,78.720153809999999,I, ,M,Yes,MI,2,Minority and income,79720.083525699999882,1366.223077350000040
"Block Group 5, Census Tract 2051, Essex County, Massachusetts",250092051005,N,Lynn,692.000000000000000,394.000000000000000,43.063583819999998,250.000000000000000,0,0.000000000000000,93964.000000000000000,111.351547240000002,0,61329.000000000000000,72.677612300000007, , ,M,Yes,M,1,Minority,228817.831429999991087,2496.158659279999938
"Block Group 4, Census Tract 2052, Essex County, Massachusetts",250092052004,N,Lynn,1603.000000000000000,458.000000000000000,71.428571430000005,488.000000000000000,91,18.647541050000001,79907.000000000000000,94.693366999999995,0,61329.000000000000000,72.677612300000007, , ,M,Yes,M,1,Minority,242598.203730999986874,2236.419849869999780
"Block Group 2, Census Tract 2053, Essex County, Massachusetts",250092053002,N,Lynn,1054.000000000000000,611.000000000000000,42.030360530000003,278.000000000000000,32,11.510791780000000,93854.000000000000000,111.221191410000003,0,61329.000000000000000,72.677612300000007, , ,M,Yes,M,1,Minority,285695.072234000021126,3171.118144250000114
"Block Group 1, Census Tract 2055, Essex County, Massachusetts",250092055001,N,Lynn,2391.000000000000000,832.000000000000000,65.202843999999999,856.000000000000000,38,4.439252380000000,65388.000000000000000,77.487701419999993,0,61329.000000000000000,72.677612300000007, , ,M,Yes,M,1,Minority,1072366.817629999946803,5228.931131010000172
"Block Group 1, Census Tract 2056, Essex County, Massachusetts",250092056001,N,Lynn,1237.000000000000000,409.000000000000000,66.936135809999996,314.000000000000000,33,10.509553909999999,26571.000000000000000,31.487823490000000,0,61329.000000000000000,72.677612300000007,I, ,M,Yes,MI,2,Minority and income,325185.306243999977596,3201.406257380000170
"Block Group 2, Census Tract 2056, Essex County, Massachusetts",250092056002,N,Lynn,1090.000000000000000,459.000000000000000,57.889908259999999,260.000000000000000,61,23.461538310000002,59286.000000000000000,70.256561280000000,0,61329.000000000000000,72.677612300000007, , ,M,Yes,M,1,Minority,259062.836711000010837,3590.212323780000133
"Block Group 3, Census Tract 2056, Essex County, Massachusetts",250092056003,N,Lynn,1400.000000000000000,681.000000000000000,51.357142860000003,512.000000000000000,26,5.078125000000000,71875.000000000000000,85.175086980000003,0,61329.000000000000000,72.677612300000007, , ,M,Yes,M,1,Minority,575454.622892000013962,3720.679722809999930
"Block Group 1, Census Tract 2045, Essex County, Massachusetts",250092045001,N,Salem,1290.000000000000000,969.000000000000000,24.883720929999999,536.000000000000000,10,1.865671630000000,94205.000000000000000,111.637138370000002,0,66428.000000000000000,78.720153809999999, , ,M,Yes,M,1,Minority,1000672.082739999983460,5891.664978060000067
"Block Group 2, Census Tract 2045, Essex County, Massachusetts",250092045002,N,Salem,1332.000000000000000,1063.000000000000000,20.195195200000001,699.000000000000000,8,1.144492150000000,45655.000000000000000,54.103218079999998,0,66428.000000000000000,78.720153809999999,I, , ,Yes,I,1,Income,284410.985765999997966,2855.112561620000179
"Block Group 1, Census Tract 2047.01, Essex County, Massachusetts",250092047011,N,Salem,1014.000000000000000,757.000000000000000,25.345167650000000,420.000000000000000,13,3.095238210000000,150577.000000000000000,178.440475459999988,0,66428.000000000000000,78.720153809999999, , ,M,Yes,M,1,Minority,2227760.412640000227839,7351.569065730000148
"Block Group 3, Census Tract 2047.01, Essex County, Massachusetts",250092047013,N,Salem,1775.000000000000000,843.000000000000000,52.507042249999998,943.000000000000000,424,44.962882999999998,76852.000000000000000,91.073059079999993,0,66428.000000000000000,78.720153809999999, ,E,M,Yes,ME,2,Minority and English isolation,739788.991107000038028,4208.340041239999664
"Block Group 1, Census Tract 2047.02, Essex County, Massachusetts",250092047021,N,Salem,1082.000000000000000,707.000000000000000,34.658040669999998,425.000000000000000,0,0.000000000000000,54602.000000000000000,64.705810549999995,0,66428.000000000000000,78.720153809999999,I, ,M,Yes,MI,2,Minority and income,269570.518778000026941,2958.409897919999821
"Block Group 2, Census Tract 2051, Essex County, Massachusetts",250092051002,N,Lynn,1275.000000000000000,540.000000000000000,57.647058819999998,429.000000000000000,38,8.857809070000000,75653.000000000000000,89.652191160000001,0,61329.000000000000000,72.677612300000007, , ,M,Yes,M,1,Minority,205081.509419000009075,1870.812652379999918
"Block Group 2, Census Tract 6525, Bristol County, Massachusetts",250056525002,N,New Bedford,1500.000000000000000,652.000000000000000,56.533333329999998,552.000000000000000,106,19.202898030000000,37123.000000000000000,43.992416380000002,0,48999.000000000000000,58.066005709999999,I, ,M,Yes,MI,2,Minority and income,170325.472336000006180,1718.897864369999979
"Block Group 1, Census Tract 6526, Bristol County, Massachusetts",250056526001,N,New Bedford,1406.000000000000000,647.000000000000000,53.982930300000000,337.000000000000000,71,21.068248749999999,45982.000000000000000,54.490726469999998,0,48999.000000000000000,58.066005709999999,I, ,M,Yes,MI,2,Minority and income,157904.568528000003425,1841.277326180000045
"Block Group 3, Census Tract 6527, Bristol County, Massachusetts",250056527003,N,New Bedford,1182.000000000000000,724.000000000000000,38.747884939999999,496.000000000000000,21,4.233870980000000,49453.000000000000000,58.604019170000001,0,48999.000000000000000,58.066005709999999,I, ,M,Yes,MI,2,Minority and income,287904.776674999971874,3175.612246449999930
"Block Group 1, Census Tract 6531.01, Bristol County, Massachusetts",250056531011,N,Dartmouth,1146.000000000000000,1011.000000000000000,11.780104710000000,363.000000000000000,0,0.000000000000000,44306.000000000000000,52.504592899999999,0,85783.000000000000000,101.656692500000005,I, , ,Yes,I,1,Income,3226610.969099999871105,7651.483864269999685
"Block Group 2, Census Tract 6542, Bristol County, Massachusetts",250056542002,N,Acushnet,1166.000000000000000,1069.000000000000000,8.319039450000000,629.000000000000000,6,0.953895090000000,55189.000000000000000,65.401435849999999,0,74035.000000000000000,87.734786990000003,I, , ,Yes,I,1,Income,1713493.780370000051335,7062.474772759999723
"Block Group 1, Census Tract 9855, Bristol County, Massachusetts",250059855001,N,Dartmouth,2854.000000000000000,2058.000000000000000,27.890679750000000,514.000000000000000,15,2.918287990000000,100625.000000000000000,119.245124820000001,0,85783.000000000000000,101.656692500000005, , ,M,Yes,M,1,Minority,14644936.035499999299645,19255.446037999998225
"Block Group 2, Census Tract 2057, Essex County, Massachusetts",250092057002,N,Lynn,1060.000000000000000,553.000000000000000,47.830188679999999,439.000000000000000,0,0.000000000000000,88224.000000000000000,104.549385070000000,0,61329.000000000000000,72.677612300000007, , ,M,Yes,M,1,Minority,229448.113679000001866,2639.325739370000065
"Block Group 1, Census Tract 2058, Essex County, Massachusetts",250092058001,N,Lynn,1124.000000000000000,255.000000000000000,77.313167260000000,296.000000000000000,46,15.540540699999999,62656.000000000000000,74.250160219999998,0,61329.000000000000000,72.677612300000007, , ,M,Yes,M,1,Minority,268681.507421999995131,2164.642180169999847
"Block Group 3, Census Tract 2058, Essex County, Massachusetts",250092058003,N,Lynn,1381.000000000000000,343.000000000000000,75.162925419999993,507.000000000000000,141,27.810651780000001,58989.000000000000000,69.904602049999994,0,61329.000000000000000,72.677612300000007, ,E,M,Yes,ME,2,Minority and English isolation,530454.709544999990612,4648.239664749999974
"Block Group 1, Census Tract 2059, Essex County, Massachusetts",250092059001,N,Lynn,1952.000000000000000,542.000000000000000,72.233606559999998,674.000000000000000,42,6.231453900000000,80660.000000000000000,95.585708620000005,0,61329.000000000000000,72.677612300000007, , ,M,Yes,M,1,Minority,233666.627806000004057,2501.477681939999911
"Block Group 4, Census Tract 2067, Essex County, Massachusetts",250092067004,N,Lynn,1323.000000000000000,520.000000000000000,60.695389270000000,613.000000000000000,196,31.973897930000000,25265.000000000000000,29.940155030000000,0,61329.000000000000000,72.677612300000007,I,E,M,Yes,MIE,3,"Minority, income and English isolation",189994.154859000002034,2116.979103770000165
"Block Group 1, Census Tract 2068, Essex County, Massachusetts",250092068001,N,Lynn,1982.000000000000000,294.000000000000000,85.166498489999995,592.000000000000000,236,39.864864349999998,62500.000000000000000,74.065292360000001,0,61329.000000000000000,72.677612300000007, ,E,M,Yes,ME,2,Minority and English isolation,227861.998892000003252,2850.485347549999915
"Block Group 2, Census Tract 2068, Essex County, Massachusetts",250092068002,N,Lynn,2443.000000000000000,754.000000000000000,69.136307819999999,974.000000000000000,325,33.367557529999999,23704.000000000000000,28.090299609999999,0,61329.000000000000000,72.677612300000007,I,E,M,Yes,MIE,3,"Minority, income and English isolation",244624.159313999989536,2287.032760340000095
"Block Group 1, Census Tract 2069, Essex County, Massachusetts",250092069001,N,Lynn,1006.000000000000000,488.000000000000000,51.491053680000000,637.000000000000000,391,61.381477359999998,12615.000000000000000,14.949338910000000,0,61329.000000000000000,72.677612300000007,I,E,M,Yes,MIE,3,"Minority, income and English isolation",89754.845427299995208,1224.879072919999999
"Block Group 2, Census Tract 2081.01, Essex County, Massachusetts",250092081012,N,Saugus,1892.000000000000000,1207.000000000000000,36.205074000000003,620.000000000000000,0,0.000000000000000,68906.000000000000000,81.656692500000005,0,88463.000000000000000,104.832611080000007, , ,M,Yes,M,1,Minority,545387.332884000032209,3592.297878020000098
"Block Group 4, Census Tract 2081.01, Essex County, Massachusetts",250092081014,N,Saugus,1394.000000000000000,1036.000000000000000,25.681492110000001,520.000000000000000,0,0.000000000000000,112976.000000000000000,133.881607059999993,0,88463.000000000000000,104.832611080000007, , ,M,Yes,M,1,Minority,851570.373223999980837,4784.153609639999559
"Block Group 4, Census Tract 2081.02, Essex County, Massachusetts",250092081024,N,Saugus,900.000000000000000,590.000000000000000,34.444444439999998,263.000000000000000,0,0.000000000000000,82063.000000000000000,97.248329159999997,0,88463.000000000000000,104.832611080000007, , ,M,Yes,M,1,Minority,2384737.358700000215322,7448.299759720000111
"Block Group 1, Census Tract 2104.01, Essex County, Massachusetts",250092104011,N,Peabody,2054.000000000000000,1353.000000000000000,34.128529700000001,907.000000000000000,18,1.984564540000000,47452.000000000000000,56.232742309999999,0,80681.000000000000000,95.610595700000005,I, ,M,Yes,MI,2,Minority and income,692143.878707999945618,3941.497528410000086
"Block Group 2, Census Tract 2104.01, Essex County, Massachusetts",250092104012,N,Peabody,1181.000000000000000,775.000000000000000,34.377646059999996,467.000000000000000,0,0.000000000000000,68243.000000000000000,80.871009830000006,0,80681.000000000000000,95.610595700000005, , ,M,Yes,M,1,Minority,1075695.110929999966174,4433.044177449999552
"Block Group 3, Census Tract 2107, Essex County, Massachusetts",250092107003,N,Peabody,1271.000000000000000,778.000000000000000,38.788355629999998,481.000000000000000,79,16.424116130000002,46587.000000000000000,55.207679749999997,0,80681.000000000000000,95.610595700000005,I, ,M,Yes,MI,2,Minority and income,308998.864766000013333,2956.584538600000087
"Block Group 1, Census Tract 2108, Essex County, Massachusetts",250092108001,N,Peabody,1338.000000000000000,735.000000000000000,45.067264569999999,553.000000000000000,43,7.775768760000000,58997.000000000000000,69.914085389999997,0,80681.000000000000000,95.610595700000005, , ,M,Yes,M,1,Minority,260513.063591999991331,2102.563886169999932
"Block Group 1, Census Tract 6524, Bristol County, Massachusetts",250056524001,N,New Bedford,1388.000000000000000,814.000000000000000,41.354466860000002,395.000000000000000,104,26.329113010000000,27471.000000000000000,32.554363250000002,0,48999.000000000000000,58.066005709999999,I,E,M,Yes,MIE,3,"Minority, income and English isolation",179330.037075000000186,1764.894873940000025
"Block Group 2, Census Tract 2059, Essex County, Massachusetts",250092059002,N,Lynn,1398.000000000000000,335.000000000000000,76.037195990000001,298.000000000000000,0,0.000000000000000,82837.000000000000000,98.165550229999994,0,61329.000000000000000,72.677612300000007, , ,M,Yes,M,1,Minority,163492.403163999988465,2101.305566200000158
"Block Group 1, Census Tract 2060, Essex County, Massachusetts",250092060001,N,Lynn,1630.000000000000000,297.000000000000000,81.779141100000004,456.000000000000000,147,32.236843110000002,34216.000000000000000,40.547489169999999,0,61329.000000000000000,72.677612300000007,I,E,M,Yes,MIE,3,"Minority, income and English isolation",131877.187070999993011,1857.102427260000013
"Block Group 2, Census Tract 2060, Essex County, Massachusetts",250092060002,N,Lynn,2074.000000000000000,298.000000000000000,85.631629700000005,632.000000000000000,183,28.955696110000002,61250.000000000000000,72.583991999999995,0,61329.000000000000000,72.677612300000007, ,E,M,Yes,ME,2,Minority and English isolation,174534.039663000003202,2332.613007110000126
"Block Group 1, Census Tract 2061, Essex County, Massachusetts",250092061001,N,Lynn,1998.000000000000000,345.000000000000000,82.732732729999995,675.000000000000000,272,40.296295170000000,16715.000000000000000,19.808023450000000,0,61329.000000000000000,72.677612300000007,I,E,M,Yes,MIE,3,"Minority, income and English isolation",190440.012166000000434,2185.788894199999959
"Block Group 2, Census Tract 2061, Essex County, Massachusetts",250092061002,N,Lynn,2201.000000000000000,255.000000000000000,88.414357109999997,785.000000000000000,352,44.840763090000003,58397.000000000000000,69.203056340000003,0,61329.000000000000000,72.677612300000007, ,E,M,Yes,ME,2,Minority and English isolation,127206.611674999992829,1494.892663280000079
"Block Group 1, Census Tract 2062, Essex County, Massachusetts",250092062001,N,Lynn,1352.000000000000000,180.000000000000000,86.686390529999997,257.000000000000000,67,26.070039749999999,91705.000000000000000,108.674530030000000,0,61329.000000000000000,72.677612300000007, ,E,M,Yes,ME,2,Minority and English isolation,109970.829419999994570,1439.967548379999926
"Block Group 3, Census Tract 2062, Essex County, Massachusetts",250092062003,N,Lynn,2020.000000000000000,254.000000000000000,87.425742569999997,575.000000000000000,78,13.565217020000000,68750.000000000000000,81.471824650000002,0,61329.000000000000000,72.677612300000007, , ,M,Yes,M,1,Minority,217140.408235999988392,1894.875662550000015
"Block Group 1, Census Tract 2063, Essex County, Massachusetts",250092063001,N,Lynn,1220.000000000000000,142.000000000000000,88.360655739999999,644.000000000000000,65,10.093167299999999,98438.000000000000000,116.653434750000002,0,61329.000000000000000,72.677612300000007, , ,M,Yes,M,1,Minority,110507.351894000006723,1491.263965039999903
"Block Group 2, Census Tract 2063, Essex County, Massachusetts",250092063002,N,Lynn,1137.000000000000000,251.000000000000000,77.924362360000003,516.000000000000000,20,3.875968930000000,75542.000000000000000,89.520652769999998,0,61329.000000000000000,72.677612300000007, , ,M,Yes,M,1,Minority,135559.579816999990726,1595.135382630000095
"Block Group 3, Census Tract 2064, Essex County, Massachusetts",250092064003,N,Lynn,1275.000000000000000,409.000000000000000,67.921568629999996,392.000000000000000,70,17.857143400000002,72000.000000000000000,85.323219300000005,0,61329.000000000000000,72.677612300000007, , ,M,Yes,M,1,Minority,145434.156546999991406,1744.457480130000022
"Block Group 3, Census Tract 2065, Essex County, Massachusetts",250092065003,N,Lynn,1183.000000000000000,156.000000000000000,86.813186810000005,406.000000000000000,39,9.605911250000000,38045.000000000000000,45.085025790000003,0,61329.000000000000000,72.677612300000007,I, ,M,Yes,MI,2,Minority and income,116994.198583000004874,1788.923836330000086
"Block Group 2, Census Tract 2066, Essex County, Massachusetts",250092066002,N,Lynn,869.000000000000000,512.000000000000000,41.081703109999999,348.000000000000000,7,2.011494160000000,47100.000000000000000,55.815605159999997,0,61329.000000000000000,72.677612300000007,I, ,M,Yes,MI,2,Minority and income,130679.443322000006447,1927.908047460000034
"Block Group 4, Census Tract 2066, Essex County, Massachusetts",250092066004,N,Lynn,1879.000000000000000,486.000000000000000,74.135178289999999,487.000000000000000,95,19.507186890000000,59563.000000000000000,70.584815980000002,0,61329.000000000000000,72.677612300000007, , ,M,Yes,M,1,Minority,196789.275128999986919,2220.324721450000197
"Block Group 1, Census Tract 2067, Essex County, Massachusetts",250092067001,N,Lynn,1547.000000000000000,309.000000000000000,80.025856500000003,408.000000000000000,71,17.401960370000001,60060.000000000000000,71.173789979999995,0,61329.000000000000000,72.677612300000007, , ,M,Yes,M,1,Minority,128112.130432999998447,1450.161727870000050
"Block Group 3, Census Tract 2067, Essex County, Massachusetts",250092067003,N,Lynn,836.000000000000000,387.000000000000000,53.708133969999999,308.000000000000000,74,24.025974269999999,74583.000000000000000,88.384193420000003,0,61329.000000000000000,72.677612300000007, , ,M,Yes,M,1,Minority,93845.796923500005505,1446.240314720000015
"Block Group 2, Census Tract 6533.01, Bristol County, Massachusetts",250056533012,N,Dartmouth,1358.000000000000000,1233.000000000000000,9.204712810000000,781.000000000000000,81,10.371318820000001,34306.000000000000000,40.654144289999998,0,85783.000000000000000,101.656692500000005,I, , ,Yes,I,1,Income,1867173.275679999962449,5453.366774860000078
"Block Group 3, Census Tract 6552, Bristol County, Massachusetts",250056552003,N,Fairhaven,706.000000000000000,614.000000000000000,13.031161470000001,395.000000000000000,0,0.000000000000000,29917.000000000000000,35.452983860000003,0,75645.000000000000000,89.642707819999998,I, , ,Yes,I,1,Income,416657.842390000005253,3315.609798869999850
"Block Group 4, Census Tract 6552, Bristol County, Massachusetts",250056552004,N,Fairhaven,756.000000000000000,691.000000000000000,8.597883599999999,748.000000000000000,0,0.000000000000000,40256.000000000000000,47.705162049999998,0,75645.000000000000000,89.642707819999998,I, , ,Yes,I,1,Income,729942.934803999960423,4579.277507239999977
"Block Group 1, Census Tract 2001, Dukes County, Massachusetts",250072001001,N,Tisbury,944.000000000000000,743.000000000000000,21.292372879999999,449.000000000000000,0,0.000000000000000,45607.000000000000000,54.046337129999998,0,52711.000000000000000,62.464893340000003,I, , ,Yes,I,1,Income,10600908.404799999669194,16539.261692200001562
"Block Group 2, Census Tract 2001, Dukes County, Massachusetts",250072001002,N,Tisbury,1651.000000000000000,1174.000000000000000,28.891580860000001,577.000000000000000,0,0.000000000000000,55993.000000000000000,66.354209900000001,0,52711.000000000000000,62.464893340000003, , ,M,Yes,M,1,Minority,2384994.152129999827594,7409.411408400000255
"Block Group 4, Census Tract 2001, Dukes County, Massachusetts",250072001004,N,Tisbury,1117.000000000000000,788.000000000000000,29.453894360000000,442.000000000000000,68,15.384614940000001,48382.000000000000000,57.334835050000002,0,52711.000000000000000,62.464893340000003,I, ,M,Yes,MI,2,Minority and income,1888417.603670000098646,7778.853756999999860
"Block Group 2, Census Tract 2002, Dukes County, Massachusetts",250072002002,N,Oak Bluffs,483.000000000000000,354.000000000000000,26.708074530000001,278.000000000000000,0,0.000000000000000,83304.000000000000000,98.718963619999997,0,90313.000000000000000,107.024948120000005, , ,M,Yes,M,1,Minority,1882254.439639999996871,6385.060079810000389
"Block Group 4, Census Tract 2002, Dukes County, Massachusetts",250072002004,N,Oak Bluffs,907.000000000000000,622.000000000000000,31.422271219999999,281.000000000000000,50,17.793594360000000,38083.000000000000000,45.130058290000001,0,90313.000000000000000,107.024948120000005,I, ,M,Yes,MI,2,Minority and income,1323181.979670000029728,5076.862662069999715
"Block Group 4, Census Tract 2021.04, Essex County, Massachusetts",250092021044,N,Swampscott,535.000000000000000,449.000000000000000,16.074766360000002,337.000000000000000,83,24.629079820000001,49088.000000000000000,58.171474459999999,0,102898.000000000000000,121.938735960000002,I,E, ,Yes,IE,2,Income and English isolation,153790.608533999999054,1568.157441280000057
"Block Group 3, Census Tract 2114.01, Essex County, Massachusetts",250092114013,N,Danvers,981.000000000000000,736.000000000000000,24.974515799999999,187.000000000000000,3,1.604278090000000,49531.000000000000000,58.696449280000003,0,99269.000000000000000,117.638206479999994,I, ,M,Yes,MI,2,Minority and income,2299321.928580000065267,6635.072195409999949
"Block Group 2, Census Tract 2041.02, Essex County, Massachusetts",250092041022,N,Salem,2251.000000000000000,1594.000000000000000,29.187027990000001,1066.000000000000000,31,2.908067460000000,64375.000000000000000,76.287254329999996,0,66428.000000000000000,78.720153809999999, , ,M,Yes,M,1,Minority,1337481.681630000006407,5506.791200339999705
"Block Group 3, Census Tract 2033.01, Essex County, Massachusetts",250092033013,N,Marblehead,578.000000000000000,483.000000000000000,16.435986159999999,163.000000000000000,0,0.000000000000000,48750.000000000000000,57.770931240000003,0,131293.000000000000000,155.588073729999991,I, , ,Yes,I,1,Income,207885.565433000010671,2434.737796930000059
"Block Group 2, Census Tract 2041.01, Essex County, Massachusetts",250092041012,N,Salem,1675.000000000000000,914.000000000000000,45.432835820000001,350.000000000000000,32,9.142857550000000,62589.000000000000000,74.170768740000000,0,66428.000000000000000,78.720153809999999, , ,M,Yes,M,1,Minority,407006.233790000027511,2927.556107270000211
"Block Group 3, Census Tract 2041.01, Essex County, Massachusetts",250092041013,N,Salem,1244.000000000000000,921.000000000000000,25.964630230000001,621.000000000000000,0,0.000000000000000,78828.000000000000000,93.414703369999998,0,66428.000000000000000,78.720153809999999, , ,M,Yes,M,1,Minority,307024.198628999991342,2787.674065780000092
"Block Group 4, Census Tract 2107, Essex County, Massachusetts",250092107004,N,Peabody,787.000000000000000,526.000000000000000,33.163913600000001,278.000000000000000,3,1.079136730000000,79643.000000000000000,94.380516049999997,0,80681.000000000000000,95.610595700000005, , ,M,Yes,M,1,Minority,181723.461753999989014,2366.695979510000143
"Block Group 1, Census Tract 2042, Essex County, Massachusetts",250092042001,N,Salem,1246.000000000000000,769.000000000000000,38.282504009999997,665.000000000000000,12,1.804511310000000,25587.000000000000000,30.321739200000000,0,66428.000000000000000,78.720153809999999,I, ,M,Yes,MI,2,Minority and income,203341.624353999999585,2594.331681480000043
"Block Group 3, Census Tract 2043, Essex County, Massachusetts",250092043003,N,Salem,1193.000000000000000,243.000000000000000,79.631181889999993,458.000000000000000,189,41.266376500000000,40750.000000000000000,48.290573119999998,0,66428.000000000000000,78.720153809999999,I,E,M,Yes,MIE,3,"Minority, income and English isolation",551659.609611999941990,4724.627778369999760
"Block Group 2, Census Tract 2064, Essex County, Massachusetts",250092064002,N,Lynn,1979.000000000000000,920.000000000000000,53.511874679999998,741.000000000000000,30,4.048583030000000,98807.000000000000000,117.090713500000007,0,61329.000000000000000,72.677612300000007, , ,M,Yes,M,1,Minority,387187.340158000006340,2890.368038539999816
"Block Group 5, Census Tract 2002, Dukes County, Massachusetts",250072002005,N,Oak Bluffs,1130.000000000000000,788.000000000000000,30.265486729999999,474.000000000000000,0,0.000000000000000,105703.000000000000000,125.262786869999999,0,90313.000000000000000,107.024948120000005, , ,M,Yes,M,1,Minority,1571980.722259999951348,5830.352485610000258
"Block Group 5, Census Tract 2021.04, Essex County, Massachusetts",250092021045,N,Swampscott,1794.000000000000000,1473.000000000000000,17.892976590000000,800.000000000000000,254,31.750000000000000,71875.000000000000000,83.728431700000002,1,102898.000000000000000,121.938735960000002, ,E, ,Yes,E,1,English isolation,367381.946701999986544,2567.548131449999801
"Block Group 4, Census Tract 2063, Essex County, Massachusetts",250092063004,N,Lynn,839.000000000000000,220.000000000000000,73.778307510000005,323.000000000000000,0,0.000000000000000,71937.000000000000000,85.248565670000005,0,61329.000000000000000,72.677612300000007, , ,M,Yes,M,1,Minority,221031.562570999987656,1997.932859980000103
"Block Group 1, Census Tract 2111, Essex County, Massachusetts",250092111001,N,Danvers,951.000000000000000,813.000000000000000,14.511041010000000,552.000000000000000,6,1.086956500000000,47000.000000000000000,55.697101590000003,0,99269.000000000000000,117.638206479999994,I, , ,Yes,I,1,Income,917639.610894000041299,5170.680131090000032
"Block Group 1, Census Tract 2032, Essex County, Massachusetts",250092032001,N,Marblehead,780.000000000000000,685.000000000000000,12.179487180000001,403.000000000000000,0,0.000000000000000,51694.000000000000000,61.259700780000003,0,131293.000000000000000,155.588073729999991,I, , ,Yes,I,1,Income,260674.487443999998504,2916.408243150000089
"Block Group 4, Census Tract 2069, Essex County, Massachusetts",250092069004,N,Lynn,800.000000000000000,158.000000000000000,80.250000000000000,249.000000000000000,86,34.538150790000003,76076.000000000000000,90.153465269999998,0,61329.000000000000000,72.677612300000007, ,E,M,Yes,ME,2,Minority and English isolation,55741.352902999999060,1026.025547409999945
"Block Group 2, Census Tract 6526, Bristol County, Massachusetts",250056526002,N,New Bedford,1803.000000000000000,484.000000000000000,73.155851360000000,682.000000000000000,138,20.234603880000002,29939.000000000000000,35.479053499999999,0,48999.000000000000000,58.066005709999999,I, ,M,Yes,MI,2,Minority and income,564133.155294999945909,4963.046895499999664
"Block Group 1, Census Tract 6527, Bristol County, Massachusetts",250056527001,N,New Bedford,881.000000000000000,303.000000000000000,65.607264470000004,369.000000000000000,31,8.401083950000000,36615.000000000000000,43.390411380000003,0,48999.000000000000000,58.066005709999999,I, ,M,Yes,MI,2,Minority and income,141898.981147000013152,1748.100309590000052
"Block Group 2, Census Tract 6527, Bristol County, Massachusetts",250056527002,N,New Bedford,1049.000000000000000,493.000000000000000,53.002859870000002,322.000000000000000,123,38.198757170000000,17000.000000000000000,20.145759580000000,0,48999.000000000000000,58.066005709999999,I,E,M,Yes,MIE,3,"Minority, income and English isolation",272824.080710000009276,2252.010319590000108
"Block Group 4, Census Tract 6527, Bristol County, Massachusetts",250056527004,N,New Bedford,815.000000000000000,352.000000000000000,56.809815950000001,323.000000000000000,41,12.693498610000001,20625.000000000000000,24.441547390000000,0,48999.000000000000000,58.066005709999999,I, ,M,Yes,MI,2,Minority and income,248789.983812999998918,2211.670628570000190
"Block Group 2, Census Tract 6531.02, Bristol County, Massachusetts",250056531022,N,Dartmouth,1406.000000000000000,942.000000000000000,33.001422480000002,205.000000000000000,19,9.268292430000001,57159.000000000000000,67.735969539999999,0,85783.000000000000000,101.656692500000005, , ,M,Yes,M,1,Minority,9281655.865630000829697,14561.988836500000616
"Block Group 2, Census Tract 2042, Essex County, Massachusetts",250092042002,N,Salem,812.000000000000000,379.000000000000000,53.325123150000003,238.000000000000000,20,8.403361320000000,0.000000000000000,0.000000000000000,0,66428.000000000000000,78.720153809999999, , ,M,Yes,M,1,Minority,218448.425255000009201,2581.737650380000105
"Block Group 2, Census Tract 2058, Essex County, Massachusetts",250092058002,N,Lynn,1220.000000000000000,193.000000000000000,84.180327869999999,266.000000000000000,92,34.586467740000003,46417.000000000000000,55.006221770000003,0,61329.000000000000000,72.677612300000007,I,E,M,Yes,MIE,3,"Minority, income and English isolation",111121.015553000004729,1446.960002329999952
"Block Group 1, Census Tract 2107, Essex County, Massachusetts",250092107001,N,Peabody,1326.000000000000000,701.000000000000000,47.134238310000001,664.000000000000000,86,12.951807020000000,58295.000000000000000,69.082183839999999,0,80681.000000000000000,95.610595700000005, , ,M,Yes,M,1,Minority,195539.094815999997081,1812.765189890000102
"Block Group 4, Census Tract 2042, Essex County, Massachusetts",250092042004,N,Salem,822.000000000000000,594.000000000000000,27.737226280000002,576.000000000000000,0,0.000000000000000,59324.000000000000000,70.301597599999994,0,66428.000000000000000,78.720153809999999, , ,M,Yes,M,1,Minority,98216.042893200006802,1353.732667900000024
"Block Group 2, Census Tract 2047.02, Essex County, Massachusetts",250092047022,N,Salem,915.000000000000000,642.000000000000000,29.836065569999999,299.000000000000000,0,0.000000000000000,96250.000000000000000,114.060554499999995,0,66428.000000000000000,78.720153809999999, , ,M,Yes,M,1,Minority,196360.617582000006223,2466.183260629999950
"Block Group 4, Census Tract 2047.02, Essex County, Massachusetts",250092047024,N,Salem,3086.000000000000000,2019.000000000000000,34.575502270000001,1242.000000000000000,90,7.246376990000000,76279.000000000000000,90.394027710000003,0,66428.000000000000000,78.720153809999999, , ,M,Yes,M,1,Minority,1567048.794280000030994,6053.842575290000241
"Block Group 1, Census Tract 2051, Essex County, Massachusetts",250092051001,N,Lynn,1434.000000000000000,828.000000000000000,42.259414229999997,481.000000000000000,0,0.000000000000000,58616.000000000000000,69.462585450000006,0,61329.000000000000000,72.677612300000007, , ,M,Yes,M,1,Minority,484731.103637000021990,2971.612267280000196
"Block Group 3, Census Tract 2051, Essex County, Massachusetts",250092051003,N,Lynn,1074.000000000000000,448.000000000000000,58.286778400000003,329.000000000000000,113,34.346504209999999,98170.000000000000000,116.335838319999993,0,61329.000000000000000,72.677612300000007, ,E,M,Yes,ME,2,Minority and English isolation,198572.176551999989897,1862.924166329999935
"Block Group 3, Census Tract 2047.02, Essex County, Massachusetts",250092047023,N,Salem,1125.000000000000000,699.000000000000000,37.866666670000001,418.000000000000000,55,13.157895090000000,62162.000000000000000,73.664749150000006,0,66428.000000000000000,78.720153809999999, , ,M,Yes,M,1,Minority,404791.963517999975011,2944.362289010000040
"Block Group 4, Census Tract 2051, Essex County, Massachusetts",250092051004,N,Lynn,1653.000000000000000,1108.000000000000000,32.970356930000001,374.000000000000000,0,0.000000000000000,117625.000000000000000,139.390884400000004,0,61329.000000000000000,72.677612300000007, , ,M,Yes,M,1,Minority,848910.074417000054382,4405.443197079999663
"Block Group 1, Census Tract 2052, Essex County, Massachusetts",250092052001,N,Lynn,869.000000000000000,506.000000000000000,41.772151899999997,288.000000000000000,11,3.819444420000000,57500.000000000000000,68.140075679999995,0,61329.000000000000000,72.677612300000007, , ,M,Yes,M,1,Minority,289529.191906999971252,2482.313446860000113
"Block Group 2, Census Tract 2052, Essex County, Massachusetts",250092052002,N,Lynn,805.000000000000000,461.000000000000000,42.732919250000002,385.000000000000000,15,3.896103860000000,83646.000000000000000,99.124252319999997,0,61329.000000000000000,72.677612300000007, , ,M,Yes,M,1,Minority,324010.076303999987431,2521.426114379999945
"Block Group 3, Census Tract 2052, Essex County, Massachusetts",250092052003,N,Lynn,1607.000000000000000,419.000000000000000,73.926571249999995,467.000000000000000,102,21.841541289999999,87827.000000000000000,104.078926089999996,0,61329.000000000000000,72.677612300000007, , ,M,Yes,M,1,Minority,209526.705381000007037,1864.701205970000046
"Block Group 4, Census Tract 2151.01, Essex County, Massachusetts",250092151014,N,Hamilton,488.000000000000000,248.000000000000000,49.180327869999999,251.000000000000000,55,21.912349700000000,129063.000000000000000,150.347732540000010,1,115203.000000000000000,136.520706179999991, , ,M,Yes,M,1,Minority,831758.243492000037804,3668.133595620000051
"Block Group 3, Census Tract 2044, Essex County, Massachusetts",250092044003,N,Salem,910.000000000000000,774.000000000000000,14.945054949999999,678.000000000000000,249,36.725662229999998,98214.000000000000000,116.387985229999998,1,66428.000000000000000,78.720153809999999, ,E, ,Yes,E,1,English isolation,830615.293001999962144,5441.741535860000113
"Block Group 2, Census Tract 2046, Essex County, Massachusetts",250092046002,N,Salem,1335.000000000000000,995.000000000000000,25.468164789999999,559.000000000000000,0,0.000000000000000,101655.000000000000000,120.465721130000006,0,66428.000000000000000,78.720153809999999, , ,M,Yes,M,1,Minority,635325.354571999981999,3837.992979009999999
"Block Group 1, Census Tract 2106, Essex County, Massachusetts",250092106001,N,Peabody,1809.000000000000000,1256.000000000000000,30.569375350000001,785.000000000000000,56,7.133758070000000,55540.000000000000000,65.817382809999998,0,80681.000000000000000,95.610595700000005, , ,M,Yes,M,1,Minority,1229525.415139999939129,5712.834866590000274
"Block Group 4, Census Tract 2046, Essex County, Massachusetts",250092046004,N,Salem,1116.000000000000000,841.000000000000000,24.641577059999999,394.000000000000000,15,3.807106490000000,106090.000000000000000,125.721397400000001,0,66428.000000000000000,78.720153809999999, , ,M,Yes,M,1,Minority,311962.880424999981187,2722.958579220000047
"Block Group 2, Census Tract 2071, Essex County, Massachusetts",250092071002,N,Lynn,1176.000000000000000,115.000000000000000,90.221088440000003,287.000000000000000,82,28.571428300000001,65156.000000000000000,77.212776180000006,0,61329.000000000000000,72.677612300000007, ,E,M,Yes,ME,2,Minority and English isolation,112717.337392000001273,1505.146225709999953
"Block Group 2, Census Tract 2047.01, Essex County, Massachusetts",250092047012,N,Salem,1352.000000000000000,502.000000000000000,62.869822489999997,322.000000000000000,18,5.590062140000000,71389.000000000000000,84.599159240000006,0,66428.000000000000000,78.720153809999999, , ,M,Yes,M,1,Minority,1908527.024380000075325,8074.230581509999865
"Block Group 4, Census Tract 2053, Essex County, Massachusetts",250092053004,N,Lynn,1114.000000000000000,724.000000000000000,35.008976660000002,309.000000000000000,0,0.000000000000000,75208.000000000000000,89.124847410000001,0,61329.000000000000000,72.677612300000007, , ,M,Yes,M,1,Minority,634099.236211000010371,5590.520776020000085
"Block Group 3, Census Tract 2054, Essex County, Massachusetts",250092054003,N,Lynn,1552.000000000000000,1160.000000000000000,25.257731960000001,432.000000000000000,0,0.000000000000000,130357.000000000000000,154.478881840000014,0,61329.000000000000000,72.677612300000007, , ,M,Yes,M,1,Minority,806444.751490000053309,5514.297551120000207
"Block Group 2, Census Tract 2055, Essex County, Massachusetts",250092055002,N,Lynn,3109.000000000000000,559.000000000000000,82.019942099999994,740.000000000000000,145,19.594594959999998,60333.000000000000000,71.497306820000006,0,61329.000000000000000,72.677612300000007, , ,M,Yes,M,1,Minority,439594.789103000017349,3084.122469679999995
"Block Group 4, Census Tract 2056, Essex County, Massachusetts",250092056004,N,Lynn,695.000000000000000,437.000000000000000,37.122302159999997,217.000000000000000,0,0.000000000000000,85341.000000000000000,101.132904049999993,0,61329.000000000000000,72.677612300000007, , ,M,Yes,M,1,Minority,241785.260364999994636,3471.166823240000213
"Block Group 1, Census Tract 2057, Essex County, Massachusetts",250092057001,N,Lynn,804.000000000000000,496.000000000000000,38.308457709999999,253.000000000000000,18,7.114624500000000,114688.000000000000000,135.910415650000004,0,61329.000000000000000,72.677612300000007, , ,M,Yes,M,1,Minority,471456.011199000000488,2893.763605889999781
"Block Group 3, Census Tract 2057, Essex County, Massachusetts",250092057003,N,Lynn,1171.000000000000000,455.000000000000000,61.144321089999998,482.000000000000000,0,0.000000000000000,53043.000000000000000,62.858329769999997,0,61329.000000000000000,72.677612300000007,I, ,M,Yes,MI,2,Minority and income,197447.778969000006327,2561.090309359999992
"Block Group 4, Census Tract 2057, Essex County, Massachusetts",250092057004,N,Lynn,903.000000000000000,368.000000000000000,59.246954600000002,149.000000000000000,9,6.040268420000000,81354.000000000000000,96.408126830000000,0,61329.000000000000000,72.677612300000007, , ,M,Yes,M,1,Minority,199358.357064000010723,2373.883877149999989
"Block Group 3, Census Tract 2066, Essex County, Massachusetts",250092066003,N,Lynn,1367.000000000000000,576.000000000000000,57.863935630000000,494.000000000000000,88,17.813764570000000,63929.000000000000000,75.758728030000000,0,61329.000000000000000,72.677612300000007, , ,M,Yes,M,1,Minority,297227.643237999989651,3496.915540739999869
"Block Group 2, Census Tract 2067, Essex County, Massachusetts",250092067002,N,Lynn,858.000000000000000,591.000000000000000,31.118881120000001,410.000000000000000,54,13.170731540000000,58980.000000000000000,69.893936159999996,0,61329.000000000000000,72.677612300000007, , ,M,Yes,M,1,Minority,360739.270054000022355,2825.869971269999951
"Block Group 2, Census Tract 2069, Essex County, Massachusetts",250092069002,N,Lynn,1380.000000000000000,503.000000000000000,63.550724639999999,459.000000000000000,53,11.546840670000000,40363.000000000000000,47.831958770000000,0,61329.000000000000000,72.677612300000007,I, ,M,Yes,MI,2,Minority and income,117593.754644000000553,1425.584083689999943
"Block Group 3, Census Tract 2069, Essex County, Massachusetts",250092069003,N,Lynn,1809.000000000000000,617.000000000000000,65.892758430000001,754.000000000000000,195,25.862068180000001,18333.000000000000000,21.725425720000000,0,61329.000000000000000,72.677612300000007,I,E,M,Yes,MIE,3,"Minority, income and English isolation",343482.708753000013530,2971.451180519999980
"Block Group 1, Census Tract 2070, Essex County, Massachusetts",250092070001,N,Lynn,966.000000000000000,402.000000000000000,58.385093169999998,650.000000000000000,173,26.615385060000001,14855.000000000000000,17.603839870000002,0,61329.000000000000000,72.677612300000007,I,E,M,Yes,MIE,3,"Minority, income and English isolation",645449.577859999961220,3900.770918709999933
"Block Group 1, Census Tract 2071, Essex County, Massachusetts",250092071001,N,Lynn,1581.000000000000000,180.000000000000000,88.614800759999994,435.000000000000000,154,35.402297969999999,47781.000000000000000,56.622623439999998,0,61329.000000000000000,72.677612300000007,I,E,M,Yes,MIE,3,"Minority, income and English isolation",165861.004657000012230,1970.768750729999965
"Block Group 3, Census Tract 2071, Essex County, Massachusetts",250092071003,N,Lynn,1050.000000000000000,129.000000000000000,87.714285709999999,406.000000000000000,47,11.576354980000000,114018.000000000000000,135.116424560000013,0,61329.000000000000000,72.677612300000007, , ,M,Yes,M,1,Minority,83836.546214500005590,1157.809039010000106
"Block Group 2, Census Tract 2072, Essex County, Massachusetts",250092072002,N,Lynn,1560.000000000000000,333.000000000000000,78.653846150000007,734.000000000000000,201,27.384195330000001,14588.000000000000000,17.287431720000001,0,61329.000000000000000,72.677612300000007,I,E,M,Yes,MIE,3,"Minority, income and English isolation",210239.818896000011591,2501.918535710000015
"Block Group 2, Census Tract 2070, Essex County, Massachusetts",250092070002,N,Lynn,1323.000000000000000,184.000000000000000,86.092214659999996,372.000000000000000,98,26.344085690000000,33000.000000000000000,39.106475830000001,0,61329.000000000000000,72.677612300000007,I,E,M,Yes,MIE,3,"Minority, income and English isolation",162822.406254000001354,1979.360561010000083
"Block Group 1, Census Tract 2072, Essex County, Massachusetts",250092072001,N,Lynn,1443.000000000000000,267.000000000000000,81.496881500000001,264.000000000000000,31,11.742424010000001,44500.000000000000000,52.734489439999997,0,61329.000000000000000,72.677612300000007,I, ,M,Yes,MI,2,Minority and income,2593444.310879999771714,7041.133410219999860
"Block Group 3, Census Tract 2081.01, Essex County, Massachusetts",250092081013,N,Saugus,1176.000000000000000,842.000000000000000,28.401360539999999,397.000000000000000,0,0.000000000000000,102411.000000000000000,121.361618039999996,0,88463.000000000000000,104.832611080000007, , ,M,Yes,M,1,Minority,454017.321225999970920,4170.860362569999779
"Block Group 5, Census Tract 2057, Essex County, Massachusetts",250092057005,N,Lynn,1134.000000000000000,474.000000000000000,58.201058199999999,373.000000000000000,77,20.643430710000001,110045.000000000000000,130.408248899999990,0,61329.000000000000000,72.677612300000007, , ,M,Yes,M,1,Minority,417559.643706000002567,3930.104240589999790
"Block Group 3, Census Tract 2059, Essex County, Massachusetts",250092059003,N,Lynn,1448.000000000000000,543.000000000000000,62.500000000000000,381.000000000000000,62,16.272966380000000,76328.000000000000000,90.452095029999995,0,61329.000000000000000,72.677612300000007, , ,M,Yes,M,1,Minority,211265.092634000000544,1952.074836060000052
"Block Group 2, Census Tract 2062, Essex County, Massachusetts",250092062002,N,Lynn,2507.000000000000000,374.000000000000000,85.081771040000007,930.000000000000000,135,14.516129490000001,63737.000000000000000,75.531196589999993,0,61329.000000000000000,72.677612300000007, , ,M,Yes,M,1,Minority,164463.121867999987444,2399.179908829999931
"Block Group 3, Census Tract 2063, Essex County, Massachusetts",250092063003,N,Lynn,1018.000000000000000,164.000000000000000,83.889980350000002,309.000000000000000,50,16.181230549999999,64938.000000000000000,76.954437260000006,0,61329.000000000000000,72.677612300000007, , ,M,Yes,M,1,Minority,133825.071464000007836,1621.984650659999943
"Block Group 1, Census Tract 2064, Essex County, Massachusetts",250092064001,N,Lynn,1228.000000000000000,193.000000000000000,84.283387619999999,312.000000000000000,101,32.371795650000003,46591.000000000000000,55.212417600000002,0,61329.000000000000000,72.677612300000007,I,E,M,Yes,MIE,3,"Minority, income and English isolation",121897.667060000007041,1438.384791819999919
"Block Group 4, Census Tract 2064, Essex County, Massachusetts",250092064004,N,Lynn,1578.000000000000000,550.000000000000000,65.145754120000007,432.000000000000000,41,9.490740779999999,67171.000000000000000,79.600639340000001,0,61329.000000000000000,72.677612300000007, , ,M,Yes,M,1,Minority,196778.517660999990767,1974.516724079999904
"Block Group 2, Census Tract 2065, Essex County, Massachusetts",250092065002,N,Lynn,1473.000000000000000,228.000000000000000,84.521384929999996,588.000000000000000,235,39.965988160000002,44063.000000000000000,52.216625209999997,0,61329.000000000000000,72.677612300000007,I,E,M,Yes,MIE,3,"Minority, income and English isolation",126557.608559999993304,1973.341605410000057
"Block Group 1, Census Tract 2066, Essex County, Massachusetts",250092066001,N,Lynn,1001.000000000000000,536.000000000000000,46.453546449999997,458.000000000000000,22,4.803493500000000,83500.000000000000000,98.951232910000002,0,61329.000000000000000,72.677612300000007, , ,M,Yes,M,1,Minority,156966.985477000009269,1842.498878529999956
"Block Group 1, Census Tract 2065, Essex County, Massachusetts",250092065001,N,Lynn,1091.000000000000000,315.000000000000000,71.127406050000005,144.000000000000000,0,0.000000000000000,46118.000000000000000,54.651893620000003,0,61329.000000000000000,72.677612300000007,I, ,M,Yes,MI,2,Minority and income,177043.986493000003975,2203.733439420000195
"Block Group 5, Census Tract 2052, Essex County, Massachusetts",250092052005,N,Lynn,1041.000000000000000,515.000000000000000,50.528338140000002,212.000000000000000,70,33.018867489999998,70179.000000000000000,83.165252690000003,0,61329.000000000000000,72.677612300000007, ,E,M,Yes,ME,2,Minority and English isolation,331080.429487999994308,3642.923695410000164
"Block Group 1, Census Tract 2053, Essex County, Massachusetts",250092053001,N,Lynn,1674.000000000000000,1138.000000000000000,32.019115890000002,569.000000000000000,22,3.866432430000000,119519.000000000000000,141.635360719999994,0,61329.000000000000000,72.677612300000007, , ,M,Yes,M,1,Minority,1132202.337490000063553,5756.479544429999805
"Block Group 1, Census Tract 2081.02, Essex County, Massachusetts",250092081021,N,Saugus,811.000000000000000,539.000000000000000,33.538840940000000,211.000000000000000,0,0.000000000000000,77188.000000000000000,91.471229550000004,0,88463.000000000000000,80.975288390000003, , ,M,Yes,M,1,Minority,2870303.102820000145584,11928.672144500000286
"Block Group 2, Census Tract 2081.02, Essex County, Massachusetts",250092081022,N,Saugus,963.000000000000000,676.000000000000000,29.802699900000000,404.000000000000000,4,0.990099010000000,140219.000000000000000,166.165786739999987,0,88463.000000000000000,104.832611080000007, , ,M,Yes,M,1,Minority,352158.457368000003044,3020.031743080000069
"Block Group 2, Census Tract 2107, Essex County, Massachusetts",250092107002,N,Peabody,1062.000000000000000,482.000000000000000,54.613935970000000,395.000000000000000,44,11.139240259999999,34028.000000000000000,40.324703220000004,0,80681.000000000000000,95.610595700000005,I, ,M,Yes,MI,2,Minority and income,201472.116738000011537,2150.986358269999982
"Block Group 2, Census Tract 2108, Essex County, Massachusetts",250092108002,N,Peabody,1327.000000000000000,667.000000000000000,49.736247169999999,530.000000000000000,20,3.773584840000000,50761.000000000000000,60.154056550000000,0,80681.000000000000000,95.610595700000005,I, ,M,Yes,MI,2,Minority and income,304051.905117999995127,3003.244385540000167
"Block Group 3, Census Tract 2108, Essex County, Massachusetts",250092108003,N,Peabody,1026.000000000000000,590.000000000000000,42.495126710000001,609.000000000000000,157,25.779966349999999,85404.000000000000000,101.207557679999994,0,80681.000000000000000,95.610595700000005, ,E,M,Yes,ME,2,Minority and English isolation,163061.710279999999329,1886.533412660000067
"Block Group 4, Census Tract 2108, Essex County, Massachusetts",250092108004,N,Peabody,1260.000000000000000,717.000000000000000,43.095238100000003,596.000000000000000,101,16.946308139999999,31833.000000000000000,37.723529820000003,0,80681.000000000000000,95.610595700000005,I, ,M,Yes,MI,2,Minority and income,201992.901519000006374,2342.934695360000205
"Block Group 1, Census Tract 2109, Essex County, Massachusetts",250092109001,N,Peabody,1270.000000000000000,895.000000000000000,29.527559060000002,613.000000000000000,60,9.787928580000001,96232.000000000000000,114.039222719999998,0,80681.000000000000000,95.610595700000005, , ,M,Yes,M,1,Minority,536513.664973999955691,4682.355724979999650
"Block Group 2, Census Tract 2111, Essex County, Massachusetts",250092111002,N,Danvers,921.000000000000000,750.000000000000000,18.566775239999998,400.000000000000000,17,4.250000000000000,54125.000000000000000,64.140548710000004,0,99269.000000000000000,117.638206479999994,I, , ,Yes,I,1,Income,1346642.877730000065640,5144.486858569999640
"Block Group 4, Census Tract 2151.02, Essex County, Massachusetts",250092151024,N,Hamilton,663.000000000000000,598.000000000000000,9.803921570000000,232.000000000000000,0,0.000000000000000,41579.000000000000000,49.272975920000000,0,115203.000000000000000,136.520706179999991,I, , ,Yes,I,1,Income,326032.669408000016119,3156.854671239999789
"Block Group 3, Census Tract 2173, Essex County, Massachusetts",250092173003,N,Beverly,1473.000000000000000,1066.000000000000000,27.630685679999999,567.000000000000000,41,7.231040480000000,63313.000000000000000,75.028739930000000,0,84354.000000000000000,99.963264469999999, , ,M,Yes,M,1,Minority,429908.632555000018328,3487.827762999999777
"Block Group 5, Census Tract 2173, Essex County, Massachusetts",250092173005,N,Beverly,965.000000000000000,630.000000000000000,34.715025910000001,538.000000000000000,73,13.568773269999999,80595.000000000000000,95.508682250000007,0,84354.000000000000000,99.963264469999999, , ,M,Yes,M,1,Minority,235719.254248999990523,2190.752463499999976
"Block Group 2, Census Tract 2174.01, Essex County, Massachusetts",250092174012,N,Beverly,857.000000000000000,695.000000000000000,18.903150530000001,530.000000000000000,75,14.150943760000001,33289.000000000000000,39.448955540000000,0,84354.000000000000000,99.963264469999999,I, , ,Yes,I,1,Income,98347.036774599997443,1362.962802040000042
"Block Group 2, Census Tract 2174.02, Essex County, Massachusetts",250092174022,N,Beverly,1455.000000000000000,1217.000000000000000,16.357388319999998,702.000000000000000,8,1.139601110000000,45676.000000000000000,54.128105159999997,0,84354.000000000000000,99.963264469999999,I, , ,Yes,I,1,Income,172840.843071000010241,2737.611767299999883
"Block Group 3, Census Tract 2081.02, Essex County, Massachusetts",250092081023,N,Saugus,868.000000000000000,655.000000000000000,24.539170510000002,232.000000000000000,10,4.310344700000000,96750.000000000000000,114.653076170000006,0,88463.000000000000000,104.832611080000007, , ,M,Yes,M,1,Minority,310015.401684999989811,2729.482009299999845
"Block Group 3, Census Tract 2082, Essex County, Massachusetts",250092082003,N,Saugus,2019.000000000000000,1600.000000000000000,20.752847939999999,924.000000000000000,78,8.441558840000001,29567.000000000000000,35.038219450000000,0,88463.000000000000000,104.832611080000007,I, , ,Yes,I,1,Income,995634.518769999966025,4255.114455320000161
"Block Group 1, Census Tract 2083.01, Essex County, Massachusetts",250092083011,N,Saugus,1891.000000000000000,1458.000000000000000,22.897937599999999,918.000000000000000,37,4.030500890000000,46250.000000000000000,54.808319089999998,0,88463.000000000000000,104.832611080000007,I, , ,Yes,I,1,Income,1720437.795970000093803,5972.600880009999855
"Block Group 1, Census Tract 2083.02, Essex County, Massachusetts",250092083021,N,Saugus,1201.000000000000000,948.000000000000000,21.065778519999999,297.000000000000000,81,27.272727969999998,78984.000000000000000,93.599571229999995,1,88463.000000000000000,104.832611080000007, ,E, ,Yes,E,1,English isolation,2758191.114450000226498,7655.443552480000108
"Block Group 1, Census Tract 2084.01, Essex County, Massachusetts",250092084011,N,Saugus,1320.000000000000000,987.000000000000000,25.227272729999999,336.000000000000000,0,0.000000000000000,130682.000000000000000,154.864013669999991,0,88463.000000000000000,104.832611080000007, , ,M,Yes,M,1,Minority,880831.477874999982305,5025.645468929999879
"Block Group 4, Census Tract 2103.02, Essex County, Massachusetts",250092103024,N,Peabody,1848.000000000000000,1229.000000000000000,33.495671000000002,692.000000000000000,0,0.000000000000000,84100.000000000000000,99.662261959999995,0,80681.000000000000000,95.610595700000005, , ,M,Yes,M,1,Minority,1153148.943019999889657,7465.924933579999561
"Block Group 2, Census Tract 2084.02, Essex County, Massachusetts",250092084022,N,Saugus,2193.000000000000000,1521.000000000000000,30.642954860000000,555.000000000000000,44,7.927927970000000,92056.000000000000000,109.090476989999999,0,88463.000000000000000,104.832611080000007, , ,M,Yes,M,1,Minority,2701307.272830000147223,7314.728838250000081
"Block Group 2, Census Tract 2103.01, Essex County, Massachusetts",250092103012,N,Peabody,2208.000000000000000,2001.000000000000000,9.375000000000000,1177.000000000000000,22,1.869158860000000,53450.000000000000000,63.340641020000000,0,80681.000000000000000,95.610595700000005,I, , ,Yes,I,1,Income,2158941.294590000063181,6967.817018970000390
"Block Group 1, Census Tract 2103.02, Essex County, Massachusetts",250092103021,N,Peabody,1066.000000000000000,779.000000000000000,26.923076920000000,368.000000000000000,0,0.000000000000000,117931.000000000000000,139.753509519999994,0,80681.000000000000000,95.610595700000005, , ,M,Yes,M,1,Minority,2974271.161689999978989,10562.817571999999927
"Block Group 2, Census Tract 2214, Essex County, Massachusetts",250092214002,N,Gloucester,1785.000000000000000,1514.000000000000000,15.182072829999999,768.000000000000000,42,5.468750000000000,54808.000000000000000,64.949928279999995,0,76260.000000000000000,90.371513370000002,I, , ,Yes,I,1,Income,746097.785564000019804,3961.636804010000105
"Block Group 1, Census Tract 2217, Essex County, Massachusetts",250092217001,N,Gloucester,1042.000000000000000,889.000000000000000,14.683301340000000,611.000000000000000,0,0.000000000000000,44427.000000000000000,52.647983549999999,0,76260.000000000000000,90.371513370000002,I, , ,Yes,I,1,Income,169910.630119000008563,1650.023330450000003
"Block Group 1, Census Tract 2501, Essex County, Massachusetts",250092501001,N,Lawrence,959.000000000000000,108.000000000000000,88.738269029999998,441.000000000000000,177,40.136054989999998,12156.000000000000000,14.405404089999999,0,45045.000000000000000,53.380340580000002,I,E,M,Yes,MIE,3,"Minority, income and English isolation",458602.656308999983594,3234.371704019999925
"Block Group 2, Census Tract 2501, Essex County, Massachusetts",250092501002,N,Lawrence,2794.000000000000000,496.000000000000000,82.247673590000005,1025.000000000000000,415,40.487804410000003,35327.000000000000000,41.864074709999997,0,45045.000000000000000,53.380340580000002,I,E,M,Yes,MIE,3,"Minority, income and English isolation",592402.799909999943338,3452.214648170000146
"Block Group 2, Census Tract 2502, Essex County, Massachusetts",250092502002,N,Lawrence,1587.000000000000000,118.000000000000000,92.564587270000004,332.000000000000000,45,13.554217339999999,41765.000000000000000,49.493392940000000,0,45045.000000000000000,53.380340580000002,I, ,M,Yes,MI,2,Minority and income,178801.412753000011435,2127.872873020000043
"Block Group 3, Census Tract 2502, Essex County, Massachusetts",250092502003,N,Lawrence,2415.000000000000000,369.000000000000000,84.720496890000007,619.000000000000000,55,8.885298730000001,67813.000000000000000,80.361434939999995,0,45045.000000000000000,53.380340580000002, , ,M,Yes,M,1,Minority,326114.002242000016849,2449.210068530000171
"Block Group 1, Census Tract 2503, Essex County, Massachusetts",250092503001,N,Lawrence,1931.000000000000000,79.000000000000000,95.908855520000003,403.000000000000000,150,37.220844270000001,41172.000000000000000,48.790660860000003,0,45045.000000000000000,53.380340580000002,I,E,M,Yes,MIE,3,"Minority, income and English isolation",334452.875454999972135,3191.650993700000072
"Block Group 2, Census Tract 2513, Essex County, Massachusetts",250092513002,N,Lawrence,1068.000000000000000,34.000000000000000,96.816479400000006,257.000000000000000,53,20.622568130000001,37468.000000000000000,44.401256560000000,0,45045.000000000000000,53.380340580000002,I, ,M,Yes,MI,2,Minority and income,245023.366940999985673,2957.892436399999951
"Block Group 3, Census Tract 2513, Essex County, Massachusetts",250092513003,N,Lawrence,801.000000000000000,70.000000000000000,91.260923849999998,157.000000000000000,37,23.566879270000001,53125.000000000000000,62.955501560000002,0,45045.000000000000000,53.380340580000002,I, ,M,Yes,MI,2,Minority and income,220239.922686000005342,2591.673306830000001
"Block Group 1, Census Tract 2514, Essex County, Massachusetts",250092514001,N,Lawrence,2304.000000000000000,102.000000000000000,95.572916669999998,655.000000000000000,276,42.137405399999999,37682.000000000000000,44.654853820000000,0,45045.000000000000000,53.380340580000002,I,E,M,Yes,MIE,3,"Minority, income and English isolation",234722.138039999990724,2122.221197800000027
"Block Group 2, Census Tract 2514, Essex County, Massachusetts",250092514002,N,Lawrence,911.000000000000000,103.000000000000000,88.693743139999995,228.000000000000000,44,19.298246379999998,62955.000000000000000,74.604492190000002,0,45045.000000000000000,53.380340580000002, , ,M,Yes,M,1,Minority,130749.181448000003002,1544.370605620000106
"Block Group 3, Census Tract 2514, Essex County, Massachusetts",250092514003,N,Lawrence,1019.000000000000000,75.000000000000000,92.639842979999997,228.000000000000000,70,30.701753620000002,50431.000000000000000,59.762992859999997,0,45045.000000000000000,53.380340580000002,I,E,M,Yes,MIE,3,"Minority, income and English isolation",327220.859919000009540,3102.568987999999990
"Block Group 4, Census Tract 2514, Essex County, Massachusetts",250092514004,N,Lawrence,1286.000000000000000,234.000000000000000,81.804043550000003,352.000000000000000,0,0.000000000000000,59063.000000000000000,69.992294310000005,0,45045.000000000000000,53.380340580000002, , ,M,Yes,M,1,Minority,199230.638276000012411,1751.580699009999989
"Block Group 3, Census Tract 2515, Essex County, Massachusetts",250092515003,N,Lawrence,1782.000000000000000,198.000000000000000,88.888888890000004,635.000000000000000,100,15.748031620000001,44005.000000000000000,52.147891999999999,0,45045.000000000000000,53.380340580000002,I, ,M,Yes,MI,2,Minority and income,203103.069138999999268,1813.078958159999956
"Block Group 1, Census Tract 2517, Essex County, Massachusetts",250092517001,N,Lawrence,1614.000000000000000,637.000000000000000,60.532837669999999,708.000000000000000,24,3.389830590000000,100147.000000000000000,118.678672789999993,0,45045.000000000000000,53.380340580000002, , ,M,Yes,M,1,Minority,1692348.938300000037998,7771.466806049999832
"Block Group 2, Census Tract 2517, Essex County, Massachusetts",250092517002,N,Lawrence,1442.000000000000000,55.000000000000000,96.185852980000007,486.000000000000000,196,40.329219819999999,97941.000000000000000,116.064468379999994,0,45045.000000000000000,53.380340580000002, ,E,M,Yes,ME,2,Minority and English isolation,457257.623009999981150,3312.778563849999955
"Block Group 3, Census Tract 2517, Essex County, Massachusetts",250092517003,N,Lawrence,1756.000000000000000,102.000000000000000,94.191343959999998,432.000000000000000,210,48.611110689999997,52188.000000000000000,61.845115659999998,0,45045.000000000000000,53.380340580000002,I,E,M,Yes,MIE,3,"Minority, income and English isolation",189279.042247000004863,1994.740187740000010
"Block Group 4, Census Tract 2517, Essex County, Massachusetts",250092517004,N,Lawrence,997.000000000000000,119.000000000000000,88.064192579999997,191.000000000000000,51,26.701570510000000,53021.000000000000000,62.832256319999999,0,45045.000000000000000,53.380340580000002,I,E,M,Yes,MIE,3,"Minority, income and English isolation",293896.899933999986388,2836.256455780000124
"Block Group 4, Census Tract 2518, Essex County, Massachusetts",250092518004,N,Lawrence,2065.000000000000000,917.000000000000000,55.593220340000002,593.000000000000000,14,2.360876800000000,107708.000000000000000,127.638801569999998,0,45045.000000000000000,53.380340580000002, , ,M,Yes,M,1,Minority,1005655.577440000022762,5911.315688570000020
"Block Group 1, Census Tract 2515, Essex County, Massachusetts",250092515001,N,Lawrence,1210.000000000000000,127.000000000000000,89.504132229999996,417.000000000000000,144,34.532375340000002,70547.000000000000000,83.601348880000003,0,45045.000000000000000,53.380340580000002, ,E,M,Yes,ME,2,Minority and English isolation,393026.853125000023283,3257.694709519999833
"Block Group 2, Census Tract 2503, Essex County, Massachusetts",250092503002,N,Lawrence,974.000000000000000,38.000000000000000,96.098562630000004,282.000000000000000,81,28.723403930000000,87895.000000000000000,104.159507750000003,0,45045.000000000000000,53.380340580000002, ,E,M,Yes,ME,2,Minority and English isolation,187692.133900999993784,1964.309779879999951
"Block Group 1, Census Tract 2504, Essex County, Massachusetts",250092504001,N,Lawrence,1392.000000000000000,79.000000000000000,94.324712640000001,530.000000000000000,121,22.830188750000001,47478.000000000000000,56.263553620000003,0,45045.000000000000000,53.380340580000002,I, ,M,Yes,MI,2,Minority and income,113014.700056999994558,1531.159119910000072
"Block Group 2, Census Tract 2504, Essex County, Massachusetts",250092504002,N,Lawrence,1878.000000000000000,128.000000000000000,93.184238550000003,454.000000000000000,183,40.308368680000001,43750.000000000000000,51.845706939999999,0,45045.000000000000000,53.380340580000002,I,E,M,Yes,MIE,3,"Minority, income and English isolation",119144.638686999998754,2110.703383449999819
"Block Group 3, Census Tract 2504, Essex County, Massachusetts",250092504003,N,Lawrence,800.000000000000000,31.000000000000000,96.125000000000000,318.000000000000000,166,52.201259610000001,33500.000000000000000,39.698997499999997,0,45045.000000000000000,53.380340580000002,I,E,M,Yes,MIE,3,"Minority, income and English isolation",95651.362719700002344,1429.892628659999900
"Block Group 2, Census Tract 2505, Essex County, Massachusetts",250092505002,N,Lawrence,908.000000000000000,11.000000000000000,98.788546260000004,313.000000000000000,149,47.603832240000003,41750.000000000000000,49.475616459999998,0,45045.000000000000000,53.380340580000002,I,E,M,Yes,MIE,3,"Minority, income and English isolation",66046.797309799992945,1183.335754749999978
"Block Group 2, Census Tract 2506, Essex County, Massachusetts",250092506002,N,Lawrence,1425.000000000000000,101.000000000000000,92.912280699999997,508.000000000000000,121,23.818897249999999,46216.000000000000000,54.768028260000001,0,45045.000000000000000,53.380340580000002,I, ,M,Yes,MI,2,Minority and income,164751.624020999995992,2020.325902340000084
"Block Group 2, Census Tract 2509, Essex County, Massachusetts",250092509002,N,Lawrence,1105.000000000000000,32.000000000000000,97.104072400000007,375.000000000000000,173,46.133335109999997,14810.000000000000000,17.550512309999998,0,45045.000000000000000,53.380340580000002,I,E,M,Yes,MIE,3,"Minority, income and English isolation",82175.942445699998643,1169.755057200000010
"Block Group 2, Census Tract 2511, Essex County, Massachusetts",250092511002,N,Lawrence,1061.000000000000000,51.000000000000000,95.193213950000001,270.000000000000000,71,26.296297070000001,28587.000000000000000,33.876873019999998,0,45045.000000000000000,53.380340580000002,I,E,M,Yes,MIE,3,"Minority, income and English isolation",79679.472439599994686,1395.407306569999946
"Block Group 3, Census Tract 2511, Essex County, Massachusetts",250092511003,N,Lawrence,576.000000000000000,10.000000000000000,98.263888890000004,192.000000000000000,118,61.458332059999996,76402.000000000000000,90.539787290000007,0,45045.000000000000000,53.380340580000002, ,E,M,Yes,ME,2,Minority and English isolation,118192.632207999995444,1610.997966059999953
"Block Group 1, Census Tract 2512, Essex County, Massachusetts",250092512001,N,Lawrence,1474.000000000000000,107.000000000000000,92.740841250000003,644.000000000000000,355,55.124221800000001,20643.000000000000000,24.462879180000002,0,45045.000000000000000,53.380340580000002,I,E,M,Yes,MIE,3,"Minority, income and English isolation",213208.390332000009948,2234.789394779999839
"Block Group 1, Census Tract 2513, Essex County, Massachusetts",250092513001,N,Lawrence,2024.000000000000000,91.000000000000000,95.503952569999996,709.000000000000000,317,44.710861209999997,37946.000000000000000,44.967708590000001,0,45045.000000000000000,53.380340580000002,I,E,M,Yes,MIE,3,"Minority, income and English isolation",200852.244310999987647,2058.936916560000100
"Block Group 3, Census Tract 2201.01, Essex County, Massachusetts",250092201013,N,Rockport,828.000000000000000,774.000000000000000,6.521739130000000,587.000000000000000,0,0.000000000000000,47644.000000000000000,56.460269930000003,0,87149.000000000000000,103.275466920000000,I, , ,Yes,I,1,Income,1283308.934129999950528,6077.724297320000005
"Block Group 1, Census Tract 2214, Essex County, Massachusetts",250092214001,N,Gloucester,1014.000000000000000,814.000000000000000,19.723865880000002,476.000000000000000,0,0.000000000000000,55000.000000000000000,65.177459720000002,0,76260.000000000000000,90.371513370000002,I, , ,Yes,I,1,Income,159101.865886000014143,1763.791720700000042
"Block Group 1, Census Tract 3103, Middlesex County, Massachusetts",250173103001,N,Lowell,1621.000000000000000,722.000000000000000,55.459592839999999,670.000000000000000,55,8.208954810000000,75106.000000000000000,89.003967290000006,0,62196.000000000000000,73.705039979999995, , ,M,Yes,M,1,Minority,305328.239902000001166,2412.709837970000081
"Block Group 2, Census Tract 3103, Middlesex County, Massachusetts",250173103002,N,Lowell,1750.000000000000000,542.000000000000000,69.028571430000000,491.000000000000000,46,9.368635180000000,46146.000000000000000,54.685073850000002,0,62196.000000000000000,73.705039979999995,I, ,M,Yes,MI,2,Minority and income,238993.586455000011483,2453.042003250000107
"Block Group 3, Census Tract 3103, Middlesex County, Massachusetts",250173103003,N,Lowell,1257.000000000000000,497.000000000000000,60.461416069999999,389.000000000000000,53,13.624678610000000,41563.000000000000000,49.254013059999998,0,62196.000000000000000,73.705039979999995,I, ,M,Yes,MI,2,Minority and income,190066.493439000012586,1886.562971930000003
"Block Group 1, Census Tract 3105, Middlesex County, Massachusetts",250173105001,N,Lowell,755.000000000000000,376.000000000000000,50.198675500000000,342.000000000000000,131,38.304092410000003,93929.000000000000000,111.310066219999996,0,62196.000000000000000,73.705039979999995, ,E,M,Yes,ME,2,Minority and English isolation,585809.968665000051260,4418.947614759999851
"Block Group 2, Census Tract 8022, Hampden County, Massachusetts",250138022002,N,Springfield,1133.000000000000000,158.000000000000000,86.054721979999997,415.000000000000000,150,36.144577030000001,34219.000000000000000,40.551044460000000,0,41571.000000000000000,49.263496400000001,I,E,M,Yes,MIE,3,"Minority, income and English isolation",213871.365223000000697,2095.585693259999971
"Block Group 3, Census Tract 8022, Hampden County, Massachusetts",250138022003,N,Springfield,1175.000000000000000,168.000000000000000,85.702127660000002,276.000000000000000,48,17.391304020000000,28700.000000000000000,34.010784149999999,0,41571.000000000000000,49.263496400000001,I, ,M,Yes,MI,2,Minority and income,182326.387818999995943,2111.871679819999827
"Block Group 1, Census Tract 8023, Hampden County, Massachusetts",250138023001,N,Springfield,763.000000000000000,137.000000000000000,82.044560939999997,325.000000000000000,41,12.615385059999999,36120.000000000000000,42.803817750000000,0,41571.000000000000000,49.263496400000001,I, ,M,Yes,MI,2,Minority and income,265633.523981000005733,3326.836670019999929
"Block Group 2, Census Tract 8023, Hampden County, Massachusetts",250138023002,N,Springfield,1806.000000000000000,280.000000000000000,84.496124030000004,489.000000000000000,39,7.975460050000000,75129.000000000000000,89.031227110000003,0,41571.000000000000000,49.263496400000001, , ,M,Yes,M,1,Minority,319766.104450999991968,2758.595964480000021
"Block Group 3, Census Tract 8023, Hampden County, Massachusetts",250138023003,N,Springfield,2409.000000000000000,240.000000000000000,90.037359899999998,721.000000000000000,223,30.929264069999999,21089.000000000000000,24.991409300000001,0,41571.000000000000000,49.263496400000001,I,E,M,Yes,MIE,3,"Minority, income and English isolation",333895.293145000003278,2887.691852800000106
"Block Group 4, Census Tract 8113.01, Hampden County, Massachusetts",250138113014,N,Chicopee,1159.000000000000000,833.000000000000000,28.127696289999999,541.000000000000000,0,0.000000000000000,44135.000000000000000,52.301948549999999,0,52702.000000000000000,62.454227449999998,I, ,M,Yes,MI,2,Minority and income,1077272.224159999983385,5421.850326560000212
"Block Group 1, Census Tract 8111.01, Hampden County, Massachusetts",250138111011,N,Chicopee,1380.000000000000000,487.000000000000000,64.710144929999998,470.000000000000000,0,0.000000000000000,24821.000000000000000,29.413995740000001,0,52702.000000000000000,62.454227449999998,I, ,M,Yes,MI,2,Minority and income,438195.681379000016022,3388.684441079999942
"Block Group 3, Census Tract 8113.01, Hampden County, Massachusetts",250138113013,N,Chicopee,2219.000000000000000,1575.000000000000000,29.022082019999999,1089.000000000000000,15,1.377410410000000,44529.000000000000000,52.768856049999997,0,52702.000000000000000,62.454227449999998,I, ,M,Yes,MI,2,Minority and income,2078682.586349999997765,8284.725135160000718
"Block Group 3, Census Tract 8122.02, Hampden County, Massachusetts",250138122023,N,West Springfield,450.000000000000000,200.000000000000000,55.555555560000002,277.000000000000000,0,0.000000000000000,31397.000000000000000,37.206848139999998,0,54516.000000000000000,64.603897090000004,I, ,M,Yes,MI,2,Minority and income,1355356.974069999996573,5337.945053950000329
"Block Group 2, Census Tract 8115, Hampden County, Massachusetts",250138115002,N,Holyoke,1140.000000000000000,99.000000000000000,91.315789469999999,328.000000000000000,89,27.134145740000001,16111.000000000000000,19.092256549999998,0,42537.000000000000000,50.408248899999997,I,E,M,Yes,MIE,3,"Minority, income and English isolation",690835.158870000042953,4704.345057569999881
"Block Group 2, Census Tract 3105, Middlesex County, Massachusetts",250173105002,N,Lowell,1308.000000000000000,597.000000000000000,54.357798170000002,639.000000000000000,18,2.816901450000000,62386.000000000000000,73.930198669999996,0,62196.000000000000000,73.705039979999995, , ,M,Yes,M,1,Minority,192591.902647999988403,1806.201474859999962
"Block Group 3, Census Tract 3105, Middlesex County, Massachusetts",250173105003,N,Lowell,1228.000000000000000,578.000000000000000,52.931596089999999,350.000000000000000,2,0.571428600000000,63446.000000000000000,75.186347960000006,0,62196.000000000000000,73.705039979999995, , ,M,Yes,M,1,Minority,214415.378244999999879,2001.263566209999908
"Block Group 4, Census Tract 3106.02, Middlesex County, Massachusetts",250173106024,N,Lowell,1895.000000000000000,1079.000000000000000,43.060686019999999,550.000000000000000,28,5.090909000000000,85208.000000000000000,100.975288390000003,0,62196.000000000000000,73.705039979999995, , ,M,Yes,M,1,Minority,1015225.911680000019260,4154.306413930000417
"Block Group 4, Census Tract 8023, Hampden County, Massachusetts",250138023004,N,Springfield,873.000000000000000,98.000000000000000,88.774341350000000,395.000000000000000,71,17.974683760000001,31188.000000000000000,36.959175109999997,0,41571.000000000000000,49.263496400000001,I, ,M,Yes,MI,2,Minority and income,121350.179401999994298,1534.104130760000089
"Block Group 5, Census Tract 8023, Hampden County, Massachusetts",250138023005,N,Springfield,1182.000000000000000,153.000000000000000,87.055837560000001,497.000000000000000,0,0.000000000000000,31509.000000000000000,37.339572910000001,0,41571.000000000000000,49.263496400000001,I, ,M,Yes,MI,2,Minority and income,163329.328615000005811,1984.491099150000082
"Block Group 1, Census Tract 8024, Hampden County, Massachusetts",250138024001,N,Springfield,794.000000000000000,489.000000000000000,38.413098239999997,371.000000000000000,0,0.000000000000000,128750.000000000000000,152.574508670000000,0,41571.000000000000000,49.263496400000001, , ,M,Yes,M,1,Minority,804512.937434999970719,5604.824582510000255
"Block Group 3, Census Tract 8025, Hampden County, Massachusetts",250138025003,N,Springfield,1010.000000000000000,541.000000000000000,46.435643560000003,357.000000000000000,14,3.921568630000000,53174.000000000000000,63.013568880000001,0,41571.000000000000000,49.263496400000001,I, ,M,Yes,MI,2,Minority and income,405564.051804999995511,3094.382649680000213
"Block Group 4, Census Tract 8025, Hampden County, Massachusetts",250138025004,N,Springfield,1092.000000000000000,631.000000000000000,42.216117220000001,352.000000000000000,0,0.000000000000000,105152.000000000000000,124.609825130000004,0,41571.000000000000000,49.263496400000001, , ,M,Yes,M,1,Minority,455849.062014000024647,3140.251800489999823
"Block Group 6, Census Tract 8025, Hampden County, Massachusetts",250138025006,N,Springfield,1431.000000000000000,624.000000000000000,56.394129980000002,549.000000000000000,2,0.364298730000000,70268.000000000000000,83.270721440000003,0,41571.000000000000000,49.263496400000001, , ,M,Yes,M,1,Minority,411104.856425000005402,3119.731372879999981
"Block Group 3, Census Tract 8111.01, Hampden County, Massachusetts",250138111013,N,Chicopee,1423.000000000000000,976.000000000000000,31.412508780000000,503.000000000000000,19,3.777335880000000,54560.000000000000000,64.656044010000002,0,52702.000000000000000,62.454227449999998,I, ,M,Yes,MI,2,Minority and income,472174.570058999990579,3238.821332290000100
"Block Group 4, Census Tract 8111.01, Hampden County, Massachusetts",250138111014,N,Chicopee,770.000000000000000,443.000000000000000,42.467532470000002,217.000000000000000,0,0.000000000000000,45729.000000000000000,54.190910340000002,0,52702.000000000000000,62.454227449999998,I, ,M,Yes,MI,2,Minority and income,409967.655428000027314,5437.681259119999595
"Block Group 4, Census Tract 8111.02, Hampden County, Massachusetts",250138111024,N,Chicopee,1118.000000000000000,644.000000000000000,42.397137749999999,631.000000000000000,35,5.546751020000000,58579.000000000000000,69.418739320000000,0,52702.000000000000000,62.454227449999998, , ,M,Yes,M,1,Minority,579187.927281999960542,5146.456143170000360
"Block Group 3, Census Tract 8112, Hampden County, Massachusetts",250138112003,N,Chicopee,1040.000000000000000,753.000000000000000,27.596153850000000,412.000000000000000,0,0.000000000000000,76111.000000000000000,90.194938660000005,0,52702.000000000000000,62.454227449999998, , ,M,Yes,M,1,Minority,392643.262248000013642,3925.636068410000007
"Block Group 2, Census Tract 8117, Hampden County, Massachusetts",250138117002,N,Holyoke,1577.000000000000000,293.000000000000000,81.420418519999998,753.000000000000000,312,41.434261319999997,32548.000000000000000,38.570835109999997,0,42537.000000000000000,50.408248899999997,I,E,M,Yes,MIE,3,"Minority, income and English isolation",858897.363525000051595,3998.709044390000145
"Block Group 1, Census Tract 8118, Hampden County, Massachusetts",250138118001,N,Holyoke,727.000000000000000,154.000000000000000,78.817056399999998,385.000000000000000,18,4.675324440000000,38103.000000000000000,45.153759000000001,0,42537.000000000000000,50.408248899999997,I, ,M,Yes,MI,2,Minority and income,116604.281917000000249,1987.083320449999974
"Block Group 5, Census Tract 8118, Hampden County, Massachusetts",250138118005,N,Holyoke,887.000000000000000,345.000000000000000,61.104847800000002,379.000000000000000,117,30.870712279999999,45343.000000000000000,53.733482360000004,0,42537.000000000000000,50.408248899999997,I,E,M,Yes,MIE,3,"Minority, income and English isolation",215728.509354999987409,2028.981197289999955
"Block Group 1, Census Tract 8120.01, Hampden County, Massachusetts",250138120011,N,Holyoke,1083.000000000000000,233.000000000000000,78.485687900000002,395.000000000000000,198,50.126583099999998,14229.000000000000000,16.862001419999999,0,42537.000000000000000,50.408248899999997,I,E,M,Yes,MIE,3,"Minority, income and English isolation",164482.469623000011779,1670.255532319999929
"Block Group 2, Census Tract 8118, Hampden County, Massachusetts",250138118002,N,Holyoke,689.000000000000000,145.000000000000000,78.955007260000002,223.000000000000000,71,31.838565830000000,19063.000000000000000,22.590507509999998,0,42537.000000000000000,50.408248899999997,I,E,M,Yes,MIE,3,"Minority, income and English isolation",109210.695021999999881,1738.109363609999946
"Block Group 1, Census Tract 3107, Middlesex County, Massachusetts",250173107001,N,Lowell,1526.000000000000000,432.000000000000000,71.690694629999996,628.000000000000000,27,4.299363140000000,39458.000000000000000,46.759494779999997,0,62196.000000000000000,73.705039979999995,I, ,M,Yes,MI,2,Minority and income,357838.883925999980420,2468.346648979999827
"Block Group 3, Census Tract 3107, Middlesex County, Massachusetts",250173107003,N,Lowell,1899.000000000000000,652.000000000000000,65.666140069999997,613.000000000000000,99,16.150081629999999,57048.000000000000000,67.604431149999996,0,62196.000000000000000,73.705039979999995, , ,M,Yes,M,1,Minority,277031.540565999981482,2611.617625930000031
"Block Group 1, Census Tract 3111, Middlesex County, Massachusetts",250173111001,N,Lowell,899.000000000000000,153.000000000000000,82.981090100000003,359.000000000000000,23,6.406685350000000,107790.000000000000000,127.735969539999999,0,62196.000000000000000,73.705039979999995, , ,M,Yes,M,1,Minority,90158.258502399999998,1750.717348169999923
"Block Group 1, Census Tract 3112, Middlesex County, Massachusetts",250173112001,N,Lowell,1474.000000000000000,295.000000000000000,79.986431479999993,684.000000000000000,23,3.362573150000000,25729.000000000000000,30.490016940000000,0,62196.000000000000000,73.705039979999995,I, ,M,Yes,MI,2,Minority and income,229310.397163999994518,2287.069781730000159
"Block Group 2, Census Tract 8026.01, Hampden County, Massachusetts",250138026012,N,Springfield,1387.000000000000000,380.000000000000000,72.602739729999996,638.000000000000000,15,2.351097110000000,81923.000000000000000,97.082420350000007,0,41571.000000000000000,49.263496400000001, , ,M,Yes,M,1,Minority,271418.653593000024557,2321.248919579999892
"Block Group 1, Census Tract 8026.02, Hampden County, Massachusetts",250138026021,N,Springfield,2022.000000000000000,1308.000000000000000,35.311572699999999,874.000000000000000,30,3.432494160000000,58947.000000000000000,69.854835510000001,0,41571.000000000000000,49.263496400000001, , ,M,Yes,M,1,Minority,1498278.529540000017732,7820.868841989999964
"Block Group 1, Census Tract 8104.03, Hampden County, Massachusetts",250138104031,N,Ludlow,1287.000000000000000,1017.000000000000000,20.979020980000001,586.000000000000000,25,4.266211510000000,53750.000000000000000,63.696155550000000,0,73516.000000000000000,87.119750980000006,I, , ,Yes,I,1,Income,1452063.767629999900237,8345.000088520000645
"Block Group 4, Census Tract 8112, Hampden County, Massachusetts",250138112004,N,Chicopee,920.000000000000000,685.000000000000000,25.543478260000001,437.000000000000000,49,11.212814330000000,65871.000000000000000,78.060081479999994,0,52702.000000000000000,62.454227449999998, , ,M,Yes,M,1,Minority,640429.750344999949448,3801.650898429999870
"Block Group 1, Census Tract 8113.01, Hampden County, Massachusetts",250138113011,N,Chicopee,1352.000000000000000,997.000000000000000,26.257396450000002,489.000000000000000,57,11.656441689999999,85101.000000000000000,100.848495479999997,0,52702.000000000000000,62.454227449999998, , ,M,Yes,M,1,Minority,877905.409666000050493,4601.073545459999877
"Block Group 4, Census Tract 8120.01, Hampden County, Massachusetts",250138120014,N,Holyoke,775.000000000000000,497.000000000000000,35.870967739999998,308.000000000000000,13,4.220779420000000,86932.000000000000000,103.018310549999995,0,42537.000000000000000,50.408248899999997, , ,M,Yes,M,1,Minority,386131.329659999988507,3081.220275239999864
"Block Group 3, Census Tract 8118, Hampden County, Massachusetts",250138118003,N,Holyoke,1039.000000000000000,395.000000000000000,61.982675649999997,463.000000000000000,18,3.887688880000000,43850.000000000000000,51.964210510000001,0,42537.000000000000000,50.408248899999997,I, ,M,Yes,MI,2,Minority and income,178754.532941000012215,1876.668614709999929
"Block Group 3, Census Tract 8121.04, Hampden County, Massachusetts",250138121043,N,Holyoke,700.000000000000000,435.000000000000000,37.857142860000003,220.000000000000000,11,5.000000000000000,74844.000000000000000,88.693489069999998,0,42537.000000000000000,50.408248899999997, , ,M,Yes,M,1,Minority,345919.415493000007700,2928.937158189999991
"Block Group 3, Census Tract 8120.01, Hampden County, Massachusetts",250138120013,N,Holyoke,811.000000000000000,246.000000000000000,69.667077680000006,483.000000000000000,131,27.122152329999999,22670.000000000000000,26.864963530000001,0,42537.000000000000000,50.408248899999997,I,E,M,Yes,MIE,3,"Minority, income and English isolation",303037.002156000002287,2833.937974469999972
"Block Group 1, Census Tract 3113, Middlesex County, Massachusetts",250173113001,N,Lowell,1307.000000000000000,286.000000000000000,78.117827079999998,300.000000000000000,36,12.000000000000000,60536.000000000000000,71.737869259999997,0,62196.000000000000000,73.705039979999995, , ,M,Yes,M,1,Minority,139103.099618999985978,1745.199602460000051
"Block Group 2, Census Tract 3118, Middlesex County, Massachusetts",250173118002,N,Lowell,1779.000000000000000,314.000000000000000,82.349634629999997,554.000000000000000,100,18.050540920000000,56200.000000000000000,66.599517820000003,0,62196.000000000000000,73.705039979999995, , ,M,Yes,M,1,Minority,164302.133811000006972,1735.159737189999987
"Block Group 1, Census Tract 3120, Middlesex County, Massachusetts",250173120001,N,Lowell,1451.000000000000000,554.000000000000000,61.819434870000002,416.000000000000000,42,10.096154210000000,43224.000000000000000,51.222373959999999,0,62196.000000000000000,73.705039979999995,I, ,M,Yes,MI,2,Minority and income,149069.995691999996779,1896.433408240000063
"Block Group 2, Census Tract 3121, Middlesex County, Massachusetts",250173121002,N,Lowell,1224.000000000000000,358.000000000000000,70.751633990000002,226.000000000000000,38,16.814159390000000,87188.000000000000000,103.321678160000005,0,62196.000000000000000,73.705039979999995, , ,M,Yes,M,1,Minority,137457.667918999999529,1920.255912070000022
"Block Group 3, Census Tract 3141.01, Middlesex County, Massachusetts",250173141013,N,Dracut,3019.000000000000000,2153.000000000000000,28.684995030000000,1107.000000000000000,23,2.077687500000000,86729.000000000000000,102.777748110000005,0,92685.000000000000000,109.835868840000003, , ,M,Yes,M,1,Minority,5461761.489810000173748,14429.645790299999135
"Block Group 2, Census Tract 3142, Middlesex County, Massachusetts",250173142002,N,Dracut,1614.000000000000000,1167.000000000000000,27.695167290000001,549.000000000000000,0,0.000000000000000,72402.000000000000000,85.799606319999995,0,92685.000000000000000,109.835868840000003, , ,M,Yes,M,1,Minority,917597.966993000009097,4257.981684309999764
"Block Group 2, Census Tract 8104.03, Hampden County, Massachusetts",250138104032,N,Ludlow,1592.000000000000000,1212.000000000000000,23.869346730000000,663.000000000000000,183,27.601810459999999,49707.000000000000000,58.905017850000000,0,73516.000000000000000,87.119750980000006,I,E, ,Yes,IE,2,Income and English isolation,553276.177661999943666,4461.253342699999848
"Block Group 3, Census Tract 8104.03, Hampden County, Massachusetts",250138104033,N,Ludlow,1154.000000000000000,892.000000000000000,22.703639509999999,567.000000000000000,115,20.282186509999999,50637.000000000000000,60.007110599999997,0,73516.000000000000000,87.119750980000006,I, , ,Yes,I,1,Income,819589.254860999993980,4620.807025189999877
"Block Group 1, Census Tract 8104.14, Hampden County, Massachusetts",250138104141,N,Ludlow,2281.000000000000000,1478.000000000000000,35.203857960000001,702.000000000000000,0,0.000000000000000,91558.000000000000000,108.500328060000001,0,73516.000000000000000,87.119750980000006, , ,M,Yes,M,1,Minority,11288571.693700000643730,14219.757881600000474
"Block Group 2, Census Tract 8106.01, Hampden County, Massachusetts",250138106012,N,Chicopee,2343.000000000000000,1613.000000000000000,31.156636790000000,1250.000000000000000,172,13.760000229999999,44833.000000000000000,53.129112239999998,0,52702.000000000000000,62.454227449999998,I, ,M,Yes,MI,2,Minority and income,3594184.725070000160486,13025.122371299999941
"Block Group 2, Census Tract 8113.02, Hampden County, Massachusetts",250138113022,N,Chicopee,1475.000000000000000,1185.000000000000000,19.661016950000000,563.000000000000000,22,3.907637600000000,47232.000000000000000,55.972034450000002,0,52702.000000000000000,62.454227449999998,I, , ,Yes,I,1,Income,2225272.408059999812394,7354.327436259999558
"Block Group 3, Census Tract 8113.02, Hampden County, Massachusetts",250138113023,N,Chicopee,1021.000000000000000,605.000000000000000,40.744368270000002,454.000000000000000,14,3.083700420000000,47734.000000000000000,56.566925050000002,0,52702.000000000000000,62.454227449999998,I, ,M,Yes,MI,2,Minority and income,924592.579146999982186,5160.784990879999896
"Block Group 2, Census Tract 8114, Hampden County, Massachusetts",250138114002,N,Holyoke,1220.000000000000000,83.000000000000000,93.196721310000001,473.000000000000000,188,39.746299739999998,15536.000000000000000,18.410854340000000,0,42537.000000000000000,50.408248899999997,I,E,M,Yes,MIE,3,"Minority, income and English isolation",201409.968336999998428,1863.611522070000092
"Block Group 1, Census Tract 8120.02, Hampden County, Massachusetts",250138120021,N,Holyoke,2129.000000000000000,774.000000000000000,63.644903710000001,892.000000000000000,81,9.080717090000000,51806.000000000000000,61.392429350000000,0,42537.000000000000000,50.408248899999997,I, ,M,Yes,MI,2,Minority and income,1350515.976899999892339,5727.934501030000320
"Block Group 4, Census Tract 8120.02, Hampden County, Massachusetts",250138120024,N,Holyoke,833.000000000000000,533.000000000000000,36.014405760000002,325.000000000000000,8,2.461538550000000,70795.000000000000000,83.895240779999995,0,42537.000000000000000,50.408248899999997, , ,M,Yes,M,1,Minority,427648.576772000000346,2966.869116240000039
"Block Group 4, Census Tract 8223, Hampshire County, Massachusetts",250158223004,N,Easthampton,1127.000000000000000,968.000000000000000,14.108252000000000,554.000000000000000,0,0.000000000000000,40000.000000000000000,47.401790620000000,0,63657.000000000000000,75.436393740000000,I, , ,Yes,I,1,Income,773628.460923000006005,4069.343545170000198
"Block Group 1, Census Tract 3115, Middlesex County, Massachusetts",250173115001,N,Lowell,944.000000000000000,295.000000000000000,68.750000000000000,234.000000000000000,0,0.000000000000000,89881.000000000000000,106.513008119999995,0,62196.000000000000000,73.705039979999995, , ,M,Yes,M,1,Minority,178897.386002000013832,2103.410340540000107
"Block Group 1, Census Tract 3162.02, Middlesex County, Massachusetts",250173162021,N,Billerica,1514.000000000000000,1102.000000000000000,27.212681640000000,413.000000000000000,0,0.000000000000000,109191.000000000000000,129.396224980000000,0,113239.000000000000000,134.193283079999986, , ,M,Yes,M,1,Minority,2580113.286569999996573,9651.438757550000446
"Block Group 2, Census Tract 3113, Middlesex County, Massachusetts",250173113002,N,Lowell,1856.000000000000000,552.000000000000000,70.258620690000001,500.000000000000000,85,17.000000000000000,68750.000000000000000,81.471824650000002,0,62196.000000000000000,73.705039979999995, , ,M,Yes,M,1,Minority,222281.604355999996187,2041.294107299999951
"Block Group 6, Census Tract 3164, Middlesex County, Massachusetts",250173164006,N,Billerica,506.000000000000000,235.000000000000000,53.557312250000003,0.000000000000000,0,0.000000000000000,0.000000000000000,0.000000000000000,0,113239.000000000000000,134.193283079999986, , ,M,Yes,M,1,Minority,158519.116084000008414,1570.110857279999891
"Block Group 3, Census Tract 8106.01, Hampden County, Massachusetts",250138106013,N,Chicopee,985.000000000000000,683.000000000000000,30.659898479999999,372.000000000000000,0,0.000000000000000,62172.000000000000000,73.676597599999994,0,52702.000000000000000,62.454227449999998, , ,M,Yes,M,1,Minority,718181.413041000021622,4567.052904309999576
"Block Group 2, Census Tract 8107, Hampden County, Massachusetts",250138107002,N,Chicopee,902.000000000000000,653.000000000000000,27.605321510000000,350.000000000000000,0,0.000000000000000,82549.000000000000000,97.824256899999995,0,52702.000000000000000,62.454227449999998, , ,M,Yes,M,1,Minority,552054.128855000017211,4226.331191649999710
"Block Group 1, Census Tract 8108, Hampden County, Massachusetts",250138108001,N,Chicopee,1770.000000000000000,1014.000000000000000,42.711864409999997,538.000000000000000,22,4.089219090000000,35000.000000000000000,41.476566310000003,0,52702.000000000000000,62.454227449999998,I, ,M,Yes,MI,2,Minority and income,786700.132695000036620,6154.470036949999667
"Block Group 1, Census Tract 8115, Hampden County, Massachusetts",250138115001,N,Holyoke,1062.000000000000000,46.000000000000000,95.668549909999996,323.000000000000000,50,15.479876519999999,23594.000000000000000,27.959945680000001,0,42537.000000000000000,50.408248899999997,I, ,M,Yes,MI,2,Minority and income,275420.985547000018414,2631.442019629999777
"Block Group 1, Census Tract 8116, Hampden County, Massachusetts",250138116001,N,Holyoke,829.000000000000000,49.000000000000000,94.089264170000007,331.000000000000000,115,34.743202210000000,16000.000000000000000,18.960716250000001,0,42537.000000000000000,50.408248899999997,I,E,M,Yes,MIE,3,"Minority, income and English isolation",69252.572665999992751,1208.385465390000036
"Block Group 2, Census Tract 8116, Hampden County, Massachusetts",250138116002,N,Holyoke,904.000000000000000,107.000000000000000,88.163716809999997,338.000000000000000,144,42.603549960000002,31284.000000000000000,37.072940830000000,0,42537.000000000000000,50.408248899999997,I,E,M,Yes,MIE,3,"Minority, income and English isolation",537342.364238000009209,4248.911935950000043
"Block Group 3, Census Tract 8116, Hampden County, Massachusetts",250138116003,N,Holyoke,629.000000000000000,73.000000000000000,88.394276629999993,122.000000000000000,34,27.868852619999998,68382.000000000000000,81.035728449999993,0,42537.000000000000000,50.408248899999997, ,E,M,Yes,ME,2,Minority and English isolation,147964.243921999994200,1646.368903450000062
"Block Group 4, Census Tract 8116, Hampden County, Massachusetts",250138116004,N,Holyoke,1139.000000000000000,71.000000000000000,93.766461809999996,471.000000000000000,219,46.496814729999997,18594.000000000000000,22.034721370000000,0,42537.000000000000000,50.408248899999997,I,E,M,Yes,MIE,3,"Minority, income and English isolation",130829.002747999998974,1446.159214250000105
"Block Group 1, Census Tract 8121.04, Hampden County, Massachusetts",250138121041,N,Holyoke,1313.000000000000000,515.000000000000000,60.776846919999997,597.000000000000000,61,10.217755320000000,31208.000000000000000,36.982875819999997,0,42537.000000000000000,50.408248899999997,I, ,M,Yes,MI,2,Minority and income,620265.785534000024199,3303.615912190000017
"Block Group 2, Census Tract 8121.04, Hampden County, Massachusetts",250138121042,N,Holyoke,1288.000000000000000,520.000000000000000,59.627329189999998,368.000000000000000,11,2.989130500000000,58000.000000000000000,68.732597350000006,0,42537.000000000000000,50.408248899999997, , ,M,Yes,M,1,Minority,597342.808794999960810,4852.426848189999873
"Block Group 1, Census Tract 8122.01, Hampden County, Massachusetts",250138122011,N,West Springfield,2144.000000000000000,1538.000000000000000,28.264925370000000,659.000000000000000,83,12.594841000000001,52369.000000000000000,62.059608460000000,0,54516.000000000000000,64.603897090000004,I, ,M,Yes,MI,2,Minority and income,977950.293921999982558,4635.450904100000116
"Block Group 2, Census Tract 3107, Middlesex County, Massachusetts",250173107002,N,Lowell,1105.000000000000000,245.000000000000000,77.828054300000005,169.000000000000000,0,0.000000000000000,24531.000000000000000,29.070331570000000,0,62196.000000000000000,73.705039979999995,I, ,M,Yes,MI,2,Minority and income,506857.229332000017166,4000.250443790000190
"Block Group 2, Census Tract 3112, Middlesex County, Massachusetts",250173112002,N,Lowell,1743.000000000000000,277.000000000000000,84.107860009999996,625.000000000000000,133,21.280000690000001,60313.000000000000000,71.473602290000002,0,62196.000000000000000,73.705039979999995, , ,M,Yes,M,1,Minority,230674.748679000011180,2045.985430630000110
"Block Group 3, Census Tract 3113, Middlesex County, Massachusetts",250173113003,N,Lowell,2044.000000000000000,488.000000000000000,76.125244620000004,624.000000000000000,94,15.064102170000000,77667.000000000000000,92.038871770000000,0,62196.000000000000000,73.705039979999995, , ,M,Yes,M,1,Minority,288640.700094999978319,3151.963468320000175
"Block Group 2, Census Tract 3114, Middlesex County, Massachusetts",250173114002,N,Lowell,812.000000000000000,339.000000000000000,58.251231529999998,189.000000000000000,24,12.698412899999999,137875.000000000000000,163.388046260000010,0,62196.000000000000000,73.705039979999995, , ,M,Yes,M,1,Minority,343250.886349999986123,3584.130023000000165
"Block Group 2, Census Tract 8110, Hampden County, Massachusetts",250138110002,N,Chicopee,771.000000000000000,564.000000000000000,26.848249030000002,317.000000000000000,0,0.000000000000000,58690.000000000000000,69.550277710000003,0,52702.000000000000000,62.454227449999998, , ,M,Yes,M,1,Minority,289954.157163000025321,2880.500846869999805
"Block Group 4, Census Tract 8110, Hampden County, Massachusetts",250138110004,N,Chicopee,1143.000000000000000,875.000000000000000,23.447069119999998,342.000000000000000,12,3.508771900000000,44500.000000000000000,52.734489439999997,0,52702.000000000000000,62.454227449999998,I, , ,Yes,I,1,Income,1092905.222310000099242,4988.416089010000178
"Block Group 5, Census Tract 8021.01, Hampden County, Massachusetts",250138021015,N,Springfield,953.000000000000000,322.000000000000000,66.211962220000004,421.000000000000000,58,13.776721950000001,51250.000000000000000,60.733543400000002,0,41571.000000000000000,49.263496400000001,I, ,M,Yes,MI,2,Minority and income,3832848.373829999938607,11205.839790899999571
"Block Group 6, Census Tract 8021.01, Hampden County, Massachusetts",250138021016,N,Springfield,1239.000000000000000,439.000000000000000,64.568200160000004,497.000000000000000,0,0.000000000000000,44020.000000000000000,51.279663090000000,1,41571.000000000000000,49.263496400000001,I, ,M,Yes,MI,2,Minority and income,305700.223126000026241,2745.260164169999825
"Block Group 1, Census Tract 8117, Hampden County, Massachusetts",250138117001,N,Holyoke,473.000000000000000,60.000000000000000,87.315010569999998,392.000000000000000,249,63.520408629999999,14385.000000000000000,17.046869279999999,0,42537.000000000000000,50.408248899999997,I,E,M,Yes,MIE,3,"Minority, income and English isolation",261948.548210999986622,2331.066399790000105
"Block Group 4, Census Tract 8118, Hampden County, Massachusetts",250138118004,N,Holyoke,648.000000000000000,294.000000000000000,54.629629629999997,168.000000000000000,0,0.000000000000000,104375.000000000000000,123.689041140000000,0,42537.000000000000000,50.408248899999997, , ,M,Yes,M,1,Minority,173154.340037999994820,1823.930032109999956
"Block Group 2, Census Tract 8120.01, Hampden County, Massachusetts",250138120012,N,Holyoke,781.000000000000000,327.000000000000000,58.130601790000000,216.000000000000000,0,0.000000000000000,27153.000000000000000,32.177520749999999,0,42537.000000000000000,50.408248899999997,I, ,M,Yes,MI,2,Minority and income,137153.788758999988204,1506.458192529999906
"Block Group 2, Census Tract 8120.02, Hampden County, Massachusetts",250138120022,N,Holyoke,754.000000000000000,528.000000000000000,29.973474800000002,181.000000000000000,0,0.000000000000000,77125.000000000000000,91.396575929999997,0,42537.000000000000000,50.408248899999997, , ,M,Yes,M,1,Minority,3639032.946649999823421,9710.296877329999916
"Block Group 3, Census Tract 8120.02, Hampden County, Massachusetts",250138120023,N,Holyoke,722.000000000000000,277.000000000000000,61.634349030000003,424.000000000000000,44,10.377358440000000,45921.000000000000000,54.418437959999999,0,42537.000000000000000,50.408248899999997,I, ,M,Yes,MI,2,Minority and income,221338.490836999990279,2230.163181349999832
"Block Group 2, Census Tract 8122.01, Hampden County, Massachusetts",250138122012,N,West Springfield,1190.000000000000000,634.000000000000000,46.722689080000002,680.000000000000000,13,1.911764740000000,39085.000000000000000,46.317474369999999,0,54516.000000000000000,64.603897090000004,I, ,M,Yes,MI,2,Minority and income,523857.745898000022862,3919.731778089999807
"Block Group 3, Census Tract 8122.01, Hampden County, Massachusetts",250138122013,N,West Springfield,1456.000000000000000,1017.000000000000000,30.151098900000001,847.000000000000000,27,3.187721250000000,26858.000000000000000,31.827932359999998,0,54516.000000000000000,64.603897090000004,I, ,M,Yes,MI,2,Minority and income,3096682.982189999893308,8546.932250070000009
"Block Group 1, Census Tract 8123, Hampden County, Massachusetts",250138123001,N,West Springfield,1233.000000000000000,598.000000000000000,51.500405520000001,259.000000000000000,0,0.000000000000000,31656.000000000000000,37.513774869999999,0,54516.000000000000000,64.603897090000004,I, ,M,Yes,MI,2,Minority and income,2844488.709890000056475,10860.637626899999304
"Block Group 2, Census Tract 8123, Hampden County, Massachusetts",250138123002,N,West Springfield,1585.000000000000000,925.000000000000000,41.640378550000001,798.000000000000000,83,10.401002880000000,36818.000000000000000,43.630977629999997,0,54516.000000000000000,64.603897090000004,I, ,M,Yes,MI,2,Minority and income,709808.648569999961182,5300.806671059999644
"Block Group 2, Census Tract 3102, Middlesex County, Massachusetts",250173102002,N,Lowell,1057.000000000000000,610.000000000000000,42.289498580000000,477.000000000000000,0,0.000000000000000,61488.000000000000000,72.866027829999993,0,62196.000000000000000,73.705039979999995, , ,M,Yes,M,1,Minority,499146.767600000021048,3818.406189979999908
"Block Group 4, Census Tract 3103, Middlesex County, Massachusetts",250173103004,N,Lowell,1029.000000000000000,401.000000000000000,61.030126340000002,225.000000000000000,0,0.000000000000000,0.000000000000000,0.000000000000000,0,62196.000000000000000,73.705039979999995, , ,M,Yes,M,1,Minority,131204.999153000011574,1488.360983239999996
"Block Group 5, Census Tract 3103, Middlesex County, Massachusetts",250173103005,N,Lowell,1032.000000000000000,549.000000000000000,46.802325580000002,426.000000000000000,0,0.000000000000000,93125.000000000000000,110.357292180000002,0,62196.000000000000000,73.705039979999995, , ,M,Yes,M,1,Minority,219906.387061999994330,2299.059548839999934
"Block Group 3, Census Tract 3104, Middlesex County, Massachusetts",250173104003,N,Lowell,1004.000000000000000,337.000000000000000,66.434262950000004,306.000000000000000,99,32.352939610000000,50718.000000000000000,60.103099819999997,0,62196.000000000000000,73.705039979999995,I,E,M,Yes,MIE,3,"Minority, income and English isolation",248029.556489000009606,2165.105563090000032
"Block Group 1, Census Tract 8022, Hampden County, Massachusetts",250138022001,N,Springfield,1286.000000000000000,159.000000000000000,87.636080870000001,451.000000000000000,59,13.082039829999999,39750.000000000000000,47.105529789999999,0,41571.000000000000000,49.263496400000001,I, ,M,Yes,MI,2,Minority and income,199409.874558999988949,2383.270635469999888
"Block Group 2, Census Tract 8024, Hampden County, Massachusetts",250138024002,N,Springfield,699.000000000000000,483.000000000000000,30.901287549999999,257.000000000000000,0,0.000000000000000,63882.000000000000000,75.703025819999993,0,41571.000000000000000,49.263496400000001, , ,M,Yes,M,1,Minority,314433.281966999988072,2550.488451430000168
"Block Group 3, Census Tract 8024, Hampden County, Massachusetts",250138024003,N,Springfield,1435.000000000000000,853.000000000000000,40.557491290000002,557.000000000000000,0,0.000000000000000,89076.000000000000000,105.559043880000004,0,41571.000000000000000,49.263496400000001, , ,M,Yes,M,1,Minority,1044988.709909999975935,4913.691834600000220
"Block Group 1, Census Tract 8121.03, Hampden County, Massachusetts",250138121031,N,Holyoke,922.000000000000000,304.000000000000000,67.028199569999998,435.000000000000000,0,0.000000000000000,52154.000000000000000,61.804824830000001,0,42537.000000000000000,50.408248899999997,I, ,M,Yes,MI,2,Minority and income,1418646.716729999985546,6749.048269349999828
"Block Group 2, Census Tract 8121.03, Hampden County, Massachusetts",250138121032,N,Holyoke,2657.000000000000000,1218.000000000000000,54.158825739999997,1162.000000000000000,184,15.834767340000001,48864.000000000000000,57.906024930000001,0,42537.000000000000000,50.408248899999997,I, ,M,Yes,MI,2,Minority and income,2765106.761500000022352,8591.450300919999790
"Block Group 1, Census Tract 8122.02, Hampden County, Massachusetts",250138122021,N,West Springfield,654.000000000000000,412.000000000000000,37.003058099999997,356.000000000000000,37,10.393258090000000,59609.000000000000000,70.639328000000006,0,54516.000000000000000,64.603897090000004, , ,M,Yes,M,1,Minority,1576985.278489999938756,5168.408463470000243
"Block Group 3, Census Tract 8123, Hampden County, Massachusetts",250138123003,N,West Springfield,804.000000000000000,503.000000000000000,37.437810949999999,447.000000000000000,26,5.816555020000000,47883.000000000000000,56.743495940000003,0,54516.000000000000000,64.603897090000004,I, ,M,Yes,MI,2,Minority and income,1330310.911950000096112,4911.027231129999564
"Block Group 3, Census Tract 8125, Hampden County, Massachusetts",250138125003,N,Westfield,2340.000000000000000,1533.000000000000000,34.487179490000003,868.000000000000000,120,13.824884409999999,61083.000000000000000,72.386085510000001,0,74456.000000000000000,88.233688349999994, , ,M,Yes,M,1,Minority,1717479.540809999918565,5905.190897849999601
"Block Group 5, Census Tract 8123, Hampden County, Massachusetts",250138123005,N,West Springfield,1346.000000000000000,675.000000000000000,49.851411589999998,418.000000000000000,38,9.090909000000000,39211.000000000000000,46.466789249999998,0,54516.000000000000000,64.603897090000004,I, ,M,Yes,MI,2,Minority and income,211423.089119999989634,2103.283653349999895
"Block Group 1, Census Tract 3104, Middlesex County, Massachusetts",250173104001,N,Lowell,1279.000000000000000,285.000000000000000,77.716966380000002,436.000000000000000,22,5.045871730000000,30125.000000000000000,35.699474330000001,0,62196.000000000000000,73.705039979999995,I, ,M,Yes,MI,2,Minority and income,164064.066015999997035,1817.012302670000054
"Block Group 2, Census Tract 3104, Middlesex County, Massachusetts",250173104002,N,Lowell,1146.000000000000000,467.000000000000000,59.249563700000003,349.000000000000000,15,4.297994140000000,53015.000000000000000,62.825145720000002,0,62196.000000000000000,73.705039979999995,I, ,M,Yes,MI,2,Minority and income,266063.391051999991760,2254.702863909999905
"Block Group 2, Census Tract 3111, Middlesex County, Massachusetts",250173111002,N,Lowell,1645.000000000000000,495.000000000000000,69.908814590000006,653.000000000000000,80,12.251148219999999,68295.000000000000000,80.932632450000000,0,62196.000000000000000,73.705039979999995, , ,M,Yes,M,1,Minority,356160.255967999983113,2396.997560029999931
"Block Group 1, Census Tract 3106.01, Middlesex County, Massachusetts",250173106011,N,Lowell,2406.000000000000000,1055.000000000000000,56.151288450000003,811.000000000000000,66,8.138101580000001,41975.000000000000000,49.742252350000001,0,62196.000000000000000,73.705039979999995,I, ,M,Yes,MI,2,Minority and income,1361138.255799999926239,6501.244124539999575
"Block Group 2, Census Tract 3106.01, Middlesex County, Massachusetts",250173106012,N,Lowell,2975.000000000000000,1762.000000000000000,40.773109239999997,964.000000000000000,116,12.033195500000000,66047.000000000000000,78.268646239999995,0,62196.000000000000000,73.705039979999995, , ,M,Yes,M,1,Minority,3472868.851739999838173,11218.024835399999574
"Block Group 4, Census Tract 8024, Hampden County, Massachusetts",250138024004,N,Springfield,701.000000000000000,361.000000000000000,48.502139800000002,280.000000000000000,0,0.000000000000000,41250.000000000000000,48.883094790000001,0,41571.000000000000000,49.263496400000001,I, ,M,Yes,MI,2,Minority and income,756117.789728999952786,4897.840093390000220
"Block Group 1, Census Tract 8025, Hampden County, Massachusetts",250138025001,N,Springfield,861.000000000000000,565.000000000000000,34.378629500000002,626.000000000000000,0,0.000000000000000,63194.000000000000000,74.887718199999995,0,41571.000000000000000,49.263496400000001, , ,M,Yes,M,1,Minority,731188.183263999992050,3760.822186289999991
"Block Group 2, Census Tract 8025, Hampden County, Massachusetts",250138025002,N,Springfield,1154.000000000000000,663.000000000000000,42.547660309999998,344.000000000000000,0,0.000000000000000,73594.000000000000000,87.212181090000001,0,41571.000000000000000,49.263496400000001, , ,M,Yes,M,1,Minority,912751.517232000012882,5050.431437739999637
"Block Group 5, Census Tract 8025, Hampden County, Massachusetts",250138025005,N,Springfield,1425.000000000000000,738.000000000000000,48.210526320000000,442.000000000000000,0,0.000000000000000,51840.000000000000000,61.432720179999997,0,41571.000000000000000,49.263496400000001,I, ,M,Yes,MI,2,Minority and income,643371.629383999970742,3643.578800780000165
"Block Group 1, Census Tract 8026.01, Hampden County, Massachusetts",250138026011,N,Springfield,694.000000000000000,320.000000000000000,53.890489909999999,195.000000000000000,0,0.000000000000000,53578.000000000000000,63.492328639999997,0,41571.000000000000000,49.263496400000001,I, ,M,Yes,MI,2,Minority and income,220286.240340999996988,3066.087371220000023
"Block Group 2, Census Tract 8122.02, Hampden County, Massachusetts",250138122022,N,West Springfield,1123.000000000000000,865.000000000000000,22.974176310000001,462.000000000000000,28,6.060606000000000,36364.000000000000000,43.092967989999998,0,54516.000000000000000,64.603897090000004,I, , ,Yes,I,1,Income,1827091.831509999930859,6542.949682139999823
"Block Group 4, Census Tract 8122.02, Hampden County, Massachusetts",250138122024,N,West Springfield,1481.000000000000000,988.000000000000000,33.288318699999998,945.000000000000000,0,0.000000000000000,44115.000000000000000,52.278247829999998,0,54516.000000000000000,64.603897090000004,I, ,M,Yes,MI,2,Minority and income,3079856.232940000016242,12517.677367500000400
"Block Group 4, Census Tract 8123, Hampden County, Massachusetts",250138123004,N,West Springfield,1165.000000000000000,667.000000000000000,42.746781120000001,366.000000000000000,0,0.000000000000000,47800.000000000000000,56.645137790000000,0,54516.000000000000000,64.603897090000004,I, ,M,Yes,MI,2,Minority and income,238035.064113000000361,2091.194026140000005
"Block Group 2, Census Tract 8125, Hampden County, Massachusetts",250138125002,N,Westfield,1401.000000000000000,1152.000000000000000,17.773019269999999,383.000000000000000,12,3.133159160000000,52305.000000000000000,61.983764649999998,0,74456.000000000000000,88.233688349999994,I, , ,Yes,I,1,Income,11145170.475999999791384,19842.681570799999463
"Block Group 2, Census Tract 8126, Hampden County, Massachusetts",250138126002,N,Westfield,895.000000000000000,741.000000000000000,17.206703910000002,396.000000000000000,18,4.545454500000000,47074.000000000000000,55.784797670000003,0,74456.000000000000000,88.233688349999994,I, , ,Yes,I,1,Income,1262975.152930000098422,6492.986291610000080
"Block Group 1, Census Tract 8127.01, Hampden County, Massachusetts",250138127011,N,Westfield,1346.000000000000000,1136.000000000000000,15.601783060000001,530.000000000000000,0,0.000000000000000,46757.000000000000000,55.409137729999998,0,74456.000000000000000,88.233688349999994,I, , ,Yes,I,1,Income,597607.915205999976024,4355.169980980000219
"Block Group 1, Census Tract 8124.03, Hampden County, Massachusetts",250138124031,N,West Springfield,947.000000000000000,693.000000000000000,26.821541710000002,323.000000000000000,0,0.000000000000000,76094.000000000000000,90.174797060000003,0,54516.000000000000000,64.603897090000004, , ,M,Yes,M,1,Minority,325251.202173999976367,2240.492352039999787
"Block Group 1, Census Tract 8124.04, Hampden County, Massachusetts",250138124041,N,West Springfield,1869.000000000000000,1386.000000000000000,25.842696629999999,607.000000000000000,43,7.084019660000000,82946.000000000000000,98.294723509999997,0,54516.000000000000000,64.603897090000004, , ,M,Yes,M,1,Minority,2868149.115499999839813,9046.561851759999627
"Block Group 2, Census Tract 8124.03, Hampden County, Massachusetts",250138124032,N,West Springfield,1061.000000000000000,763.000000000000000,28.086710650000001,679.000000000000000,56,8.247422220000001,40356.000000000000000,47.823665620000000,0,54516.000000000000000,64.603897090000004,I, ,M,Yes,MI,2,Minority and income,438879.431890000007115,3045.205823589999909
"Block Group 1, Census Tract 8127.02, Hampden County, Massachusetts",250138127021,N,Westfield,2091.000000000000000,1479.000000000000000,29.268292679999998,696.000000000000000,70,10.057471280000000,63491.000000000000000,75.239677430000000,0,74456.000000000000000,88.233688349999994, , ,M,Yes,M,1,Minority,1194823.351040000095963,7727.796488609999869
"Block Group 2, Census Tract 8127.02, Hampden County, Massachusetts",250138127022,N,Westfield,1169.000000000000000,727.000000000000000,37.810094100000001,543.000000000000000,76,13.996316909999999,36652.000000000000000,43.434261319999997,0,74456.000000000000000,88.233688349999994,I, ,M,Yes,MI,2,Minority and income,415649.637930000026245,4447.901990649999789
"Block Group 3, Census Tract 3114, Middlesex County, Massachusetts",250173114003,N,Lowell,2420.000000000000000,614.000000000000000,74.628099169999999,851.000000000000000,69,8.108108520000000,58977.000000000000000,69.890380859999993,0,62196.000000000000000,73.705039979999995, , ,M,Yes,M,1,Minority,912486.097306999959983,4103.667791679999937
"Block Group 4, Census Tract 3114, Middlesex County, Massachusetts",250173114004,N,Lowell,2183.000000000000000,531.000000000000000,75.675675679999998,1117.000000000000000,105,9.400178909999999,80104.000000000000000,94.926826480000003,0,62196.000000000000000,73.705039979999995, , ,M,Yes,M,1,Minority,494392.377231999998912,4437.545425880000039
"Block Group 3, Census Tract 3115, Middlesex County, Massachusetts",250173115003,N,Lowell,1005.000000000000000,438.000000000000000,56.417910450000001,450.000000000000000,48,10.666666980000000,61680.000000000000000,73.093559270000000,0,62196.000000000000000,73.705039979999995, , ,M,Yes,M,1,Minority,187801.010127999994438,2192.076684959999966
"Block Group 3, Census Tract 8026.01, Hampden County, Massachusetts",250138026013,N,Springfield,1397.000000000000000,321.000000000000000,77.022190409999993,560.000000000000000,0,0.000000000000000,54018.000000000000000,64.013748170000000,0,41571.000000000000000,49.263496400000001,I, ,M,Yes,MI,2,Minority and income,210296.943227000010666,2631.097533310000017
"Block Group 4, Census Tract 8026.01, Hampden County, Massachusetts",250138026014,N,Springfield,1368.000000000000000,229.000000000000000,83.260233920000005,368.000000000000000,51,13.858695980000000,34017.000000000000000,40.311668400000002,0,41571.000000000000000,49.263496400000001,I, ,M,Yes,MI,2,Minority and income,223926.766489000001457,2351.060524550000082
"Block Group 5, Census Tract 8026.01, Hampden County, Massachusetts",250138026015,N,Springfield,1270.000000000000000,365.000000000000000,71.259842520000007,445.000000000000000,0,0.000000000000000,47083.000000000000000,55.795459749999999,0,41571.000000000000000,49.263496400000001,I, ,M,Yes,MI,2,Minority and income,304450.815850000013597,2917.450895620000210
"Block Group 2, Census Tract 8127.01, Hampden County, Massachusetts",250138127012,N,Westfield,1474.000000000000000,1025.000000000000000,30.461329719999998,486.000000000000000,41,8.436214450000000,55357.000000000000000,65.600524899999996,0,74456.000000000000000,88.233688349999994, , ,M,Yes,M,1,Minority,478793.027690000017174,3470.829547350000212
"Block Group 3, Census Tract 8127.01, Hampden County, Massachusetts",250138127013,N,Westfield,1146.000000000000000,864.000000000000000,24.607329839999998,645.000000000000000,31,4.806201460000000,49575.000000000000000,58.748592379999998,0,74456.000000000000000,88.233688349999994,I, ,M,Yes,MI,2,Minority and income,518280.595660999999382,3357.865972420000162
"Block Group 3, Census Tract 8127.02, Hampden County, Massachusetts",250138127023,N,Westfield,954.000000000000000,758.000000000000000,20.545073380000002,437.000000000000000,94,21.510297779999998,43350.000000000000000,51.371688839999997,0,74456.000000000000000,88.233688349999994,I, , ,Yes,I,1,Income,372437.632810999988578,2518.858997079999881
"Block Group 1, Census Tract 8128, Hampden County, Massachusetts",250138128001,N,Westfield,744.000000000000000,499.000000000000000,32.930107530000001,182.000000000000000,15,8.241758350000000,60000.000000000000000,71.102684019999998,0,74456.000000000000000,88.233688349999994, , ,M,Yes,M,1,Minority,1012903.210990000050515,5364.611347199999727
"Block Group 2, Census Tract 8132.08, Hampden County, Massachusetts",250138132082,N,Agawam,1430.000000000000000,1190.000000000000000,16.783216780000000,758.000000000000000,31,4.089709760000000,52054.000000000000000,61.686317440000003,0,72396.000000000000000,85.792495729999999,I, , ,Yes,I,1,Income,2344334.641650000121444,8870.450263380000251
"Block Group 2, Census Tract 8132.07, Hampden County, Massachusetts",250138132072,N,Agawam,1054.000000000000000,815.000000000000000,22.675521820000000,344.000000000000000,17,4.941860680000000,54118.000000000000000,64.132247919999998,0,72396.000000000000000,85.792495729999999,I, , ,Yes,I,1,Income,663138.592443999950774,5280.068945740000345
"Block Group 2, Census Tract 3143.01, Middlesex County, Massachusetts",250173143012,N,Dracut,609.000000000000000,489.000000000000000,19.704433500000000,266.000000000000000,0,0.000000000000000,38864.000000000000000,46.055580139999996,0,92685.000000000000000,109.835868840000003,I, , ,Yes,I,1,Income,581930.441453999956138,3648.012528549999843
"Block Group 2, Census Tract 3163, Middlesex County, Massachusetts",250173163002,N,Billerica,1059.000000000000000,788.000000000000000,25.590179410000001,299.000000000000000,0,0.000000000000000,189044.000000000000000,224.025604249999986,0,113239.000000000000000,134.193283079999986, , ,M,Yes,M,1,Minority,828373.874519999953918,4560.557186439999896
"Block Group 6, Census Tract 8026.01, Hampden County, Massachusetts",250138026016,N,Springfield,1235.000000000000000,524.000000000000000,57.570850200000002,362.000000000000000,9,2.486187930000000,66806.000000000000000,79.168098450000002,0,41571.000000000000000,49.263496400000001, , ,M,Yes,M,1,Minority,583384.322905999957584,4751.320115810000061
"Block Group 4, Census Tract 8101, Hampden County, Massachusetts",250138101004,N,Palmer,880.000000000000000,728.000000000000000,17.272727270000001,433.000000000000000,0,0.000000000000000,39736.000000000000000,47.088935849999999,0,68694.000000000000000,81.405464170000002,I, , ,Yes,I,1,Income,2202337.211540000047535,6808.136885679999978
"Block Group 2, Census Tract 8102, Hampden County, Massachusetts",250138102002,N,Palmer,1067.000000000000000,958.000000000000000,10.215557640000000,393.000000000000000,9,2.290076260000000,47163.000000000000000,55.890266420000003,0,68694.000000000000000,81.405464170000002,I, , ,Yes,I,1,Income,5738229.637190000154078,13148.532207199999903
"Block Group 4, Census Tract 8127.02, Hampden County, Massachusetts",250138127024,N,Westfield,1028.000000000000000,678.000000000000000,34.046692610000001,792.000000000000000,26,3.282828330000000,60246.000000000000000,71.394203189999999,0,74456.000000000000000,88.233688349999994, , ,M,Yes,M,1,Minority,407359.383319000015035,3833.182181570000012
"Block Group 3, Census Tract 8129.01, Hampden County, Massachusetts",250138129013,N,Westfield,526.000000000000000,447.000000000000000,15.019011409999999,281.000000000000000,24,8.540925030000000,53183.000000000000000,63.024234770000000,0,74456.000000000000000,88.233688349999994,I, , ,Yes,I,1,Income,672727.309189000050537,3861.894403339999826
"Block Group 3, Census Tract 8137.02, Hampden County, Massachusetts",250138137023,N,Monson,1136.000000000000000,1034.000000000000000,8.978873240000000,624.000000000000000,0,0.000000000000000,49000.000000000000000,58.067192079999998,0,76612.000000000000000,90.788650509999997,I, , ,Yes,I,1,Income,12558441.306299999356270,18775.079672299998492
"Block Group 2, Census Tract 8201.02, Hampshire County, Massachusetts",250158201022,N,Ware,1066.000000000000000,862.000000000000000,19.136960599999998,405.000000000000000,0,0.000000000000000,29250.000000000000000,34.662559510000001,0,56598.000000000000000,67.071159359999996,I, , ,Yes,I,1,Income,1404715.992340000113472,7361.048059259999718
"Block Group 3, Census Tract 8201.01, Hampshire County, Massachusetts",250158201013,N,Ware,1023.000000000000000,881.000000000000000,13.880742910000000,456.000000000000000,0,0.000000000000000,41731.000000000000000,49.453102110000003,0,56598.000000000000000,67.071159359999996,I, , ,Yes,I,1,Income,4112017.126749999821186,10150.037900400000581
"Block Group 2, Census Tract 8203, Hampshire County, Massachusetts",250158203002,N,Amherst,1257.000000000000000,611.000000000000000,51.392203660000000,566.000000000000000,32,5.653710370000000,37500.000000000000000,44.439178470000002,0,56906.000000000000000,67.436157230000006,I, ,M,Yes,MI,2,Minority and income,522227.848888000007719,4215.657263349999994
"Block Group 5, Census Tract 8205, Hampshire County, Massachusetts",250158205005,N,Amherst,1121.000000000000000,777.000000000000000,30.686886710000000,579.000000000000000,7,1.208981040000000,74018.000000000000000,87.714637760000002,0,56906.000000000000000,67.436157230000006, , ,M,Yes,M,1,Minority,2488605.636500000022352,7006.270559509999657
"Block Group 3, Census Tract 3106.01, Middlesex County, Massachusetts",250173106013,N,Lowell,813.000000000000000,454.000000000000000,44.157441570000003,167.000000000000000,10,5.988023760000000,79464.000000000000000,94.168396000000001,0,62196.000000000000000,73.705039979999995, , ,M,Yes,M,1,Minority,555122.239571999991313,4425.448497800000041
"Block Group 3, Census Tract 3106.02, Middlesex County, Massachusetts",250173106023,N,Lowell,750.000000000000000,353.000000000000000,52.933333330000004,201.000000000000000,0,0.000000000000000,70742.000000000000000,83.832435610000005,0,62196.000000000000000,73.705039979999995, , ,M,Yes,M,1,Minority,123692.413386999993236,1413.337984569999890
"Block Group 1, Census Tract 3106.02, Middlesex County, Massachusetts",250173106021,N,Lowell,1841.000000000000000,906.000000000000000,50.787615430000002,652.000000000000000,15,2.300613400000000,78333.000000000000000,92.828109740000002,0,62196.000000000000000,73.705039979999995, , ,M,Yes,M,1,Minority,983488.085807999945246,5741.953600570000162
"Block Group 1, Census Tract 8107, Hampden County, Massachusetts",250138107001,N,Chicopee,1684.000000000000000,1240.000000000000000,26.365795720000001,766.000000000000000,0,0.000000000000000,49843.000000000000000,59.066184999999997,0,52702.000000000000000,62.454227449999998,I, ,M,Yes,MI,2,Minority and income,1990264.377480000024661,8955.326380739999877
"Block Group 3, Census Tract 8107, Hampden County, Massachusetts",250138107003,N,Chicopee,1377.000000000000000,743.000000000000000,46.042120550000000,529.000000000000000,0,0.000000000000000,49956.000000000000000,59.200096129999999,0,52702.000000000000000,62.454227449999998,I, ,M,Yes,MI,2,Minority and income,287130.227006000000983,2271.573324720000073
"Block Group 5, Census Tract 8107, Hampden County, Massachusetts",250138107005,N,Chicopee,1358.000000000000000,853.000000000000000,37.187039759999998,604.000000000000000,13,2.152317760000000,60078.000000000000000,71.195114140000001,0,52702.000000000000000,62.454227449999998, , ,M,Yes,M,1,Minority,503086.997274000023026,3398.183336019999842
"Block Group 3, Census Tract 8201.02, Hampshire County, Massachusetts",250158201023,N,Ware,1954.000000000000000,1475.000000000000000,24.513817809999999,936.000000000000000,24,2.564102650000000,33889.000000000000000,40.159980769999997,0,56598.000000000000000,67.071159359999996,I, ,M,Yes,MI,2,Minority and income,1192209.287239999976009,5011.515937170000143
"Block Group 1, Census Tract 8203, Hampshire County, Massachusetts",250158203001,N,Amherst,1947.000000000000000,1392.000000000000000,28.505392910000001,750.000000000000000,12,1.600000020000000,118250.000000000000000,140.131546020000002,0,56906.000000000000000,67.436157230000006, , ,M,Yes,M,1,Minority,11523703.792799999937415,15439.478783299999122
"Block Group 3, Census Tract 8203, Hampshire County, Massachusetts",250158203003,N,Amherst,1261.000000000000000,524.000000000000000,58.445678030000003,387.000000000000000,15,3.875968930000000,67778.000000000000000,80.319961550000002,0,56906.000000000000000,67.436157230000006, , ,M,Yes,M,1,Minority,964275.262477000011131,4929.397741300000234
"Block Group 1, Census Tract 8206, Hampshire County, Massachusetts",250158206001,N,Amherst,1641.000000000000000,781.000000000000000,52.407068860000003,18.000000000000000,0,0.000000000000000,0.000000000000000,0.000000000000000,0,56906.000000000000000,67.436157230000006, , ,M,Yes,M,1,Minority,1485893.200130000011995,6562.421656829999847
"Block Group 1, Census Tract 8207, Hampshire County, Massachusetts",250158207001,N,Amherst,1698.000000000000000,943.000000000000000,44.464075379999997,655.000000000000000,18,2.748091700000000,36168.000000000000000,42.860698700000000,0,56906.000000000000000,67.436157230000006,I, ,M,Yes,MI,2,Minority and income,6924659.020619999617338,13109.096806600000491
"Block Group 2, Census Tract 8207, Hampshire County, Massachusetts",250158207002,N,Amherst,1419.000000000000000,851.000000000000000,40.028188870000001,517.000000000000000,47,9.090909000000000,62321.000000000000000,73.853172299999997,0,56906.000000000000000,67.436157230000006, , ,M,Yes,M,1,Minority,1573146.940819999901578,6926.688131189999694
"Block Group 1, Census Tract 3101.01, Middlesex County, Massachusetts",250173101011,N,Lowell,1682.000000000000000,556.000000000000000,66.944114150000004,596.000000000000000,153,25.671140670000000,19002.000000000000000,22.135759350000001,1,62196.000000000000000,73.705039979999995,I,E,M,Yes,MIE,3,"Minority, income and English isolation",324100.108080999983940,4285.638995799999975
"Block Group 2, Census Tract 3101.01, Middlesex County, Massachusetts",250173101012,N,Lowell,816.000000000000000,427.000000000000000,47.671568630000003,697.000000000000000,148,21.233860020000002,18616.000000000000000,22.060792920000001,0,62196.000000000000000,73.705039979999995,I, ,M,Yes,MI,2,Minority and income,108071.696674999999232,1846.251153129999921
"Block Group 3, Census Tract 3101.01, Middlesex County, Massachusetts",250173101013,N,Lowell,974.000000000000000,601.000000000000000,38.295687890000004,388.000000000000000,22,5.670103070000000,86103.000000000000000,102.035903930000003,0,62196.000000000000000,73.705039979999995, , ,M,Yes,M,1,Minority,153160.533610999991652,1998.087763159999895
"Block Group 2, Census Tract 8108, Hampden County, Massachusetts",250138108002,N,Chicopee,1230.000000000000000,537.000000000000000,56.341463410000003,753.000000000000000,74,9.827357290000000,33474.000000000000000,39.668186190000000,0,52702.000000000000000,62.454227449999998,I, ,M,Yes,MI,2,Minority and income,717500.078765999991447,4417.759147050000138
"Block Group 3, Census Tract 8108, Hampden County, Massachusetts",250138108003,N,Chicopee,1080.000000000000000,807.000000000000000,25.277777780000001,454.000000000000000,10,2.202643160000000,61118.000000000000000,72.427566529999993,0,52702.000000000000000,62.454227449999998, , ,M,Yes,M,1,Minority,1059910.330300000030547,4340.634286000000429
"Block Group 4, Census Tract 8107, Hampden County, Massachusetts",250138107004,N,Chicopee,926.000000000000000,697.000000000000000,24.730021600000001,396.000000000000000,0,0.000000000000000,55117.000000000000000,65.316108700000001,0,52702.000000000000000,62.454227449999998,I, ,M,Yes,MI,2,Minority and income,366897.230943000002299,3689.214344519999941
"Block Group 4, Census Tract 8203, Hampshire County, Massachusetts",250158203004,N,Amherst,1083.000000000000000,721.000000000000000,33.425669440000000,418.000000000000000,16,3.827751160000000,75882.000000000000000,89.923561100000001,0,56906.000000000000000,67.436157230000006, , ,M,Yes,M,1,Minority,1601129.485450000036508,5442.058984389999750
"Block Group 5, Census Tract 8203, Hampshire County, Massachusetts",250158203005,N,Amherst,1609.000000000000000,884.000000000000000,45.059042880000000,468.000000000000000,23,4.914529800000000,61429.000000000000000,72.796112059999999,0,56906.000000000000000,67.436157230000006, , ,M,Yes,M,1,Minority,3747432.980520000215620,8201.057746160000534
"Block Group 1, Census Tract 8204, Hampshire County, Massachusetts",250158204001,N,Amherst,13131.000000000000000,7942.000000000000000,39.517173100000001,23.000000000000000,0,0.000000000000000,2500.000000000000000,2.962611910000000,0,56906.000000000000000,67.436157230000006,I, ,M,Yes,MI,2,Minority and income,2119701.299829999916255,8871.831557699999394
"Block Group 1, Census Tract 8205, Hampshire County, Massachusetts",250158205001,N,Amherst,1050.000000000000000,747.000000000000000,28.857142860000000,491.000000000000000,0,0.000000000000000,54609.000000000000000,64.714111329999994,0,56906.000000000000000,67.436157230000006,I, ,M,Yes,MI,2,Minority and income,1129353.568170000100508,4710.098089260000052
"Block Group 1, Census Tract 8208.02, Hampshire County, Massachusetts",250158208021,N,Amherst,579.000000000000000,389.000000000000000,32.815198619999997,0.000000000000000,0,0.000000000000000,0.000000000000000,0.000000000000000,0,56906.000000000000000,67.436157230000006, , ,M,Yes,M,1,Minority,715058.802259000018239,3862.692564259999926
"Block Group 3, Census Tract 8208.01, Hampshire County, Massachusetts",250158208013,N,Amherst,1919.000000000000000,761.000000000000000,60.343929129999999,709.000000000000000,40,5.641748910000000,47435.000000000000000,56.212596890000000,0,56906.000000000000000,67.436157230000006,I, ,M,Yes,MI,2,Minority and income,1858170.075939999893308,5974.246613379999872
"Block Group 4, Census Tract 8208.01, Hampshire County, Massachusetts",250158208014,N,Amherst,1072.000000000000000,638.000000000000000,40.485074630000000,211.000000000000000,31,14.691943170000000,89712.000000000000000,106.312736509999993,0,56906.000000000000000,67.436157230000006, , ,M,Yes,M,1,Minority,2247513.599859999958426,8938.927124640000329
"Block Group 2, Census Tract 3171.01, Middlesex County, Massachusetts",250173171012,N,Chelmsford,2584.000000000000000,1749.000000000000000,32.314241490000001,1001.000000000000000,29,2.897102830000000,75313.000000000000000,89.249275209999993,0,117582.000000000000000,139.339935300000008, , ,M,Yes,M,1,Minority,3642848.251610000152141,8943.671818319999147
"Block Group 1, Census Tract 3173.01, Middlesex County, Massachusetts",250173173011,N,Chelmsford,2165.000000000000000,1494.000000000000000,30.993071590000000,845.000000000000000,15,1.775147910000000,119271.000000000000000,141.341476440000008,0,117582.000000000000000,139.339935300000008, , ,M,Yes,M,1,Minority,3591412.787599999923259,9738.671187840000130
"Block Group 2, Census Tract 8216.01, Hampshire County, Massachusetts",250158216012,N,Northampton,1784.000000000000000,1150.000000000000000,35.538116590000001,721.000000000000000,33,4.576976300000000,48348.000000000000000,57.294544219999999,0,71866.000000000000000,85.164428709999996,I, ,M,Yes,MI,2,Minority and income,3844562.728399999905378,11508.041430499999478
"Block Group 2, Census Tract 8216.02, Hampshire County, Massachusetts",250158216022,N,Northampton,1445.000000000000000,975.000000000000000,32.525951560000003,743.000000000000000,111,14.939435010000000,33438.000000000000000,39.625526430000001,0,71866.000000000000000,85.164428709999996,I, ,M,Yes,MI,2,Minority and income,1020913.626339999958873,4331.325355519999903
"Block Group 1, Census Tract 8109.01, Hampden County, Massachusetts",250138109011,N,Chicopee,1140.000000000000000,491.000000000000000,56.929824560000000,519.000000000000000,59,11.368015290000001,29612.000000000000000,35.091545099999998,0,52702.000000000000000,62.454227449999998,I, ,M,Yes,MI,2,Minority and income,281770.360225000011269,2374.320333520000077
"Block Group 1, Census Tract 8109.02, Hampden County, Massachusetts",250138109021,N,Chicopee,1602.000000000000000,1167.000000000000000,27.153558050000001,509.000000000000000,54,10.609037400000000,70170.000000000000000,83.154586789999996,0,52702.000000000000000,62.454227449999998, , ,M,Yes,M,1,Minority,713219.378108000033535,3447.263511900000140
"Block Group 2, Census Tract 8109.02, Hampden County, Massachusetts",250138109022,N,Chicopee,649.000000000000000,429.000000000000000,33.898305080000000,179.000000000000000,0,0.000000000000000,66875.000000000000000,79.249870299999998,0,52702.000000000000000,62.454227449999998, , ,M,Yes,M,1,Minority,186514.478409000003012,1980.708570539999982
"Block Group 2, Census Tract 8109.01, Hampden County, Massachusetts",250138109012,N,Chicopee,849.000000000000000,283.000000000000000,66.666666669999998,336.000000000000000,25,7.440476420000000,29628.000000000000000,35.110504149999997,0,52702.000000000000000,62.454227449999998,I, ,M,Yes,MI,2,Minority and income,861719.931672999984585,4985.546312509999552
"Block Group 2, Census Tract 8205, Hampshire County, Massachusetts",250158205002,N,Amherst,1014.000000000000000,763.000000000000000,24.753451680000001,282.000000000000000,14,4.964539050000000,106190.000000000000000,125.839897160000007,0,56906.000000000000000,67.436157230000006, , ,M,Yes,M,1,Minority,1013114.403120000031777,4106.411209240000062
"Block Group 3, Census Tract 8205, Hampshire County, Massachusetts",250158205003,N,Amherst,1068.000000000000000,674.000000000000000,36.891385769999999,243.000000000000000,0,0.000000000000000,22936.000000000000000,27.180185320000000,0,56906.000000000000000,67.436157230000006,I, ,M,Yes,MI,2,Minority and income,435545.828125000000000,3326.933587340000031
"Block Group 4, Census Tract 8205, Hampshire County, Massachusetts",250158205004,N,Amherst,911.000000000000000,675.000000000000000,25.905598240000000,913.000000000000000,0,0.000000000000000,16226.000000000000000,19.228536609999999,0,56906.000000000000000,67.436157230000006,I, ,M,Yes,MI,2,Minority and income,527155.988312999950722,3985.575755740000204
"Block Group 1, Census Tract 8212, Hampshire County, Massachusetts",250158212001,N,South Hadley,2185.000000000000000,1166.000000000000000,46.636155610000003,21.000000000000000,0,0.000000000000000,142031.000000000000000,168.313095089999990,0,73601.000000000000000,87.220474240000001, , ,M,Yes,M,1,Minority,928446.572154999943450,4607.527937169999859
"Block Group 1, Census Tract 8219.03, Hampshire County, Massachusetts",250158219031,N,Northampton,1683.000000000000000,1211.000000000000000,28.045157459999999,848.000000000000000,64,7.547169690000000,52000.000000000000000,61.622325900000000,0,71866.000000000000000,85.164428709999996,I, ,M,Yes,MI,2,Minority and income,1964918.891610000049695,12162.245517400000608
"Block Group 2, Census Tract 8219.03, Hampshire County, Massachusetts",250158219032,N,Northampton,124.000000000000000,54.000000000000000,56.451612900000001,0.000000000000000,0,0.000000000000000,0.000000000000000,0.000000000000000,0,71866.000000000000000,85.164428709999996, , ,M,Yes,M,1,Minority,144203.769804999988992,1621.593552889999955
"Block Group 4, Census Tract 3116, Middlesex County, Massachusetts",250173116004,N,Lowell,869.000000000000000,217.000000000000000,75.028768700000001,339.000000000000000,13,3.834808350000000,67813.000000000000000,80.361434939999995,0,62196.000000000000000,73.705039979999995, , ,M,Yes,M,1,Minority,966219.590828999993391,5589.217642319999868
"Block Group 2, Census Tract 3106.02, Middlesex County, Massachusetts",250173106022,N,Lowell,1872.000000000000000,1059.000000000000000,43.429487180000002,859.000000000000000,0,0.000000000000000,75208.000000000000000,89.124847410000001,0,62196.000000000000000,73.705039979999995, , ,M,Yes,M,1,Minority,410387.417307999974582,3167.364672050000081
"Block Group 3, Census Tract 8109.02, Hampden County, Massachusetts",250138109023,N,Chicopee,1500.000000000000000,872.000000000000000,41.866666670000001,686.000000000000000,0,0.000000000000000,46111.000000000000000,54.643596649999999,0,52702.000000000000000,62.454227449999998,I, ,M,Yes,MI,2,Minority and income,1589246.820420000003651,6424.061797020000085
"Block Group 4, Census Tract 8109.02, Hampden County, Massachusetts",250138109024,N,Chicopee,850.000000000000000,302.000000000000000,64.470588239999998,274.000000000000000,0,0.000000000000000,42500.000000000000000,50.364402769999998,0,52702.000000000000000,62.454227449999998,I, ,M,Yes,MI,2,Minority and income,279171.399534999975003,2115.101020239999798
"Block Group 1, Census Tract 8110, Hampden County, Massachusetts",250138110001,N,Chicopee,900.000000000000000,668.000000000000000,25.777777780000001,306.000000000000000,37,12.091503140000000,41042.000000000000000,48.636604310000003,0,52702.000000000000000,62.454227449999998,I, ,M,Yes,MI,2,Minority and income,631196.442716000019573,3474.358616770000026
"Block Group 6, Census Tract 8205, Hampshire County, Massachusetts",250158205006,N,Amherst,549.000000000000000,319.000000000000000,41.894353369999997,131.000000000000000,3,2.290076260000000,40956.000000000000000,48.534690859999998,0,56906.000000000000000,67.436157230000006,I, ,M,Yes,MI,2,Minority and income,204245.434054999990622,1861.692292120000047
"Block Group 3, Census Tract 8207, Hampshire County, Massachusetts",250158207003,N,Amherst,1341.000000000000000,969.000000000000000,27.740492170000000,550.000000000000000,20,3.636363740000000,140000.000000000000000,165.906265259999998,0,56906.000000000000000,67.436157230000006, , ,M,Yes,M,1,Minority,4307484.457879999652505,10298.506960900000195
"Block Group 2, Census Tract 8211.01, Hampshire County, Massachusetts",250158211012,N,South Hadley,1611.000000000000000,1248.000000000000000,22.532588449999999,697.000000000000000,0,0.000000000000000,54870.000000000000000,65.023406980000004,0,73601.000000000000000,87.220474240000001,I, , ,Yes,I,1,Income,1317964.142560000065714,5794.497077130000434
"Block Group 3, Census Tract 8219.03, Hampshire County, Massachusetts",250158219033,N,Northampton,1832.000000000000000,1379.000000000000000,24.727074240000000,881.000000000000000,45,5.107831950000000,63125.000000000000000,74.805946349999999,0,71866.000000000000000,85.164428709999996, , ,M,Yes,M,1,Minority,946065.937369000050239,5184.791148090000206
"Block Group 2, Census Tract 8223, Hampshire County, Massachusetts",250158223002,N,Easthampton,1368.000000000000000,1153.000000000000000,15.716374269999999,441.000000000000000,12,2.721088410000000,47578.000000000000000,56.382057189999998,0,63657.000000000000000,75.436393740000000,I, , ,Yes,I,1,Income,1478307.766740000108257,7749.187755029999607
"Block Group 1, Census Tract 8224.02, Hampshire County, Massachusetts",250158224021,N,Easthampton,699.000000000000000,571.000000000000000,18.311874110000002,298.000000000000000,0,0.000000000000000,40526.000000000000000,48.025123600000001,0,63657.000000000000000,75.436393740000000,I, , ,Yes,I,1,Income,540436.621916000032797,3490.205337320000126
"Block Group 5, Census Tract 8224.02, Hampshire County, Massachusetts",250158224025,N,Easthampton,956.000000000000000,776.000000000000000,18.828451879999999,511.000000000000000,0,0.000000000000000,42534.000000000000000,50.404693600000002,0,63657.000000000000000,75.436393740000000,I, , ,Yes,I,1,Income,3774659.092240000143647,9912.358006099999329
"Block Group 3, Census Tract 3011.01, Middlesex County, Massachusetts",250173011013,N,Townsend,990.000000000000000,873.000000000000000,11.818181820000000,497.000000000000000,0,0.000000000000000,54261.000000000000000,64.301712039999998,0,97462.000000000000000,115.496833800000005,I, , ,Yes,I,1,Income,3335109.653419999871403,9348.726045519999388
"Block Group 1, Census Tract 3101.02, Middlesex County, Massachusetts",250173101021,N,Lowell,1162.000000000000000,382.000000000000000,67.125645440000000,617.000000000000000,76,12.317666050000000,41319.000000000000000,48.964862820000000,0,62196.000000000000000,73.705039979999995,I, ,M,Yes,MI,2,Minority and income,241692.344979999994393,2491.418332319999990
"Block Group 2, Census Tract 3101.02, Middlesex County, Massachusetts",250173101022,N,Lowell,1447.000000000000000,605.000000000000000,58.189357289999997,646.000000000000000,116,17.956655500000000,44559.000000000000000,52.804409030000002,0,62196.000000000000000,73.705039979999995,I, ,M,Yes,MI,2,Minority and income,244769.398327000002610,2347.947604489999776
"Block Group 1, Census Tract 3102, Middlesex County, Massachusetts",250173102001,N,Lowell,1160.000000000000000,656.000000000000000,43.448275860000003,337.000000000000000,0,0.000000000000000,103875.000000000000000,123.096519470000004,0,62196.000000000000000,73.705039979999995, , ,M,Yes,M,1,Minority,430905.547235000005458,3634.592394469999817
"Block Group 3, Census Tract 8110, Hampden County, Massachusetts",250138110003,N,Chicopee,910.000000000000000,776.000000000000000,14.725274730000001,387.000000000000000,22,5.684754370000000,52330.000000000000000,62.013389590000003,0,52702.000000000000000,62.454227449999998,I, , ,Yes,I,1,Income,1652145.535649999976158,6884.852283580000403
"Block Group 2, Census Tract 8111.01, Hampden County, Massachusetts",250138111012,N,Chicopee,1577.000000000000000,745.000000000000000,52.758402029999999,643.000000000000000,11,1.710730910000000,25268.000000000000000,29.943710329999998,0,52702.000000000000000,62.454227449999998,I, ,M,Yes,MI,2,Minority and income,1165106.809730000095442,6031.942167219999646
"Block Group 1, Census Tract 8114, Hampden County, Massachusetts",250138114001,N,Holyoke,1070.000000000000000,128.000000000000000,88.037383180000006,387.000000000000000,155,40.051677699999999,21761.000000000000000,25.787757870000000,0,42537.000000000000000,50.408248899999997,I,E,M,Yes,MIE,3,"Minority, income and English isolation",987912.543334000045434,5979.230621659999997
"Block Group 4, Census Tract 8121.04, Hampden County, Massachusetts",250138121044,N,Holyoke,1052.000000000000000,615.000000000000000,41.539923950000002,576.000000000000000,45,7.812500000000000,59688.000000000000000,70.732948300000004,0,42537.000000000000000,50.408248899999997, , ,M,Yes,M,1,Minority,666534.875357000040822,4462.663489200000186
"Block Group 3, Census Tract 3102, Middlesex County, Massachusetts",250173102003,N,Lowell,1737.000000000000000,511.000000000000000,70.581462290000005,572.000000000000000,86,15.034964560000001,76707.000000000000000,90.901229860000001,0,62196.000000000000000,73.705039979999995, , ,M,Yes,M,1,Minority,564486.022833000053652,5556.384727439999551
"Block Group 4, Census Tract 3102, Middlesex County, Massachusetts",250173102004,N,Lowell,1258.000000000000000,509.000000000000000,59.538950720000003,282.000000000000000,29,10.283687590000000,32228.000000000000000,38.191619869999997,0,62196.000000000000000,73.705039979999995,I, ,M,Yes,MI,2,Minority and income,182151.684718000004068,1783.869263130000036
"Block Group 5, Census Tract 3102, Middlesex County, Massachusetts",250173102005,N,Lowell,1325.000000000000000,696.000000000000000,47.471698109999998,407.000000000000000,19,4.668304440000000,48199.000000000000000,57.117969510000002,0,62196.000000000000000,73.705039979999995,I, ,M,Yes,MI,2,Minority and income,386962.509015000017826,3139.362023069999850
"Block Group 3, Census Tract 8219.04, Hampshire County, Massachusetts",250158219043,N,Northampton,1056.000000000000000,794.000000000000000,24.810606060000001,500.000000000000000,23,4.599999900000000,56500.000000000000000,66.955024719999997,0,71866.000000000000000,85.164428709999996, , ,M,Yes,M,1,Minority,423616.084231999993790,3839.919678369999929
"Block Group 1, Census Tract 8220, Hampshire County, Massachusetts",250158220001,N,Northampton,2152.000000000000000,1250.000000000000000,41.914498139999999,112.000000000000000,0,0.000000000000000,70500.000000000000000,83.545654299999995,0,71866.000000000000000,85.164428709999996, , ,M,Yes,M,1,Minority,511907.393029000028037,4261.207443950000197
"Block Group 1, Census Tract 8111.02, Hampden County, Massachusetts",250138111021,N,Chicopee,1428.000000000000000,565.000000000000000,60.434173670000000,472.000000000000000,41,8.686440470000001,36316.000000000000000,43.036083220000002,0,52702.000000000000000,62.454227449999998,I, ,M,Yes,MI,2,Minority and income,556416.870492000016384,3576.191947079999863
"Block Group 2, Census Tract 8111.02, Hampden County, Massachusetts",250138111022,N,Chicopee,1938.000000000000000,800.000000000000000,58.720330240000003,885.000000000000000,218,24.632768630000001,36424.000000000000000,43.164070129999999,0,52702.000000000000000,62.454227449999998,I,E,M,Yes,MIE,3,"Minority, income and English isolation",1412585.194700000109151,6311.170519010000135
"Block Group 1, Census Tract 2171.02, Essex County, Massachusetts",250092171021,N,Beverly,904.000000000000000,788.000000000000000,12.831858410000001,325.000000000000000,16,4.923077110000000,44554.000000000000000,52.798484799999997,0,84354.000000000000000,99.963264469999999,I, , ,Yes,I,1,Income,2542674.347550000064075,7814.114151429999765
"Block Group 3, Census Tract 2214, Essex County, Massachusetts",250092214003,N,Gloucester,616.000000000000000,539.000000000000000,12.500000000000000,174.000000000000000,7,4.022988320000000,48750.000000000000000,57.770931240000003,0,76260.000000000000000,90.371513370000002,I, , ,Yes,I,1,Income,330429.688479000004008,2636.377582290000191
"Block Group 3, Census Tract 2216, Essex County, Massachusetts",250092216003,N,Gloucester,832.000000000000000,680.000000000000000,18.269230770000000,348.000000000000000,0,0.000000000000000,40179.000000000000000,47.613910679999996,0,76260.000000000000000,90.371513370000002,I, , ,Yes,I,1,Income,267029.217013999994379,3120.045515960000102
"Block Group 1, Census Tract 2173, Essex County, Massachusetts",250092173001,N,Beverly,1097.000000000000000,644.000000000000000,41.294439380000000,236.000000000000000,22,9.322033879999999,70278.000000000000000,83.282577509999996,0,84354.000000000000000,99.963264469999999, , ,M,Yes,M,1,Minority,531936.484338999958709,3420.301437250000163
"Block Group 1, Census Tract 2174.02, Essex County, Massachusetts",250092174021,N,Beverly,645.000000000000000,467.000000000000000,27.596899220000001,223.000000000000000,0,0.000000000000000,40476.000000000000000,47.151195530000003,1,84354.000000000000000,99.963264469999999,I, ,M,Yes,MI,2,Minority and income,482997.414374999993015,3598.235658810000132
"Block Group 2, Census Tract 2518, Essex County, Massachusetts",250092518002,N,Lawrence,1814.000000000000000,335.000000000000000,81.532524809999998,549.000000000000000,97,17.668487549999998,43438.000000000000000,51.475975040000002,0,45045.000000000000000,53.380340580000002,I, ,M,Yes,MI,2,Minority and income,354859.412779000005685,2734.198683730000084
"Block Group 2, Census Tract 2176.01, Essex County, Massachusetts",250092176012,N,Beverly,2078.000000000000000,1892.000000000000000,8.950914340000001,767.000000000000000,46,5.997392650000000,39107.000000000000000,46.343544010000002,0,84354.000000000000000,99.963264469999999,I, , ,Yes,I,1,Income,2834498.426880000159144,9207.465584390000004
"Block Group 1, Census Tract 8001.02, Hampden County, Massachusetts",250138001021,N,Springfield,2005.000000000000000,528.000000000000000,73.665835410000000,628.000000000000000,28,4.458598610000000,66250.000000000000000,78.509216309999999,0,41571.000000000000000,49.263496400000001, , ,M,Yes,M,1,Minority,643585.783782999962568,4771.507747949999612
"Block Group 2, Census Tract 8003, Hampden County, Massachusetts",250138003002,N,Springfield,1167.000000000000000,328.000000000000000,71.893744639999994,599.000000000000000,88,14.691151619999999,49148.000000000000000,58.242580410000002,0,41571.000000000000000,49.263496400000001,I, ,M,Yes,MI,2,Minority and income,367149.205667999980506,2740.298096259999966
"Block Group 1, Census Tract 8002.01, Hampden County, Massachusetts",250138002011,N,Springfield,1409.000000000000000,249.000000000000000,82.327892120000001,501.000000000000000,46,9.181636810000001,14594.000000000000000,17.294542310000001,0,41571.000000000000000,49.263496400000001,I, ,M,Yes,MI,2,Minority and income,343002.840155999991111,3186.002178719999847
"Block Group 4, Census Tract 8002.01, Hampden County, Massachusetts",250138002014,N,Springfield,1252.000000000000000,439.000000000000000,64.936102239999997,357.000000000000000,0,0.000000000000000,40234.000000000000000,47.679088589999999,0,41571.000000000000000,49.263496400000001,I, ,M,Yes,MI,2,Minority and income,360814.737777000002097,2843.437009969999963
"Block Group 1, Census Tract 2215, Essex County, Massachusetts",250092215001,N,Gloucester,1509.000000000000000,1166.000000000000000,22.730284959999999,957.000000000000000,0,0.000000000000000,41314.000000000000000,48.958938600000003,0,76260.000000000000000,90.371513370000002,I, , ,Yes,I,1,Income,224512.371462999988580,2102.302145589999782
"Block Group 1, Census Tract 2216, Essex County, Massachusetts",250092216001,N,Gloucester,839.000000000000000,601.000000000000000,28.367103690000000,320.000000000000000,11,3.437500000000000,59853.000000000000000,70.928482059999993,0,76260.000000000000000,90.371513370000002, , ,M,Yes,M,1,Minority,494512.692097000021022,6825.078829539999788
"Block Group 1, Census Tract 2502, Essex County, Massachusetts",250092502001,N,Lawrence,2762.000000000000000,347.000000000000000,87.436640120000007,752.000000000000000,104,13.829787250000001,65227.000000000000000,77.296913149999995,0,45045.000000000000000,53.380340580000002, , ,M,Yes,M,1,Minority,973521.490228999988176,3904.474415650000083
"Block Group 1, Census Tract 2505, Essex County, Massachusetts",250092505001,N,Lawrence,1627.000000000000000,52.000000000000000,96.803933619999995,392.000000000000000,67,17.091836929999999,41550.000000000000000,49.238609310000001,0,45045.000000000000000,53.380340580000002,I, ,M,Yes,MI,2,Minority and income,87860.987737300005392,1335.224872550000100
"Block Group 3, Census Tract 2505, Essex County, Massachusetts",250092505003,N,Lawrence,1822.000000000000000,48.000000000000000,97.365532380000005,398.000000000000000,117,29.396984100000001,51447.000000000000000,60.966995240000003,0,45045.000000000000000,53.380340580000002,I,E,M,Yes,MIE,3,"Minority, income and English isolation",150546.543226999987382,1614.160255320000033
"Block Group 3, Census Tract 2508, Essex County, Massachusetts",250092508003,N,Lawrence,2559.000000000000000,550.000000000000000,78.507229390000006,738.000000000000000,102,13.821138380000001,44302.000000000000000,52.499851229999997,0,45045.000000000000000,53.380340580000002,I, ,M,Yes,MI,2,Minority and income,1178569.039690000005066,6366.628998359999969
"Block Group 3, Census Tract 2621, Essex County, Massachusetts",250092621003,N,Merrimac,1278.000000000000000,1178.000000000000000,7.824726130000000,586.000000000000000,0,0.000000000000000,49583.000000000000000,58.758071899999997,0,79909.000000000000000,94.695739750000001,I, , ,Yes,I,1,Income,2526807.606929999776185,7431.288989239999864
"Block Group 1, Census Tract 401, Franklin County, Massachusetts",250110401001,Y,Rowe,1147.000000000000000,1010.000000000000000,11.944202270000000,468.000000000000000,3,0.641025660000000,52727.000000000000000,62.483852390000003,0,65625.000000000000000,77.768562320000001,I, , ,Yes,I,1,Income,62215726.081500001251698,39757.846609699998226
"Block Group 3, Census Tract 405.02, Franklin County, Massachusetts",250110405023,N,Orange,1344.000000000000000,1173.000000000000000,12.723214290000000,612.000000000000000,0,0.000000000000000,28000.000000000000000,33.181251529999997,0,54113.000000000000000,64.126327509999996,I, , ,Yes,I,1,Income,6970123.372039999812841,13900.565920799999731
"Block Group 2, Census Tract 408, Franklin County, Massachusetts",250110408002,N,Sunderland,770.000000000000000,592.000000000000000,23.116883120000001,384.000000000000000,22,5.729166510000000,47614.000000000000000,56.424720760000000,0,54524.000000000000000,64.613380430000007,I, , ,Yes,I,1,Income,3785907.276899999938905,11533.561882699999842
"Block Group 3, Census Tract 408, Franklin County, Massachusetts",250110408003,N,Sunderland,1472.000000000000000,1042.000000000000000,29.211956520000001,487.000000000000000,32,6.570841790000000,95230.000000000000000,112.851806640000007,0,54524.000000000000000,64.613380430000007, , ,M,Yes,M,1,Minority,7668673.784540000371635,13949.831393399999797
"Block Group 4, Census Tract 408, Franklin County, Massachusetts",250110408004,N,Sunderland,1421.000000000000000,1068.000000000000000,24.841660800000000,735.000000000000000,17,2.312925100000000,41845.000000000000000,49.588195800000001,0,54524.000000000000000,64.613380430000007,I, ,M,Yes,MI,2,Minority and income,26710636.378899998962879,24086.793242399999144
"Block Group 3, Census Tract 2525.01, Essex County, Massachusetts",250092525013,N,Methuen,1151.000000000000000,440.000000000000000,61.772371849999999,316.000000000000000,16,5.063291070000000,69833.000000000000000,82.755226140000005,0,83527.000000000000000,98.983230590000005, , ,M,Yes,M,1,Minority,408327.616100999992341,3159.289438580000024
"Block Group 2, Census Tract 2525.01, Essex County, Massachusetts",250092525012,N,Methuen,1117.000000000000000,570.000000000000000,48.970456579999997,320.000000000000000,0,0.000000000000000,83929.000000000000000,99.459617609999995,0,83527.000000000000000,98.983230590000005, , ,M,Yes,M,1,Minority,377302.048829999985173,3128.106062020000081
"Block Group 1, Census Tract 2525.02, Essex County, Massachusetts",250092525021,N,Methuen,1330.000000000000000,834.000000000000000,37.293233080000000,358.000000000000000,3,0.837988850000000,75893.000000000000000,89.936599729999998,0,83527.000000000000000,98.983230590000005, , ,M,Yes,M,1,Minority,1198610.257419999921694,4400.707557720000295
"Block Group 5, Census Tract 8002.01, Hampden County, Massachusetts",250138002015,N,Springfield,1677.000000000000000,649.000000000000000,61.299940370000002,767.000000000000000,17,2.216427560000000,37516.000000000000000,44.458137510000000,0,41571.000000000000000,49.263496400000001,I, ,M,Yes,MI,2,Minority and income,615411.926894000032917,4432.808701519999886
"Block Group 2, Census Tract 8002.01, Hampden County, Massachusetts",250138002012,N,Springfield,1600.000000000000000,726.000000000000000,54.625000000000000,553.000000000000000,0,0.000000000000000,68180.000000000000000,80.796348570000006,0,41571.000000000000000,49.263496400000001, , ,M,Yes,M,1,Minority,1010127.985950000002049,4713.468667420000202
"Block Group 1, Census Tract 8004, Hampden County, Massachusetts",250138004001,N,Springfield,1378.000000000000000,428.000000000000000,68.940493470000007,543.000000000000000,154,28.360958100000001,37583.000000000000000,44.537536619999997,0,41571.000000000000000,49.263496400000001,I,E,M,Yes,MIE,3,"Minority, income and English isolation",370055.407997999980580,2909.171503770000072
"Block Group 1, Census Tract 8005, Hampden County, Massachusetts",250138005001,N,Springfield,1351.000000000000000,255.000000000000000,81.125092519999995,388.000000000000000,130,33.505153659999998,31023.000000000000000,36.763641360000001,0,41571.000000000000000,49.263496400000001,I,E,M,Yes,MIE,3,"Minority, income and English isolation",257315.740361000003759,2201.863398150000194
"Block Group 1, Census Tract 2506, Essex County, Massachusetts",250092506001,N,Lawrence,1593.000000000000000,135.000000000000000,91.525423730000000,513.000000000000000,170,33.138401029999997,52257.000000000000000,61.926883699999998,0,45045.000000000000000,53.380340580000002,I,E,M,Yes,MIE,3,"Minority, income and English isolation",165952.357121000008192,2062.696728460000031
"Block Group 3, Census Tract 2506, Essex County, Massachusetts",250092506003,N,Lawrence,1524.000000000000000,97.000000000000000,93.635170599999995,408.000000000000000,221,54.166667940000004,40243.000000000000000,47.689754489999999,0,45045.000000000000000,53.380340580000002,I,E,M,Yes,MIE,3,"Minority, income and English isolation",115924.741102999993018,1513.939653299999918
"Block Group 4, Census Tract 2506, Essex County, Massachusetts",250092506004,N,Lawrence,1708.000000000000000,183.000000000000000,89.285714290000001,361.000000000000000,130,36.011081699999998,66625.000000000000000,78.953605650000000,0,45045.000000000000000,53.380340580000002, ,E,M,Yes,ME,2,Minority and English isolation,212405.647682999988319,2048.552153680000174
"Block Group 1, Census Tract 2507, Essex County, Massachusetts",250092507001,N,Lawrence,2498.000000000000000,174.000000000000000,93.034427539999996,619.000000000000000,145,23.424879069999999,48936.000000000000000,57.991348270000003,0,45045.000000000000000,53.380340580000002,I, ,M,Yes,MI,2,Minority and income,366411.956573000003118,3621.610789100000147
"Block Group 1, Census Tract 411, Franklin County, Massachusetts",250110411001,N,Greenfield,805.000000000000000,735.000000000000000,8.695652170000001,418.000000000000000,10,2.392344470000000,52315.000000000000000,61.995616910000003,0,46250.000000000000000,54.808319089999998,I, , ,Yes,I,1,Income,1531077.210819999920204,6233.847023729999819
"Block Group 1, Census Tract 413.01, Franklin County, Massachusetts",250110413011,N,Greenfield,855.000000000000000,672.000000000000000,21.403508769999998,571.000000000000000,22,3.852889780000000,40204.000000000000000,47.643539429999997,0,46250.000000000000000,54.808319089999998,I, , ,Yes,I,1,Income,342190.964550999982748,2899.553462459999992
"Block Group 2, Census Tract 413.01, Franklin County, Massachusetts",250110413012,N,Greenfield,915.000000000000000,728.000000000000000,20.437158470000000,458.000000000000000,19,4.148471830000000,44091.000000000000000,52.249809270000000,0,46250.000000000000000,54.808319089999998,I, , ,Yes,I,1,Income,322375.563146999978926,2699.319396030000007
"Block Group 4, Census Tract 2525.02, Essex County, Massachusetts",250092525024,N,Methuen,1009.000000000000000,603.000000000000000,40.237859270000001,409.000000000000000,65,15.892420769999999,44449.000000000000000,52.674053190000002,0,83527.000000000000000,98.983230590000005,I, ,M,Yes,MI,2,Minority and income,642581.355839999974705,4253.366534390000197
"Block Group 2, Census Tract 2532.02, Essex County, Massachusetts",250092532022,N,North Andover,2855.000000000000000,1904.000000000000000,33.309982490000003,924.000000000000000,51,5.519480710000000,82421.000000000000000,97.672569269999997,0,113916.000000000000000,134.995559689999993, , ,M,Yes,M,1,Minority,1172951.944570000050589,4611.178974919999746
"Block Group 3, Census Tract 8005, Hampden County, Massachusetts",250138005003,N,Springfield,1061.000000000000000,467.000000000000000,55.984919890000000,507.000000000000000,0,0.000000000000000,85550.000000000000000,101.380577090000003,0,41571.000000000000000,49.263496400000001, , ,M,Yes,M,1,Minority,1121549.534819999942556,4445.998608079999940
"Block Group 1, Census Tract 8006, Hampden County, Massachusetts",250138006001,N,Springfield,788.000000000000000,58.000000000000000,92.639593910000002,272.000000000000000,105,38.602939610000000,16667.000000000000000,19.751140589999999,0,41571.000000000000000,49.263496400000001,I,E,M,Yes,MIE,3,"Minority, income and English isolation",295871.077726999996230,3157.666273480000200
"Block Group 2, Census Tract 8006, Hampden County, Massachusetts",250138006002,N,Springfield,1008.000000000000000,33.000000000000000,96.726190480000000,234.000000000000000,60,25.641025540000001,16818.000000000000000,19.930082320000000,0,41571.000000000000000,49.263496400000001,I,E,M,Yes,MIE,3,"Minority, income and English isolation",141792.360434000001987,1583.155148730000064
"Block Group 4, Census Tract 8004, Hampden County, Massachusetts",250138004004,N,Springfield,1117.000000000000000,262.000000000000000,76.544315130000001,472.000000000000000,40,8.474576000000001,50730.000000000000000,60.117321009999998,0,41571.000000000000000,49.263496400000001,I, ,M,Yes,MI,2,Minority and income,366594.994537000020500,3152.789466799999900
"Block Group 2, Census Tract 2507, Essex County, Massachusetts",250092507002,N,Lawrence,1283.000000000000000,92.000000000000000,92.829306310000007,476.000000000000000,126,26.470588679999999,65510.000000000000000,77.632278439999993,0,45045.000000000000000,53.380340580000002, ,E,M,Yes,ME,2,Minority and English isolation,116805.934011000004830,1898.542248550000068
"Block Group 3, Census Tract 2507, Essex County, Massachusetts",250092507003,N,Lawrence,1793.000000000000000,103.000000000000000,94.255437810000004,363.000000000000000,183,50.413223270000003,77946.000000000000000,92.369499210000001,0,45045.000000000000000,53.380340580000002, ,E,M,Yes,ME,2,Minority and English isolation,157879.655014999996638,2333.059093339999890
"Block Group 2, Census Tract 2508, Essex County, Massachusetts",250092508002,N,Lawrence,2020.000000000000000,244.000000000000000,87.920792079999998,390.000000000000000,55,14.102563860000000,59259.000000000000000,70.224563599999996,0,45045.000000000000000,53.380340580000002, , ,M,Yes,M,1,Minority,310406.051679999975022,3148.195709799999804
"Block Group 3, Census Tract 413.01, Franklin County, Massachusetts",250110413013,N,Greenfield,817.000000000000000,674.000000000000000,17.503059980000000,388.000000000000000,0,0.000000000000000,43472.000000000000000,51.516265869999998,0,46250.000000000000000,54.808319089999998,I, , ,Yes,I,1,Income,509495.434696000011172,3448.778080730000056
"Block Group 1, Census Tract 413.02, Franklin County, Massachusetts",250110413021,N,Greenfield,963.000000000000000,823.000000000000000,14.537902389999999,704.000000000000000,0,0.000000000000000,21792.000000000000000,25.824495320000000,0,46250.000000000000000,54.808319089999998,I, , ,Yes,I,1,Income,417717.669984999985900,2718.500794250000126
"Block Group 2, Census Tract 413.02, Franklin County, Massachusetts",250110413022,N,Greenfield,1053.000000000000000,887.000000000000000,15.764482429999999,523.000000000000000,13,2.485659600000000,41146.000000000000000,48.759849549999998,0,46250.000000000000000,54.808319089999998,I, , ,Yes,I,1,Income,793583.431652999948710,5142.951165530000253
"Block Group 1, Census Tract 2526.01, Essex County, Massachusetts",250092526011,N,Methuen,2118.000000000000000,1438.000000000000000,32.105760150000002,1036.000000000000000,113,10.907336239999999,67013.000000000000000,79.413406370000004,0,83527.000000000000000,98.983230590000005, , ,M,Yes,M,1,Minority,1663298.142569999909028,6552.331579409999904
"Block Group 2, Census Tract 2526.01, Essex County, Massachusetts",250092526012,N,Methuen,1399.000000000000000,1001.000000000000000,28.448892069999999,372.000000000000000,0,0.000000000000000,99826.000000000000000,118.298278809999999,0,83527.000000000000000,98.983230590000005, , ,M,Yes,M,1,Minority,1339710.789090000092983,5804.586956250000185
"Block Group 2, Census Tract 8008, Hampden County, Massachusetts",250138008002,N,Springfield,768.000000000000000,30.000000000000000,96.093750000000000,184.000000000000000,52,28.260869979999999,14634.000000000000000,17.341943740000001,0,41571.000000000000000,49.263496400000001,I,E,M,Yes,MIE,3,"Minority, income and English isolation",943913.460114000015892,4507.610590229999616
"Block Group 1, Census Tract 8016.03, Hampden County, Massachusetts",250138016031,N,Springfield,1488.000000000000000,526.000000000000000,64.650537630000002,531.000000000000000,0,0.000000000000000,82989.000000000000000,98.345680239999993,0,41571.000000000000000,49.263496400000001, , ,M,Yes,M,1,Minority,1142807.588900000089779,5811.621612889999597
"Block Group 2, Census Tract 8009, Hampden County, Massachusetts",250138009002,N,Springfield,1377.000000000000000,153.000000000000000,88.888888890000004,803.000000000000000,326,40.597759250000003,16634.000000000000000,19.712034230000000,0,41571.000000000000000,49.263496400000001,I,E,M,Yes,MIE,3,"Minority, income and English isolation",213911.783804000006057,1993.125643739999987
"Block Group 1, Census Tract 2508, Essex County, Massachusetts",250092508001,N,Lawrence,1983.000000000000000,298.000000000000000,84.972264249999995,404.000000000000000,27,6.683168410000000,46625.000000000000000,55.252712250000002,0,45045.000000000000000,53.380340580000002,I, ,M,Yes,MI,2,Minority and income,281264.568108999985270,2731.953438189999815
"Block Group 4, Census Tract 2508, Essex County, Massachusetts",250092508004,N,Lawrence,1237.000000000000000,158.000000000000000,87.227162489999998,392.000000000000000,25,6.377551080000000,46700.000000000000000,55.341590879999998,0,45045.000000000000000,53.380340580000002,I, ,M,Yes,MI,2,Minority and income,263494.509068000013940,2402.430147590000161
"Block Group 5, Census Tract 2508, Essex County, Massachusetts",250092508005,N,Lawrence,1270.000000000000000,321.000000000000000,74.724409449999996,459.000000000000000,211,45.969497680000003,52386.000000000000000,62.079753879999998,0,45045.000000000000000,53.380340580000002,I,E,M,Yes,MIE,3,"Minority, income and English isolation",221701.137852999992901,1888.381381070000089
"Block Group 1, Census Tract 2509, Essex County, Massachusetts",250092509001,N,Lawrence,1150.000000000000000,24.000000000000000,97.913043479999999,389.000000000000000,185,47.557842250000000,34375.000000000000000,40.735912319999997,0,45045.000000000000000,53.380340580000002,I,E,M,Yes,MIE,3,"Minority, income and English isolation",79513.608223100003670,1227.679498579999972
"Block Group 1, Census Tract 414, Franklin County, Massachusetts",250110414001,N,Greenfield,1513.000000000000000,910.000000000000000,39.854593520000002,411.000000000000000,12,2.919708010000000,24688.000000000000000,29.256383899999999,0,46250.000000000000000,54.808319089999998,I, ,M,Yes,MI,2,Minority and income,1269593.586859999923036,5724.344941430000290
"Block Group 2, Census Tract 414, Franklin County, Massachusetts",250110414002,N,Greenfield,1429.000000000000000,1074.000000000000000,24.842547239999998,667.000000000000000,60,8.995502470000000,47404.000000000000000,56.175861359999999,0,46250.000000000000000,54.808319089999998,I, ,M,Yes,MI,2,Minority and income,3448634.444110000040382,8857.712037190000046
"Block Group 3, Census Tract 8001.01, Hampden County, Massachusetts",250138001013,N,Springfield,1467.000000000000000,651.000000000000000,55.623721879999998,642.000000000000000,11,1.713395600000000,53238.000000000000000,63.089412690000003,0,41571.000000000000000,49.263496400000001,I, ,M,Yes,MI,2,Minority and income,1275499.222920000087470,5094.637184879999950
"Block Group 4, Census Tract 2526.01, Essex County, Massachusetts",250092526014,N,Methuen,1486.000000000000000,1044.000000000000000,29.744279949999999,556.000000000000000,7,1.258992790000000,90000.000000000000000,106.654029850000001,0,83527.000000000000000,98.983230590000005, , ,M,Yes,M,1,Minority,972867.952110999962315,4564.510091580000335
"Block Group 3, Census Tract 2526.01, Essex County, Massachusetts",250092526013,N,Methuen,2397.000000000000000,1420.000000000000000,40.759282440000000,718.000000000000000,34,4.735375880000000,95200.000000000000000,112.816261290000000,0,83527.000000000000000,98.983230590000005, , ,M,Yes,M,1,Minority,1645636.479999999981374,8289.879034609999508
"Block Group 1, Census Tract 2526.03, Essex County, Massachusetts",250092526031,N,Methuen,787.000000000000000,540.000000000000000,31.385006350000001,245.000000000000000,0,0.000000000000000,111506.000000000000000,132.139602660000008,0,83527.000000000000000,98.983230590000005, , ,M,Yes,M,1,Minority,1613573.933250000001863,7630.190024649999941
"Block Group 2, Census Tract 8013, Hampden County, Massachusetts",250138013002,N,Springfield,1195.000000000000000,77.000000000000000,93.556485359999996,340.000000000000000,53,15.588234900000000,20595.000000000000000,24.405996320000000,0,41571.000000000000000,49.263496400000001,I, ,M,Yes,MI,2,Minority and income,253819.041975000000093,2256.497170029999779
"Block Group 1, Census Tract 8014.01, Hampden County, Massachusetts",250138014011,N,Springfield,2010.000000000000000,70.000000000000000,96.517412940000000,477.000000000000000,57,11.949685100000000,20542.000000000000000,24.343189240000001,0,41571.000000000000000,49.263496400000001,I, ,M,Yes,MI,2,Minority and income,2675163.502450000029057,9044.523830149999412
"Block Group 1, Census Tract 8014.02, Hampden County, Massachusetts",250138014021,N,Springfield,1066.000000000000000,160.000000000000000,84.990619140000007,385.000000000000000,10,2.597402570000000,48385.000000000000000,57.338390349999997,0,41571.000000000000000,49.263496400000001,I, ,M,Yes,MI,2,Minority and income,383696.030830000003334,3306.139370620000136
"Block Group 1, Census Tract 2510, Essex County, Massachusetts",250092510001,N,Lawrence,1895.000000000000000,127.000000000000000,93.298153029999995,526.000000000000000,169,32.129276279999999,52353.000000000000000,62.040645599999998,0,45045.000000000000000,53.380340580000002,I,E,M,Yes,MIE,3,"Minority, income and English isolation",330395.625610999995843,2545.966885780000212
"Block Group 1, Census Tract 2511, Essex County, Massachusetts",250092511001,N,Lawrence,1381.000000000000000,370.000000000000000,73.207820420000004,841.000000000000000,358,42.568370819999998,13363.000000000000000,15.835752490000001,0,45045.000000000000000,53.380340580000002,I,E,M,Yes,MIE,3,"Minority, income and English isolation",164274.855993000004673,1796.574939220000033
"Block Group 4, Census Tract 2515, Essex County, Massachusetts",250092515004,N,Lawrence,1280.000000000000000,199.000000000000000,84.453125000000000,291.000000000000000,0,0.000000000000000,72083.000000000000000,85.421577450000001,0,45045.000000000000000,53.380340580000002, , ,M,Yes,M,1,Minority,199261.290723999991314,1964.271467239999993
"Block Group 5, Census Tract 2515, Essex County, Massachusetts",250092515005,N,Lawrence,1629.000000000000000,141.000000000000000,91.344383059999998,580.000000000000000,200,34.482757569999997,47045.000000000000000,55.750431059999997,0,45045.000000000000000,53.380340580000002,I,E,M,Yes,MIE,3,"Minority, income and English isolation",1588153.733169999904931,6719.353170669999599
"Block Group 2, Census Tract 8001.02, Hampden County, Massachusetts",250138001022,N,Springfield,984.000000000000000,222.000000000000000,77.439024390000000,372.000000000000000,88,23.655914310000000,36944.000000000000000,43.780292510000002,0,41571.000000000000000,49.263496400000001,I, ,M,Yes,MI,2,Minority and income,559537.311253000050783,5533.947699139999713
"Block Group 1, Census Tract 8002.02, Hampden County, Massachusetts",250138002021,N,Springfield,1435.000000000000000,605.000000000000000,57.839721249999997,562.000000000000000,38,6.761565690000000,50000.000000000000000,59.252235409999997,0,41571.000000000000000,49.263496400000001,I, ,M,Yes,MI,2,Minority and income,5821730.994350000284612,11560.304785800000900
"Block Group 1, Census Tract 8003, Hampden County, Massachusetts",250138003001,N,Springfield,1646.000000000000000,405.000000000000000,75.394896720000006,489.000000000000000,70,14.314928050000001,81908.000000000000000,97.064643860000004,0,41571.000000000000000,49.263496400000001, , ,M,Yes,M,1,Minority,1218847.808789999922737,5052.052133709999907
"Block Group 3, Census Tract 8003, Hampden County, Massachusetts",250138003003,N,Springfield,1143.000000000000000,284.000000000000000,75.153105859999997,279.000000000000000,24,8.602150920000000,85469.000000000000000,101.284591669999998,0,41571.000000000000000,49.263496400000001, , ,M,Yes,M,1,Minority,289734.973893999995198,2390.730137680000098
"Block Group 4, Census Tract 2531, Essex County, Massachusetts",250092531004,N,North Andover,1907.000000000000000,1420.000000000000000,25.537493449999999,769.000000000000000,17,2.210663080000000,93942.000000000000000,111.325469970000000,0,113916.000000000000000,134.995559689999993, , ,M,Yes,M,1,Minority,703069.413783999974839,4386.481332669999574
"Block Group 3, Census Tract 2532.02, Essex County, Massachusetts",250092532023,N,North Andover,1013.000000000000000,701.000000000000000,30.799605130000000,365.000000000000000,0,0.000000000000000,120197.000000000000000,142.438827510000010,0,113916.000000000000000,134.995559689999993, , ,M,Yes,M,1,Minority,852921.114901999942958,5977.661294329999691
"Block Group 4, Census Tract 2532.02, Essex County, Massachusetts",250092532024,N,North Andover,2264.000000000000000,1667.000000000000000,26.369257950000002,1309.000000000000000,103,7.868601800000000,64144.000000000000000,76.013511660000006,0,113916.000000000000000,134.995559689999993, , ,M,Yes,M,1,Minority,1124285.448270000051707,5178.220844749999742
"Block Group 1, Census Tract 8020, Hampden County, Massachusetts",250138020001,N,Springfield,731.000000000000000,35.000000000000000,95.212038300000003,357.000000000000000,96,26.890756610000000,23533.000000000000000,27.887657170000001,0,41571.000000000000000,49.263496400000001,I,E,M,Yes,MIE,3,"Minority, income and English isolation",65379.881058200000552,1645.436779840000099
"Block Group 2, Census Tract 8020, Hampden County, Massachusetts",250138020002,N,Springfield,1291.000000000000000,170.000000000000000,86.831913249999999,700.000000000000000,216,30.857143400000002,17019.000000000000000,20.168275829999999,0,41571.000000000000000,49.263496400000001,I,E,M,Yes,MIE,3,"Minority, income and English isolation",322705.571574000001419,2592.324323379999896
"Block Group 3, Census Tract 8020, Hampden County, Massachusetts",250138020003,N,Springfield,714.000000000000000,67.000000000000000,90.616246500000003,201.000000000000000,51,25.373134610000001,19627.000000000000000,23.258872990000000,0,41571.000000000000000,49.263496400000001,I,E,M,Yes,MIE,3,"Minority, income and English isolation",740196.238147999974899,5262.810530259999723
"Block Group 1, Census Tract 2516, Essex County, Massachusetts",250092516001,N,Lawrence,1508.000000000000000,386.000000000000000,74.403183020000000,472.000000000000000,56,11.864406590000000,68594.000000000000000,81.286956790000005,0,45045.000000000000000,53.380340580000002, , ,M,Yes,M,1,Minority,733620.940364000038244,4063.289407599999777
"Block Group 2, Census Tract 2516, Essex County, Massachusetts",250092516002,N,Lawrence,2301.000000000000000,135.000000000000000,94.132985660000003,763.000000000000000,212,27.785058979999999,71513.000000000000000,84.746101379999999,0,45045.000000000000000,53.380340580000002, ,E,M,Yes,ME,2,Minority and English isolation,184378.193373999994947,1902.721316789999946
"Block Group 3, Census Tract 2516, Essex County, Massachusetts",250092516003,N,Lawrence,2108.000000000000000,170.000000000000000,91.935483869999999,584.000000000000000,283,48.458904269999998,30500.000000000000000,36.143863680000003,0,45045.000000000000000,53.380340580000002,I,E,M,Yes,MIE,3,"Minority, income and English isolation",256915.582429000001866,2087.651919699999780
"Block Group 4, Census Tract 2516, Essex County, Massachusetts",250092516004,N,Lawrence,1247.000000000000000,86.000000000000000,93.103448279999995,343.000000000000000,148,43.148689269999998,41390.000000000000000,49.048999790000003,0,45045.000000000000000,53.380340580000002,I,E,M,Yes,MIE,3,"Minority, income and English isolation",466923.170629000000190,2831.738230569999814
"Block Group 4, Census Tract 8003, Hampden County, Massachusetts",250138003004,N,Springfield,965.000000000000000,381.000000000000000,60.518134719999999,304.000000000000000,37,12.171052930000000,40833.000000000000000,48.388931270000000,0,41571.000000000000000,49.263496400000001,I, ,M,Yes,MI,2,Minority and income,699536.075180000043474,4440.690522320000127
"Block Group 2, Census Tract 8004, Hampden County, Massachusetts",250138004002,N,Springfield,707.000000000000000,124.000000000000000,82.461103249999994,164.000000000000000,58,35.365852359999998,33707.000000000000000,39.944301609999997,0,41571.000000000000000,49.263496400000001,I,E,M,Yes,MIE,3,"Minority, income and English isolation",140158.958370000007562,1523.295615810000072
"Block Group 3, Census Tract 8004, Hampden County, Massachusetts",250138004003,N,Springfield,1622.000000000000000,557.000000000000000,65.659679409999995,447.000000000000000,0,0.000000000000000,81563.000000000000000,96.655807499999995,0,41571.000000000000000,49.263496400000001, , ,M,Yes,M,1,Minority,725528.175416999962181,3933.938466850000168
"Block Group 5, Census Tract 8004, Hampden County, Massachusetts",250138004005,N,Springfield,1808.000000000000000,255.000000000000000,85.896017700000002,671.000000000000000,176,26.229507450000000,39402.000000000000000,46.693134309999998,0,41571.000000000000000,49.263496400000001,I,E,M,Yes,MIE,3,"Minority, income and English isolation",605059.544338000006974,6096.543589869999778
"Block Group 4, Census Tract 2544.02, Essex County, Massachusetts",250092544024,N,Andover,2013.000000000000000,1021.000000000000000,49.279682070000000,798.000000000000000,167,20.927318570000001,181458.000000000000000,215.035842900000006,0,153315.000000000000000,181.685134890000000, , ,M,Yes,M,1,Minority,5141818.767009999603033,11991.439461500000107
"Block Group 2, Census Tract 2601, Essex County, Massachusetts",250092601002,N,Haverhill,1425.000000000000000,701.000000000000000,50.807017539999997,605.000000000000000,76,12.561983110000000,17601.000000000000000,20.857973099999999,0,69237.000000000000000,82.048942569999994,I, ,M,Yes,MI,2,Minority and income,367913.435575000010431,3140.045745970000098
"Block Group 3, Census Tract 2601, Essex County, Massachusetts",250092601003,N,Haverhill,1261.000000000000000,522.000000000000000,58.604282320000003,502.000000000000000,126,25.099601750000001,45625.000000000000000,54.067665099999999,0,69237.000000000000000,82.048942569999994,I,E,M,Yes,MIE,3,"Minority, income and English isolation",214974.778312999987975,2839.813993490000030
"Block Group 2, Census Tract 8015.02, Hampden County, Massachusetts",250138015022,N,Springfield,804.000000000000000,215.000000000000000,73.258706470000007,172.000000000000000,0,0.000000000000000,48750.000000000000000,57.770931240000003,0,41571.000000000000000,49.263496400000001,I, ,M,Yes,MI,2,Minority and income,732864.266299000009894,4836.107197369999994
"Block Group 3, Census Tract 8015.02, Hampden County, Massachusetts",250138015023,N,Springfield,1358.000000000000000,216.000000000000000,84.094256259999995,537.000000000000000,132,24.581005099999999,25377.000000000000000,30.072879790000002,0,41571.000000000000000,49.263496400000001,I,E,M,Yes,MIE,3,"Minority, income and English isolation",650208.263976000016555,4856.817610930000228
"Block Group 1, Census Tract 8015.03, Hampden County, Massachusetts",250138015031,N,Springfield,1224.000000000000000,329.000000000000000,73.120915030000006,398.000000000000000,7,1.758793950000000,42258.000000000000000,50.077621460000003,0,41571.000000000000000,49.263496400000001,I, ,M,Yes,MI,2,Minority and income,1528237.046749999979511,6026.207880590000059
"Block Group 1, Census Tract 2518, Essex County, Massachusetts",250092518001,N,Lawrence,1598.000000000000000,466.000000000000000,70.838548189999997,595.000000000000000,11,1.848739500000000,63735.000000000000000,75.528823849999995,0,45045.000000000000000,53.380340580000002, , ,M,Yes,M,1,Minority,397873.752770000020973,3003.927122380000128
"Block Group 3, Census Tract 2518, Essex County, Massachusetts",250092518003,N,Lawrence,2621.000000000000000,953.000000000000000,63.639832130000002,940.000000000000000,138,14.680850980000001,69423.000000000000000,82.269363400000003,0,45045.000000000000000,53.380340580000002, , ,M,Yes,M,1,Minority,746815.169237999944016,4734.816406429999915
"Block Group 1, Census Tract 2521.01, Essex County, Massachusetts",250092521011,N,Methuen,1531.000000000000000,786.000000000000000,48.661005879999998,522.000000000000000,19,3.639846800000000,72708.000000000000000,86.162231449999993,0,83527.000000000000000,98.983230590000005, , ,M,Yes,M,1,Minority,650650.744522999972105,4033.476467240000147
"Block Group 2, Census Tract 8005, Hampden County, Massachusetts",250138005002,N,Springfield,1129.000000000000000,56.000000000000000,95.039858280000004,284.000000000000000,53,18.661972049999999,61214.000000000000000,72.541328429999993,0,41571.000000000000000,49.263496400000001, , ,M,Yes,M,1,Minority,189058.268106000003172,1703.429857390000052
"Block Group 3, Census Tract 8006, Hampden County, Massachusetts",250138006003,N,Springfield,479.000000000000000,21.000000000000000,95.615866389999994,256.000000000000000,118,46.093750000000000,14189.000000000000000,16.814599990000001,0,41571.000000000000000,49.263496400000001,I,E,M,Yes,MIE,3,"Minority, income and English isolation",425409.167345999972895,3966.090708470000209
"Block Group 1, Census Tract 8007, Hampden County, Massachusetts",250138007001,N,Springfield,1611.000000000000000,56.000000000000000,96.523898200000005,737.000000000000000,264,35.820896150000003,12044.000000000000000,14.272678380000000,0,41571.000000000000000,49.263496400000001,I,E,M,Yes,MIE,3,"Minority, income and English isolation",596251.750004000030458,5373.200160209999922
"Block Group 2, Census Tract 8007, Hampden County, Massachusetts",250138007002,N,Springfield,2291.000000000000000,71.000000000000000,96.900916629999998,907.000000000000000,351,38.699008939999999,32550.000000000000000,38.573207859999997,0,41571.000000000000000,49.263496400000001,I,E,M,Yes,MIE,3,"Minority, income and English isolation",732282.711042999988422,3891.729892400000153
"Block Group 1, Census Tract 2602, Essex County, Massachusetts",250092602001,N,Haverhill,1873.000000000000000,1105.000000000000000,41.003737319999999,700.000000000000000,46,6.571428780000000,47254.000000000000000,55.998104099999999,0,69237.000000000000000,82.048942569999994,I, ,M,Yes,MI,2,Minority and income,341710.478119999985211,2758.862134729999980
"Block Group 2, Census Tract 2602, Essex County, Massachusetts",250092602002,N,Haverhill,1750.000000000000000,1095.000000000000000,37.428571429999998,815.000000000000000,49,6.012269970000000,28594.000000000000000,33.885169980000001,0,69237.000000000000000,82.048942569999994,I, ,M,Yes,MI,2,Minority and income,463018.424613000010140,3071.298838409999917
"Block Group 2, Census Tract 2604.02, Essex County, Massachusetts",250092604022,N,Haverhill,1333.000000000000000,920.000000000000000,30.982745690000002,496.000000000000000,0,0.000000000000000,116818.000000000000000,138.434555050000000,0,69237.000000000000000,82.048942569999994, , ,M,Yes,M,1,Minority,1672355.287040000082925,6782.140374450000309
"Block Group 2, Census Tract 8016.01, Hampden County, Massachusetts",250138016012,N,Springfield,602.000000000000000,282.000000000000000,53.156146180000000,235.000000000000000,9,3.829787250000000,72773.000000000000000,86.239257809999998,0,41571.000000000000000,49.263496400000001, , ,M,Yes,M,1,Minority,1081923.993839999893680,8175.601038660000086
"Block Group 1, Census Tract 8016.02, Hampden County, Massachusetts",250138016021,N,Springfield,2715.000000000000000,937.000000000000000,65.488029470000001,1031.000000000000000,62,6.013578890000000,31369.000000000000000,37.173667909999999,0,41571.000000000000000,49.263496400000001,I, ,M,Yes,MI,2,Minority and income,1499199.416310000000522,6204.172865139999885
"Block Group 2, Census Tract 8016.02, Hampden County, Massachusetts",250138016022,N,Springfield,895.000000000000000,473.000000000000000,47.150837989999999,343.000000000000000,8,2.332361460000000,86406.000000000000000,102.394973750000005,0,41571.000000000000000,49.263496400000001, , ,M,Yes,M,1,Minority,685898.158934999955818,5882.825090010000167
"Block Group 2, Census Tract 2521.01, Essex County, Massachusetts",250092521012,N,Methuen,876.000000000000000,341.000000000000000,61.073059360000002,230.000000000000000,0,0.000000000000000,63788.000000000000000,75.591636660000006,0,83527.000000000000000,98.983230590000005, , ,M,Yes,M,1,Minority,168611.515240000007907,1822.611079849999896
"Block Group 3, Census Tract 2521.01, Essex County, Massachusetts",250092521013,N,Methuen,1707.000000000000000,1117.000000000000000,34.563561800000002,614.000000000000000,19,3.094462630000000,58542.000000000000000,69.374885559999996,0,83527.000000000000000,98.983230590000005, , ,M,Yes,M,1,Minority,1163297.327959999907762,5444.670522979999987
"Block Group 1, Census Tract 8008, Hampden County, Massachusetts",250138008001,N,Springfield,1214.000000000000000,116.000000000000000,90.444810540000006,641.000000000000000,226,35.257411959999999,14391.000000000000000,17.053977969999998,0,41571.000000000000000,49.263496400000001,I,E,M,Yes,MIE,3,"Minority, income and English isolation",177186.663544999988517,1988.261720879999984
"Block Group 1, Census Tract 8009, Hampden County, Massachusetts",250138009001,N,Springfield,1526.000000000000000,126.000000000000000,91.743119269999994,686.000000000000000,247,36.005832669999997,12161.000000000000000,14.411329270000000,0,41571.000000000000000,49.263496400000001,I,E,M,Yes,MIE,3,"Minority, income and English isolation",621387.176330000045709,3460.096299369999997
"Block Group 3, Census Tract 8009, Hampden County, Massachusetts",250138009003,N,Springfield,1322.000000000000000,50.000000000000000,96.217851740000000,378.000000000000000,20,5.291005130000000,41364.000000000000000,49.018192290000002,0,41571.000000000000000,49.263496400000001,I, ,M,Yes,MI,2,Minority and income,414054.748245999973733,3650.885940520000077
"Block Group 1, Census Tract 2606, Essex County, Massachusetts",250092606001,N,Haverhill,1124.000000000000000,789.000000000000000,29.804270460000001,416.000000000000000,0,0.000000000000000,91964.000000000000000,108.981452939999997,0,69237.000000000000000,82.048942569999994, , ,M,Yes,M,1,Minority,1110364.011560000013560,4733.229632550000133
"Block Group 1, Census Tract 2607, Essex County, Massachusetts",250092607001,N,Haverhill,2420.000000000000000,1263.000000000000000,47.809917360000000,994.000000000000000,41,4.124748710000000,58843.000000000000000,69.731590269999998,0,69237.000000000000000,82.048942569999994, , ,M,Yes,M,1,Minority,984057.405108000035398,6641.183604449999621
"Block Group 1, Census Tract 8021.01, Hampden County, Massachusetts",250138021011,N,Springfield,1614.000000000000000,275.000000000000000,82.961586120000007,668.000000000000000,104,15.568861960000000,50638.000000000000000,60.008296970000004,0,41571.000000000000000,49.263496400000001,I, ,M,Yes,MI,2,Minority and income,265936.854180000023916,2612.185590489999868
"Block Group 2, Census Tract 8021.01, Hampden County, Massachusetts",250138021012,N,Springfield,788.000000000000000,316.000000000000000,59.898477159999999,271.000000000000000,17,6.273062710000000,0.000000000000000,0.000000000000000,0,41571.000000000000000,49.263496400000001, , ,M,Yes,M,1,Minority,212106.808767000009539,3004.819952800000010
"Block Group 3, Census Tract 8021.01, Hampden County, Massachusetts",250138021013,N,Springfield,758.000000000000000,257.000000000000000,66.094986809999995,286.000000000000000,14,4.895104890000000,0.000000000000000,0.000000000000000,0,41571.000000000000000,49.263496400000001, , ,M,Yes,M,1,Minority,214288.237888000003295,2283.674964310000178
"Block Group 4, Census Tract 8021.01, Hampden County, Massachusetts",250138021014,N,Springfield,824.000000000000000,481.000000000000000,41.626213589999999,425.000000000000000,42,9.882352830000000,90200.000000000000000,106.891036990000003,0,41571.000000000000000,49.263496400000001, , ,M,Yes,M,1,Minority,227737.349756999989040,2159.744981889999963
"Block Group 2, Census Tract 2522.01, Essex County, Massachusetts",250092522012,N,Methuen,2198.000000000000000,1438.000000000000000,34.576888080000003,767.000000000000000,0,0.000000000000000,59335.000000000000000,70.314628600000006,0,83527.000000000000000,98.983230590000005, , ,M,Yes,M,1,Minority,1706766.539180000079796,5991.859587330000068
"Block Group 2, Census Tract 2523, Essex County, Massachusetts",250092523002,N,Methuen,1214.000000000000000,486.000000000000000,59.967051069999997,287.000000000000000,14,4.878048900000000,51547.000000000000000,61.085502620000000,0,83527.000000000000000,98.983230590000005,I, ,M,Yes,MI,2,Minority and income,292301.510421000013594,2248.891650959999879
"Block Group 3, Census Tract 8013, Hampden County, Massachusetts",250138013003,N,Springfield,1440.000000000000000,240.000000000000000,83.333333330000002,521.000000000000000,97,18.618041989999998,36875.000000000000000,43.698524480000003,0,41571.000000000000000,49.263496400000001,I, ,M,Yes,MI,2,Minority and income,619618.837103000027128,3419.132357779999893
"Block Group 4, Census Tract 8013, Hampden County, Massachusetts",250138013004,N,Springfield,935.000000000000000,175.000000000000000,81.283422459999997,263.000000000000000,22,8.365018839999999,72865.000000000000000,86.348281860000000,0,41571.000000000000000,49.263496400000001, , ,M,Yes,M,1,Minority,533047.174201000016183,4999.589134359999662
"Block Group 2, Census Tract 8014.01, Hampden County, Massachusetts",250138014012,N,Springfield,2259.000000000000000,237.000000000000000,89.508632140000003,630.000000000000000,226,35.873016360000001,39559.000000000000000,46.879184719999998,0,41571.000000000000000,49.263496400000001,I,E,M,Yes,MIE,3,"Minority, income and English isolation",592439.087030000053346,4147.500086899999587
"Block Group 2, Census Tract 2606, Essex County, Massachusetts",250092606002,N,Haverhill,1173.000000000000000,620.000000000000000,47.144075020000002,407.000000000000000,7,1.719901680000000,81406.000000000000000,96.469749449999995,0,69237.000000000000000,82.048942569999994, , ,M,Yes,M,1,Minority,504007.372040999995079,3013.705852439999944
"Block Group 2, Census Tract 2607, Essex County, Massachusetts",250092607002,N,Haverhill,2462.000000000000000,1601.000000000000000,34.971567829999998,767.000000000000000,46,5.997392650000000,106369.000000000000000,126.052024840000001,0,69237.000000000000000,82.048942569999994, , ,M,Yes,M,1,Minority,1590621.192969999974594,5476.403325860000223
"Block Group 2, Census Tract 2608, Essex County, Massachusetts",250092608002,N,Haverhill,3054.000000000000000,1059.000000000000000,65.324165030000003,1191.000000000000000,12,1.007556680000000,56417.000000000000000,66.856666559999994,0,69237.000000000000000,82.048942569999994, , ,M,Yes,M,1,Minority,516871.037283000012394,4226.976176549999764
"Block Group 3, Census Tract 8018, Hampden County, Massachusetts",250138018003,N,Springfield,787.000000000000000,239.000000000000000,69.631512069999999,140.000000000000000,20,14.285714150000000,29659.000000000000000,35.147243500000002,0,41571.000000000000000,49.263496400000001,I, ,M,Yes,MI,2,Minority and income,340211.578540000016801,2934.571376710000095
"Block Group 1, Census Tract 8011.01, Hampden County, Massachusetts",250138011011,N,Springfield,1993.000000000000000,309.000000000000000,84.495735069999995,1075.000000000000000,417,38.790699009999997,13877.000000000000000,16.444866180000002,0,41571.000000000000000,49.263496400000001,I,E,M,Yes,MIE,3,"Minority, income and English isolation",1212814.972809999948367,5088.558290910000323
"Block Group 3, Census Tract 2523, Essex County, Massachusetts",250092523003,N,Methuen,1356.000000000000000,536.000000000000000,60.471976400000003,439.000000000000000,14,3.189066170000000,94375.000000000000000,111.838600159999999,0,83527.000000000000000,98.983230590000005, , ,M,Yes,M,1,Minority,401429.319145000015851,3769.969924699999865
"Block Group 4, Census Tract 2523, Essex County, Massachusetts",250092523004,N,Methuen,787.000000000000000,382.000000000000000,51.461245239999997,279.000000000000000,0,0.000000000000000,131392.000000000000000,155.705398559999992,0,83527.000000000000000,98.983230590000005, , ,M,Yes,M,1,Minority,285494.425669000018388,2419.360404550000112
"Block Group 1, Census Tract 2524, Essex County, Massachusetts",250092524001,N,Methuen,1315.000000000000000,396.000000000000000,69.885931560000003,413.000000000000000,47,11.380145069999999,58631.000000000000000,69.480354309999996,0,83527.000000000000000,98.983230590000005, , ,M,Yes,M,1,Minority,255716.428889000002528,2296.048893889999817
"Block Group 2, Census Tract 2524, Essex County, Massachusetts",250092524002,N,Methuen,1900.000000000000000,175.000000000000000,90.789473680000000,474.000000000000000,89,18.776371000000001,53452.000000000000000,63.343009950000003,0,83527.000000000000000,98.983230590000005,I, ,M,Yes,MI,2,Minority and income,186671.024898000003304,2083.629555559999972
"Block Group 2, Census Tract 8015.03, Hampden County, Massachusetts",250138015032,N,Springfield,2102.000000000000000,701.000000000000000,66.650808749999996,781.000000000000000,128,16.389244080000001,44506.000000000000000,52.741600040000002,0,41571.000000000000000,49.263496400000001,I, ,M,Yes,MI,2,Minority and income,1133793.707290000049397,4942.324963299999581
"Block Group 3, Census Tract 8015.03, Hampden County, Massachusetts",250138015033,N,Springfield,899.000000000000000,236.000000000000000,73.748609569999999,440.000000000000000,0,0.000000000000000,65811.000000000000000,77.988975519999997,0,41571.000000000000000,49.263496400000001, , ,M,Yes,M,1,Minority,860529.561252000043169,4092.811091120000128
"Block Group 4, Census Tract 2609, Essex County, Massachusetts",250092609004,N,Haverhill,2063.000000000000000,1262.000000000000000,38.826951039999997,1091.000000000000000,45,4.124656200000000,45230.000000000000000,53.599575039999998,0,69237.000000000000000,82.048942569999994,I, ,M,Yes,MI,2,Minority and income,1506614.004859999986365,6319.708944619999784
"Block Group 1, Census Tract 2610, Essex County, Massachusetts",250092610001,N,Haverhill,1096.000000000000000,816.000000000000000,25.547445260000000,443.000000000000000,43,9.706545830000000,43750.000000000000000,51.845706939999999,0,69237.000000000000000,82.048942569999994,I, ,M,Yes,MI,2,Minority and income,430836.518648999975994,2779.151032669999950
"Block Group 2, Census Tract 2610, Essex County, Massachusetts",250092610002,N,Haverhill,2070.000000000000000,1343.000000000000000,35.120772950000003,650.000000000000000,16,2.461538550000000,75682.000000000000000,89.686553959999998,0,69237.000000000000000,82.048942569999994, , ,M,Yes,M,1,Minority,598658.659243999980390,3315.340232579999793
"Block Group 3, Census Tract 8016.02, Hampden County, Massachusetts",250138016023,N,Springfield,1414.000000000000000,882.000000000000000,37.623762380000002,336.000000000000000,0,0.000000000000000,69250.000000000000000,82.064346310000005,0,41571.000000000000000,49.263496400000001, , ,M,Yes,M,1,Minority,701835.447076000040397,6583.120250799999667
"Block Group 2, Census Tract 8016.03, Hampden County, Massachusetts",250138016032,N,Springfield,2634.000000000000000,1631.000000000000000,38.078967349999999,1031.000000000000000,21,2.036857370000000,56354.000000000000000,66.782012940000001,0,41571.000000000000000,49.263496400000001, , ,M,Yes,M,1,Minority,2974837.825900000054389,7129.311426360000041
"Block Group 3, Census Tract 8016.05, Hampden County, Massachusetts",250138016053,N,Springfield,1027.000000000000000,563.000000000000000,45.180136320000003,348.000000000000000,14,4.022988320000000,93063.000000000000000,110.283821110000005,0,41571.000000000000000,49.263496400000001, , ,M,Yes,M,1,Minority,2092955.094070000108331,7710.410137259999829
"Block Group 3, Census Tract 2524, Essex County, Massachusetts",250092524003,N,Methuen,1639.000000000000000,261.000000000000000,84.075655889999993,636.000000000000000,159,25.000000000000000,33875.000000000000000,40.143390660000001,0,83527.000000000000000,98.983230590000005,I,E,M,Yes,MIE,3,"Minority, income and English isolation",454183.135049999982584,3620.931766080000216
"Block Group 3, Census Tract 2525.02, Essex County, Massachusetts",250092525023,N,Methuen,925.000000000000000,636.000000000000000,31.243243240000002,375.000000000000000,5,1.333333370000000,133795.000000000000000,158.553054809999992,0,83527.000000000000000,98.983230590000005, , ,M,Yes,M,1,Minority,1565665.497089999960735,5517.646104540000124
"Block Group 3, Census Tract 2526.02, Essex County, Massachusetts",250092526023,N,Methuen,1957.000000000000000,1265.000000000000000,35.360245270000000,547.000000000000000,11,2.010968920000000,115451.000000000000000,136.814605709999995,0,83527.000000000000000,98.983230590000005, , ,M,Yes,M,1,Minority,2520955.384889999870211,7033.396230819999801
"Block Group 2, Census Tract 2526.03, Essex County, Massachusetts",250092526032,N,Methuen,2354.000000000000000,1620.000000000000000,31.180968560000000,767.000000000000000,32,4.172099110000000,106964.000000000000000,126.757125849999994,0,83527.000000000000000,98.983230590000005, , ,M,Yes,M,1,Minority,2322866.708649999927729,7452.553110959999685
"Block Group 1, Census Tract 8016.01, Hampden County, Massachusetts",250138016011,N,Springfield,2316.000000000000000,1592.000000000000000,31.260794470000000,557.000000000000000,0,0.000000000000000,68750.000000000000000,81.471824650000002,0,41571.000000000000000,49.263496400000001, , ,M,Yes,M,1,Minority,1640282.411510000005364,6099.984742220000044
"Block Group 3, Census Tract 8016.01, Hampden County, Massachusetts",250138016013,N,Springfield,1091.000000000000000,449.000000000000000,58.845096239999997,249.000000000000000,0,0.000000000000000,33843.000000000000000,40.105468750000000,0,41571.000000000000000,49.263496400000001,I, ,M,Yes,MI,2,Minority and income,1113988.439610000001267,6496.563979040000049
"Block Group 1, Census Tract 2663, Essex County, Massachusetts",250092663001,N,Amesbury,1766.000000000000000,1578.000000000000000,10.645526609999999,922.000000000000000,78,8.459869380000001,45250.000000000000000,53.623275759999999,0,81027.000000000000000,96.020622250000002,I, , ,Yes,I,1,Income,1351389.201709999935701,6061.226806409999881
"Block Group 2, Census Tract 2664, Essex County, Massachusetts",250092664002,N,Amesbury,935.000000000000000,856.000000000000000,8.449197860000000,599.000000000000000,0,0.000000000000000,40326.000000000000000,47.788112640000001,0,81027.000000000000000,96.020622250000002,I, , ,Yes,I,1,Income,311579.998691999993753,3704.980673370000204
"Block Group 1, Census Tract 2683, Essex County, Massachusetts",250092683001,N,Newburyport,1353.000000000000000,1181.000000000000000,12.712490760000000,708.000000000000000,0,0.000000000000000,48269.000000000000000,57.200923920000001,0,110740.000000000000000,131.231857300000001,I, , ,Yes,I,1,Income,543772.294412999995984,3037.701529240000127
"Block Group 3, Census Tract 2683, Essex County, Massachusetts",250092683003,N,Newburyport,860.000000000000000,822.000000000000000,4.418604650000000,392.000000000000000,0,0.000000000000000,54000.000000000000000,63.992416380000002,0,110740.000000000000000,131.231857300000001,I, , ,Yes,I,1,Income,521628.262066999974195,3354.652937549999933
"Block Group 4, Census Tract 401, Franklin County, Massachusetts",250110401004,Y,Hawley,933.000000000000000,843.000000000000000,9.646302250000000,401.000000000000000,0,0.000000000000000,53229.000000000000000,63.078746799999998,0,62417.000000000000000,73.966934199999997,I, , ,Yes,I,1,Income,79028295.298700004816055,36508.536249299999326
"Block Group 3, Census Tract 415.02, Franklin County, Massachusetts",250110415023,N,Buckland,892.000000000000000,812.000000000000000,8.968609870000000,500.000000000000000,0,0.000000000000000,44063.000000000000000,52.216625209999997,0,62643.000000000000000,74.234756469999994,I, , ,Yes,I,1,Income,5751114.620229999534786,13961.143809400000464
"Block Group 2, Census Tract 8014.02, Hampden County, Massachusetts",250138014022,N,Springfield,1079.000000000000000,239.000000000000000,77.849860980000003,391.000000000000000,82,20.971866609999999,36607.000000000000000,43.380931850000003,0,41571.000000000000000,49.263496400000001,I, ,M,Yes,MI,2,Minority and income,641164.360649000038393,4045.526526090000061
"Block Group 2, Census Tract 8017, Hampden County, Massachusetts",250138017002,N,Springfield,1394.000000000000000,219.000000000000000,84.289813490000000,369.000000000000000,7,1.897019030000000,33958.000000000000000,40.241748809999997,0,41571.000000000000000,49.263496400000001,I, ,M,Yes,MI,2,Minority and income,220339.689108999999007,2332.178905450000002
"Block Group 1, Census Tract 8015.01, Hampden County, Massachusetts",250138015011,N,Springfield,2208.000000000000000,629.000000000000000,71.512681160000000,1048.000000000000000,16,1.526717540000000,32088.000000000000000,38.025714870000002,0,41571.000000000000000,49.263496400000001,I, ,M,Yes,MI,2,Minority and income,805436.924283999949694,4127.942373529999713
"Block Group 5, Census Tract 2531, Essex County, Massachusetts",250092531005,N,North Andover,780.000000000000000,532.000000000000000,31.794871789999998,277.000000000000000,0,0.000000000000000,102729.000000000000000,121.738464359999995,0,113916.000000000000000,134.995559689999993, , ,M,Yes,M,1,Minority,347423.765358000004198,2753.927005600000030
"Block Group 1, Census Tract 2532.04, Essex County, Massachusetts",250092532041,N,North Andover,1332.000000000000000,932.000000000000000,30.030030029999999,388.000000000000000,3,0.773195860000000,112222.000000000000000,132.988082889999987,0,113916.000000000000000,134.995559689999993, , ,M,Yes,M,1,Minority,7430895.827689999714494,10851.722787599999720
"Block Group 4, Census Tract 8016.01, Hampden County, Massachusetts",250138016014,N,Springfield,950.000000000000000,356.000000000000000,62.526315789999998,543.000000000000000,0,0.000000000000000,45379.000000000000000,53.776145939999999,0,41571.000000000000000,49.263496400000001,I, ,M,Yes,MI,2,Minority and income,766162.379560000030324,4896.400575519999620
"Block Group 2, Census Tract 8016.04, Hampden County, Massachusetts",250138016042,N,Springfield,1031.000000000000000,709.000000000000000,31.231813769999999,431.000000000000000,0,0.000000000000000,59886.000000000000000,70.967590329999993,0,41571.000000000000000,49.263496400000001, , ,M,Yes,M,1,Minority,2690874.969260000158101,10463.625453099999504
"Block Group 1, Census Tract 8016.05, Hampden County, Massachusetts",250138016051,N,Springfield,2904.000000000000000,944.000000000000000,67.493112949999997,1065.000000000000000,73,6.854460240000000,39702.000000000000000,47.048645020000002,0,41571.000000000000000,49.263496400000001,I, ,M,Yes,MI,2,Minority and income,1566934.649260000092909,7269.571031210000001
"Block Group 1, Census Tract 8017, Hampden County, Massachusetts",250138017001,N,Springfield,960.000000000000000,39.000000000000000,95.937500000000000,285.000000000000000,28,9.824561120000000,25956.000000000000000,30.759021760000000,0,41571.000000000000000,49.263496400000001,I, ,M,Yes,MI,2,Minority and income,151597.065609999990556,2301.086997379999957
"Block Group 3, Census Tract 8017, Hampden County, Massachusetts",250138017003,N,Springfield,1294.000000000000000,112.000000000000000,91.344667700000002,430.000000000000000,79,18.372093199999998,35833.000000000000000,42.463706969999997,0,41571.000000000000000,49.263496400000001,I, ,M,Yes,MI,2,Minority and income,225635.117227999988245,2114.591727340000034
"Block Group 4, Census Tract 415.02, Franklin County, Massachusetts",250110415024,N,Shelburne,828.000000000000000,750.000000000000000,9.420289860000000,335.000000000000000,16,4.776119230000000,49063.000000000000000,58.141849520000001,0,65821.000000000000000,78.000831599999998,I, , ,Yes,I,1,Income,1938285.004590000025928,6653.667284490000384
"Block Group 4, Census Tract 405.01, Franklin County, Massachusetts",250110405014,N,Orange,1359.000000000000000,1185.000000000000000,12.803532010000000,592.000000000000000,0,0.000000000000000,53929.000000000000000,63.908279420000000,0,54113.000000000000000,64.126327509999996,I, , ,Yes,I,1,Income,4291579.011070000007749,9718.557378699999390
"Block Group 1, Census Tract 407.01, Franklin County, Massachusetts",250110407011,N,Montague,998.000000000000000,814.000000000000000,18.436873750000000,325.000000000000000,0,0.000000000000000,40491.000000000000000,47.983646389999997,0,59364.000000000000000,70.348999019999994,I, , ,Yes,I,1,Income,2465234.888979999814183,8618.846230979999746
"Block Group 2, Census Tract 8019.01, Hampden County, Massachusetts",250138019012,N,Springfield,2791.000000000000000,221.000000000000000,92.081691149999997,998.000000000000000,132,13.226452829999999,26827.000000000000000,31.791194919999999,0,41571.000000000000000,49.263496400000001,I, ,M,Yes,MI,2,Minority and income,632358.283200999954715,3806.247225030000209
"Block Group 1, Census Tract 8011.02, Hampden County, Massachusetts",250138011021,N,Springfield,783.000000000000000,269.000000000000000,65.644955300000007,361.000000000000000,50,13.850415229999999,44205.000000000000000,52.384902949999997,0,41571.000000000000000,49.263496400000001,I, ,M,Yes,MI,2,Minority and income,199371.659798000007868,1941.221870179999996
"Block Group 2, Census Tract 8011.02, Hampden County, Massachusetts",250138011022,N,Springfield,372.000000000000000,97.000000000000000,73.924731179999995,255.000000000000000,151,59.215686800000000,13250.000000000000000,15.701842310000000,0,41571.000000000000000,49.263496400000001,I,E,M,Yes,MIE,3,"Minority, income and English isolation",254101.706130000005942,2477.356502139999975
"Block Group 2, Census Tract 2532.04, Essex County, Massachusetts",250092532042,N,North Andover,992.000000000000000,660.000000000000000,33.467741940000003,460.000000000000000,0,0.000000000000000,150217.000000000000000,178.013870239999989,0,113916.000000000000000,134.995559689999993, , ,M,Yes,M,1,Minority,4176452.215179999824613,11096.536069100000532
"Block Group 1, Census Tract 2601, Essex County, Massachusetts",250092601001,N,Haverhill,2284.000000000000000,799.000000000000000,65.017513129999998,758.000000000000000,108,14.248021130000000,38224.000000000000000,45.297149660000002,0,69237.000000000000000,82.048942569999994,I, ,M,Yes,MI,2,Minority and income,256132.110994999995455,2072.124538839999786
"Block Group 4, Census Tract 2601, Essex County, Massachusetts",250092601004,N,Haverhill,1179.000000000000000,689.000000000000000,41.560644609999997,480.000000000000000,0,0.000000000000000,70347.000000000000000,83.364341740000000,0,69237.000000000000000,82.048942569999994, , ,M,Yes,M,1,Minority,116592.272853999995277,1671.090185830000109
"Block Group 4, Census Tract 8017, Hampden County, Massachusetts",250138017004,N,Springfield,947.000000000000000,63.000000000000000,93.347412879999993,291.000000000000000,70,24.054983140000001,39483.000000000000000,46.789119720000002,0,41571.000000000000000,49.263496400000001,I, ,M,Yes,MI,2,Minority and income,197565.772135000006529,2241.371503200000006
"Block Group 5, Census Tract 8017, Hampden County, Massachusetts",250138017005,N,Springfield,1912.000000000000000,1432.000000000000000,25.104602509999999,39.000000000000000,0,0.000000000000000,44028.000000000000000,52.175148010000001,0,41571.000000000000000,49.263496400000001,I, ,M,Yes,MI,2,Minority and income,541842.923165000043809,3203.858246050000162
"Block Group 6, Census Tract 8017, Hampden County, Massachusetts",250138017006,N,Springfield,1338.000000000000000,333.000000000000000,75.112107620000003,329.000000000000000,21,6.382978920000000,40114.000000000000000,47.536884309999998,0,41571.000000000000000,49.263496400000001,I, ,M,Yes,MI,2,Minority and income,570687.149618000024930,3682.811141090000092
"Block Group 2, Census Tract 8018, Hampden County, Massachusetts",250138018002,N,Springfield,1135.000000000000000,34.000000000000000,97.004405289999994,393.000000000000000,21,5.343511580000000,33812.000000000000000,40.068733219999999,0,41571.000000000000000,49.263496400000001,I, ,M,Yes,MI,2,Minority and income,216013.540899000014178,2003.444961079999985
"Block Group 4, Census Tract 8018, Hampden County, Massachusetts",250138018004,N,Springfield,725.000000000000000,33.000000000000000,95.448275859999995,249.000000000000000,88,35.341365809999999,14484.000000000000000,17.164188390000000,0,41571.000000000000000,49.263496400000001,I,E,M,Yes,MIE,3,"Minority, income and English isolation",197862.252834999992047,2240.426853510000001
"Block Group 2, Census Tract 407.01, Franklin County, Massachusetts",250110407012,N,Montague,1282.000000000000000,986.000000000000000,23.088923560000001,548.000000000000000,8,1.459854010000000,25339.000000000000000,30.027849199999999,0,59364.000000000000000,70.348999019999994,I, , ,Yes,I,1,Income,476971.785381000023335,4536.820688419999897
"Block Group 4, Census Tract 407.01, Franklin County, Massachusetts",250110407014,N,Montague,871.000000000000000,734.000000000000000,15.729047070000000,453.000000000000000,0,0.000000000000000,54696.000000000000000,64.817207339999996,0,59364.000000000000000,70.348999019999994,I, , ,Yes,I,1,Income,1588604.731619999976829,7963.717541199999687
"Block Group 1, Census Tract 407.02, Franklin County, Massachusetts",250110407021,N,Montague,885.000000000000000,824.000000000000000,6.892655370000000,432.000000000000000,8,1.851851820000000,40000.000000000000000,47.401790620000000,0,59364.000000000000000,70.348999019999994,I, , ,Yes,I,1,Income,881875.793426000047475,4780.883783440000116
"Block Group 1, Census Tract 8016.04, Hampden County, Massachusetts",250138016041,N,Springfield,2692.000000000000000,1715.000000000000000,36.292719169999998,1044.000000000000000,0,0.000000000000000,76845.000000000000000,91.064765929999993,0,41571.000000000000000,49.263496400000001, , ,M,Yes,M,1,Minority,2592690.323880000039935,8505.762748889999784
"Block Group 2, Census Tract 8016.05, Hampden County, Massachusetts",250138016052,N,Springfield,635.000000000000000,368.000000000000000,42.047244090000000,304.000000000000000,0,0.000000000000000,116875.000000000000000,138.502105709999995,0,41571.000000000000000,49.263496400000001, , ,M,Yes,M,1,Minority,626101.904209999949671,4660.264552440000443
"Block Group 1, Census Tract 8018, Hampden County, Massachusetts",250138018001,N,Springfield,828.000000000000000,49.000000000000000,94.082125599999998,247.000000000000000,35,14.170040130000000,11948.000000000000000,14.158914570000000,0,41571.000000000000000,49.263496400000001,I, ,M,Yes,MI,2,Minority and income,380798.533886999997776,4048.411882779999814
"Block Group 5, Census Tract 8018, Hampden County, Massachusetts",250138018005,N,Springfield,876.000000000000000,57.000000000000000,93.493150679999999,169.000000000000000,0,0.000000000000000,30195.000000000000000,35.782424929999998,0,41571.000000000000000,49.263496400000001,I, ,M,Yes,MI,2,Minority and income,198068.182112999988021,1783.551764970000022
"Block Group 1, Census Tract 8019.02, Hampden County, Massachusetts",250138019021,N,Springfield,1759.000000000000000,281.000000000000000,84.025014209999995,862.000000000000000,377,43.735500340000002,21304.000000000000000,25.246192929999999,0,41571.000000000000000,49.263496400000001,I,E,M,Yes,MIE,3,"Minority, income and English isolation",265910.708171000005677,2511.799151379999785
"Block Group 2, Census Tract 8019.02, Hampden County, Massachusetts",250138019022,N,Springfield,1130.000000000000000,195.000000000000000,82.743362829999995,469.000000000000000,92,19.616205220000001,24037.000000000000000,28.484920500000001,0,41571.000000000000000,49.263496400000001,I, ,M,Yes,MI,2,Minority and income,402842.315396999998484,2927.635143250000056
"Block Group 3, Census Tract 2604.02, Essex County, Massachusetts",250092604023,N,Haverhill,831.000000000000000,361.000000000000000,56.558363419999999,188.000000000000000,0,0.000000000000000,77647.000000000000000,92.015167239999997,0,69237.000000000000000,82.048942569999994, , ,M,Yes,M,1,Minority,1238419.493289999896660,4798.628156970000418
"Block Group 3, Census Tract 2605, Essex County, Massachusetts",250092605003,N,Haverhill,1297.000000000000000,941.000000000000000,27.447956820000002,448.000000000000000,0,0.000000000000000,62885.000000000000000,74.521537780000003,0,69237.000000000000000,82.048942569999994, , ,M,Yes,M,1,Minority,448076.144476999994367,3256.191223029999946
"Block Group 3, Census Tract 2606, Essex County, Massachusetts",250092606003,N,Haverhill,1405.000000000000000,462.000000000000000,67.117437719999998,584.000000000000000,37,6.335616590000000,57474.000000000000000,68.109260559999996,0,69237.000000000000000,82.048942569999994, , ,M,Yes,M,1,Minority,275454.123305000015534,2435.030936010000005
"Block Group 1, Census Tract 8019.01, Hampden County, Massachusetts",250138019011,N,Springfield,1163.000000000000000,124.000000000000000,89.337919170000006,316.000000000000000,10,3.164556980000000,20652.000000000000000,24.473543169999999,0,41571.000000000000000,49.263496400000001,I, ,M,Yes,MI,2,Minority and income,203521.162609999999404,2760.907330900000034
"Block Group 3, Census Tract 8019.02, Hampden County, Massachusetts",250138019023,N,Springfield,667.000000000000000,59.000000000000000,91.154422789999998,316.000000000000000,98,31.012659070000002,21331.000000000000000,25.278188709999998,0,41571.000000000000000,49.263496400000001,I,E,M,Yes,MIE,3,"Minority, income and English isolation",194319.209935999999288,2776.742640190000202
"Block Group 1, Census Tract 2522.01, Essex County, Massachusetts",250092522011,N,Methuen,1324.000000000000000,965.000000000000000,27.114803630000001,429.000000000000000,59,13.752913480000000,81771.000000000000000,96.902290339999993,0,83527.000000000000000,98.983230590000005, , ,M,Yes,M,1,Minority,2645699.697519999928772,7187.713447260000066
"Block Group 3, Census Tract 2521.02, Essex County, Massachusetts",250092521023,N,Methuen,1436.000000000000000,1079.000000000000000,24.860724229999999,581.000000000000000,5,0.860585210000000,90766.000000000000000,107.561767579999994,0,83527.000000000000000,98.983230590000005, , ,M,Yes,M,1,Minority,4474785.201159999705851,11245.269236199999796
"Block Group 1, Census Tract 2523, Essex County, Massachusetts",250092523001,N,Methuen,1564.000000000000000,717.000000000000000,54.156010230000000,470.000000000000000,0,0.000000000000000,75000.000000000000000,88.878356929999995,0,83527.000000000000000,98.983230590000005, , ,M,Yes,M,1,Minority,926956.445787000004202,3978.314547540000149
"Block Group 1, Census Tract 412, Franklin County, Massachusetts",250110412001,N,Greenfield,1270.000000000000000,1105.000000000000000,12.992125980000001,595.000000000000000,0,0.000000000000000,54432.000000000000000,64.504356380000004,0,46250.000000000000000,54.808319089999998,I, , ,Yes,I,1,Income,949742.329647999955341,4174.148640159999559
"Block Group 3, Census Tract 412, Franklin County, Massachusetts",250110412003,N,Greenfield,959.000000000000000,843.000000000000000,12.095933260000001,431.000000000000000,23,5.336426730000000,51435.000000000000000,60.952777859999998,0,46250.000000000000000,54.808319089999998,I, , ,Yes,I,1,Income,673383.521035999991000,3575.886787479999839
"Block Group 1, Census Tract 8001.01, Hampden County, Massachusetts",250138001011,N,Springfield,1308.000000000000000,555.000000000000000,57.568807339999999,595.000000000000000,33,5.546218400000000,44149.000000000000000,52.318538670000002,0,41571.000000000000000,49.263496400000001,I, ,M,Yes,MI,2,Minority and income,900730.932467999984510,4564.411470699999882
"Block Group 2, Census Tract 8015.01, Hampden County, Massachusetts",250138015012,N,Springfield,843.000000000000000,272.000000000000000,67.734282329999999,463.000000000000000,0,0.000000000000000,62492.000000000000000,74.055816649999997,0,41571.000000000000000,49.263496400000001, , ,M,Yes,M,1,Minority,375114.841780000017025,3010.768164550000165
"Block Group 3, Census Tract 8015.01, Hampden County, Massachusetts",250138015013,N,Springfield,1310.000000000000000,240.000000000000000,81.679389310000005,290.000000000000000,11,3.793103460000000,55833.000000000000000,66.164604190000006,0,41571.000000000000000,49.263496400000001, , ,M,Yes,M,1,Minority,481310.206311999994796,4006.638847079999778
"Block Group 4, Census Tract 8015.01, Hampden County, Massachusetts",250138015014,N,Springfield,1162.000000000000000,277.000000000000000,76.161790019999998,255.000000000000000,20,7.843137260000000,58201.000000000000000,68.970787049999998,0,41571.000000000000000,49.263496400000001, , ,M,Yes,M,1,Minority,1463191.555889999959618,6088.285676620000231
"Block Group 1, Census Tract 8015.02, Hampden County, Massachusetts",250138015021,N,Springfield,1241.000000000000000,337.000000000000000,72.844480259999997,480.000000000000000,17,3.541666750000000,33167.000000000000000,39.304378509999999,0,41571.000000000000000,49.263496400000001,I, ,M,Yes,MI,2,Minority and income,755966.318859999999404,4637.629244460000336
"Block Group 1, Census Tract 2608, Essex County, Massachusetts",250092608001,N,Haverhill,3078.000000000000000,1096.000000000000000,64.392462640000005,798.000000000000000,88,11.027568820000001,45000.000000000000000,53.327014920000003,0,69237.000000000000000,82.048942569999994,I, ,M,Yes,MI,2,Minority and income,509166.431016999995336,3087.176219829999809
"Block Group 2, Census Tract 2609, Essex County, Massachusetts",250092609002,N,Haverhill,1341.000000000000000,622.000000000000000,53.616703950000002,357.000000000000000,0,0.000000000000000,35257.000000000000000,41.781124110000000,0,69237.000000000000000,82.048942569999994,I, ,M,Yes,MI,2,Minority and income,641046.895795000018552,3232.467206530000112
"Block Group 3, Census Tract 2609, Essex County, Massachusetts",250092609003,N,Haverhill,1116.000000000000000,478.000000000000000,57.168458780000002,334.000000000000000,0,0.000000000000000,34493.000000000000000,40.875747680000003,0,69237.000000000000000,82.048942569999994,I, ,M,Yes,MI,2,Minority and income,348929.515218999993522,2614.403225500000190
"Block Group 1, Census Tract 2611.02, Essex County, Massachusetts",250092611021,N,Haverhill,2832.000000000000000,1994.000000000000000,29.590395480000002,1012.000000000000000,58,5.731225490000000,83162.000000000000000,98.550689700000007,0,69237.000000000000000,82.048942569999994, , ,M,Yes,M,1,Minority,2723250.396459999959916,8165.908171029999721
"Block Group 5, Census Tract 2523, Essex County, Massachusetts",250092523005,N,Methuen,1586.000000000000000,820.000000000000000,48.297604040000003,644.000000000000000,169,26.242235180000002,27692.000000000000000,32.816257479999997,0,83527.000000000000000,98.983230590000005,I,E,M,Yes,MIE,3,"Minority, income and English isolation",434030.893668000004254,3060.591147550000187
"Block Group 2, Census Tract 2525.02, Essex County, Massachusetts",250092525022,N,Methuen,1782.000000000000000,1211.000000000000000,32.042648710000002,445.000000000000000,8,1.797752860000000,69740.000000000000000,82.645019529999999,0,83527.000000000000000,98.983230590000005, , ,M,Yes,M,1,Minority,1658763.116960000013933,5872.106337590000294
"Block Group 6, Census Tract 2523, Essex County, Massachusetts",250092523006,N,Methuen,989.000000000000000,566.000000000000000,42.770475230000002,404.000000000000000,40,9.900990490000000,76607.000000000000000,90.782722469999996,0,83527.000000000000000,98.983230590000005, , ,M,Yes,M,1,Minority,2538289.156630000099540,7111.968042339999556
"Block Group 1, Census Tract 2525.01, Essex County, Massachusetts",250092525011,N,Methuen,2051.000000000000000,876.000000000000000,57.289127250000000,799.000000000000000,29,3.629536870000000,70234.000000000000000,83.230430600000005,0,83527.000000000000000,98.983230590000005, , ,M,Yes,M,1,Minority,568806.696099000051618,3603.523772730000019
"Block Group 2, Census Tract 8001.01, Hampden County, Massachusetts",250138001012,N,Springfield,1314.000000000000000,254.000000000000000,80.669710809999998,480.000000000000000,50,10.416666980000000,35385.000000000000000,41.932807920000002,0,41571.000000000000000,49.263496400000001,I, ,M,Yes,MI,2,Minority and income,761887.052093000034802,3690.336665270000140
"Block Group 3, Census Tract 8001.02, Hampden County, Massachusetts",250138001023,N,Springfield,1449.000000000000000,477.000000000000000,67.080745340000007,623.000000000000000,118,18.940610889999999,34622.000000000000000,41.028617859999997,0,41571.000000000000000,49.263496400000001,I, ,M,Yes,MI,2,Minority and income,427476.884086999983992,3504.374930500000119
"Block Group 3, Census Tract 8002.01, Hampden County, Massachusetts",250138002013,N,Springfield,639.000000000000000,190.000000000000000,70.266040689999997,331.000000000000000,28,8.459214210000001,58693.000000000000000,69.553833010000005,0,41571.000000000000000,49.263496400000001, , ,M,Yes,M,1,Minority,871915.749748999951407,5461.045450650000021
"Block Group 1, Census Tract 8012, Hampden County, Massachusetts",250138012001,N,Springfield,772.000000000000000,29.000000000000000,96.243523319999994,270.000000000000000,73,27.037036900000000,11731.000000000000000,13.901760100000001,0,41571.000000000000000,49.263496400000001,I,E,M,Yes,MIE,3,"Minority, income and English isolation",193100.502765999990515,3363.912611180000113
"Block Group 2, Census Tract 8012, Hampden County, Massachusetts",250138012002,N,Springfield,1335.000000000000000,325.000000000000000,75.655430710000005,577.000000000000000,134,23.223569869999999,20465.000000000000000,24.251939770000000,0,41571.000000000000000,49.263496400000001,I, ,M,Yes,MI,2,Minority and income,450342.413156000024173,2673.004228190000049
"Block Group 3, Census Tract 8012, Hampden County, Massachusetts",250138012003,N,Springfield,619.000000000000000,147.000000000000000,76.252019390000001,261.000000000000000,12,4.597701070000000,30149.000000000000000,35.727912900000000,0,41571.000000000000000,49.263496400000001,I, ,M,Yes,MI,2,Minority and income,226454.129955000011250,2049.103573939999933
"Block Group 1, Census Tract 8013, Hampden County, Massachusetts",250138013001,N,Springfield,1289.000000000000000,92.000000000000000,92.862684250000001,556.000000000000000,206,37.050357820000002,12356.000000000000000,14.642413140000000,0,41571.000000000000000,49.263496400000001,I,E,M,Yes,MIE,3,"Minority, income and English isolation",251332.776974999986123,3394.835541039999953
"Block Group 2, Census Tract 2515, Essex County, Massachusetts",250092515002,N,Lawrence,1374.000000000000000,168.000000000000000,87.772925760000007,259.000000000000000,69,26.640926360000002,34681.000000000000000,41.098537450000002,0,45045.000000000000000,53.380340580000002,I,E,M,Yes,MIE,3,"Minority, income and English isolation",213591.717451000004075,2073.001219719999881
"Block Group 2, Census Tract 2171.01, Essex County, Massachusetts",250092171012,N,Beverly,2166.000000000000000,1702.000000000000000,21.421975990000000,715.000000000000000,0,0.000000000000000,50993.000000000000000,60.428985599999997,0,84354.000000000000000,99.963264469999999,I, , ,Yes,I,1,Income,2057604.773809999926016,6939.605889000000388
"Block Group 3, Census Tract 2174.01, Essex County, Massachusetts",250092174013,N,Beverly,745.000000000000000,574.000000000000000,22.953020129999999,456.000000000000000,36,7.894736770000000,53913.000000000000000,62.804187769999999,1,84354.000000000000000,99.963264469999999,I, , ,Yes,I,1,Income,95270.462816400002339,1298.159355850000111
"Block Group 4, Census Tract 3826.02, Middlesex County, Massachusetts",250173826024,N,Natick,1097.000000000000000,764.000000000000000,30.355515040000000,535.000000000000000,137,25.607477190000001,105972.000000000000000,125.581558229999999,0,115652.000000000000000,137.052795409999987, ,E,M,Yes,ME,2,Minority and English isolation,1604869.411270000040531,5988.345403360000091
"Block Group 1, Census Tract 3831.02, Middlesex County, Massachusetts",250173831021,N,Framingham,2268.000000000000000,511.000000000000000,77.469135800000004,857.000000000000000,255,29.754959110000001,56412.000000000000000,66.850746150000006,0,86322.000000000000000,102.295433040000006, ,E,M,Yes,ME,2,Minority and English isolation,838082.127877000020817,6828.583607350000420
"Block Group 1, Census Tract 3834.01, Middlesex County, Massachusetts",250173834011,N,Framingham,1597.000000000000000,454.000000000000000,71.571696930000002,693.000000000000000,155,22.366521840000001,52682.000000000000000,62.430526729999997,0,86322.000000000000000,102.295433040000006,I, ,M,Yes,MI,2,Minority and income,344194.656267000013031,2896.412344209999901
"Block Group 1, Census Tract 3507.02, Middlesex County, Massachusetts",250173507021,N,Somerville,1151.000000000000000,867.000000000000000,24.674196349999999,598.000000000000000,69,11.538461690000000,0.000000000000000,0.000000000000000,0,102311.000000000000000,121.243110659999999,U, ,M,Yes,M,1,Minority,216843.155957000009948,2631.865643369999816
"Block Group 2, Census Tract 3424.02, Middlesex County, Massachusetts",250173424022,N,Everett,1413.000000000000000,558.000000000000000,60.509554139999999,591.000000000000000,84,14.213197709999999,93850.000000000000000,111.216445919999998,0,70627.000000000000000,83.696151729999997, , ,M,Yes,M,1,Minority,814161.229569999966770,4522.083207439999569
"Block Group 1, Census Tract 3503, Middlesex County, Massachusetts",250173503001,N,Somerville,900.000000000000000,634.000000000000000,29.555555559999998,343.000000000000000,23,6.705539230000000,106607.000000000000000,126.334060670000000,0,102311.000000000000000,121.243110659999999, , ,M,Yes,M,1,Minority,118062.416050999992876,2126.023081780000211
"Block Group 1, Census Tract 3510.01, Middlesex County, Massachusetts",250173510011,N,Somerville,1305.000000000000000,973.000000000000000,25.440613030000002,547.000000000000000,0,0.000000000000000,111791.000000000000000,132.477340700000013,0,102311.000000000000000,121.243110659999999, , ,M,Yes,M,1,Minority,115093.836400999993202,1382.546987709999939
"Block Group 3, Census Tract 3510.01, Middlesex County, Massachusetts",250173510013,N,Somerville,1942.000000000000000,1417.000000000000000,27.033985580000000,830.000000000000000,0,0.000000000000000,134500.000000000000000,159.388519290000005,0,102311.000000000000000,121.243110659999999, , ,M,Yes,M,1,Minority,194518.561110999988159,2042.331487059999972
"Block Group 2, Census Tract 3512.03, Middlesex County, Massachusetts",250173512032,N,Somerville,1170.000000000000000,869.000000000000000,25.726495730000000,473.000000000000000,65,13.742072110000001,124650.000000000000000,147.715820309999998,0,102311.000000000000000,121.243110659999999, , ,M,Yes,M,1,Minority,141147.709632000012789,1597.824832210000068
"Block Group 3, Census Tract 3513, Middlesex County, Massachusetts",250173513003,N,Somerville,1032.000000000000000,630.000000000000000,38.953488370000002,308.000000000000000,14,4.545454500000000,140385.000000000000000,166.362503049999987,0,102311.000000000000000,121.243110659999999, , ,M,Yes,M,1,Minority,117807.665699000004679,1628.279099430000088
"Block Group 3, Census Tract 3512.04, Middlesex County, Massachusetts",250173512043,N,Somerville,1351.000000000000000,897.000000000000000,33.604737229999998,632.000000000000000,24,3.797468420000000,100135.000000000000000,118.664451600000007,0,102311.000000000000000,121.243110659999999, , ,M,Yes,M,1,Minority,136142.458493999991333,1710.945225100000016
"Block Group 1, Census Tract 3587, Middlesex County, Massachusetts",250173587001,N,Lexington,2361.000000000000000,1085.000000000000000,54.044896229999999,855.000000000000000,8,0.935672520000000,168882.000000000000000,200.132720949999992,0,185686.000000000000000,220.046218869999990, , ,M,Yes,M,1,Minority,3338544.754329999908805,8867.363523359999817
"Block Group 6, Census Tract 3593.03, Middlesex County, Massachusetts",250173593036,N,Bedford,103.000000000000000,39.000000000000000,62.135922330000000,0.000000000000000,0,0.000000000000000,216346.000000000000000,252.025207520000009,1,133824.000000000000000,158.587432860000007, , ,M,Yes,M,1,Minority,3099701.743019999936223,9644.881899960000737
"Block Group 1, Census Tract 3594, Middlesex County, Massachusetts",250173594001,N,Cambridge,1345.000000000000000,669.000000000000000,50.260223050000000,495.000000000000000,9,1.818181870000000,104583.000000000000000,123.935531620000006,0,107490.000000000000000,127.380455019999999, , ,M,Yes,M,1,Minority,172501.501722999993945,2405.660267870000098
"Block Group 2, Census Tract 3834.01, Middlesex County, Massachusetts",250173834012,N,Framingham,902.000000000000000,501.000000000000000,44.456762750000003,382.000000000000000,0,0.000000000000000,81932.000000000000000,97.093086240000005,0,86322.000000000000000,102.295433040000006, , ,M,Yes,M,1,Minority,670965.194434999953955,3455.769846340000186
"Block Group 1, Census Tract 3834.02, Middlesex County, Massachusetts",250173834021,N,Framingham,1893.000000000000000,739.000000000000000,60.961436870000000,678.000000000000000,96,14.159292219999999,73400.000000000000000,86.982284550000003,0,86322.000000000000000,102.295433040000006, , ,M,Yes,M,1,Minority,460739.010048999974970,3275.977122990000225
"Block Group 2, Census Tract 3834.02, Middlesex County, Massachusetts",250173834022,N,Framingham,1906.000000000000000,635.000000000000000,66.684155300000000,788.000000000000000,404,51.269035340000002,81346.000000000000000,96.398651119999997,0,86322.000000000000000,102.295433040000006, ,E,M,Yes,ME,2,Minority and English isolation,538139.740384000004269,3095.675811940000131
"Block Group 2, Census Tract 3503, Middlesex County, Massachusetts",250173503002,N,Somerville,1118.000000000000000,758.000000000000000,32.200357779999997,602.000000000000000,32,5.315614700000000,112625.000000000000000,133.465667719999999,0,102311.000000000000000,121.243110659999999, , ,M,Yes,M,1,Minority,129885.864157999996678,1681.695462480000060
"Block Group 3, Census Tract 3503, Middlesex County, Massachusetts",250173503003,N,Somerville,966.000000000000000,591.000000000000000,38.819875779999997,363.000000000000000,60,16.528924940000000,98542.000000000000000,116.776679990000005,0,102311.000000000000000,121.243110659999999, , ,M,Yes,M,1,Minority,150326.593510000006063,1849.864443650000112
"Block Group 2, Census Tract 3506, Middlesex County, Massachusetts",250173506002,N,Somerville,984.000000000000000,690.000000000000000,29.878048780000000,267.000000000000000,9,3.370786430000000,113125.000000000000000,134.058181759999997,0,102311.000000000000000,121.243110659999999, , ,M,Yes,M,1,Minority,102794.600980999995954,1367.229633559999911
"Block Group 3, Census Tract 3507.02, Middlesex County, Massachusetts",250173507023,N,Somerville,866.000000000000000,397.000000000000000,54.157043880000003,313.000000000000000,82,26.198083879999999,0.000000000000000,0.000000000000000,0,102311.000000000000000,121.243110659999999, ,E,M,Yes,ME,2,Minority and English isolation,198340.837303999986034,2349.574083710000195
"Block Group 1, Census Tract 3508, Middlesex County, Massachusetts",250173508001,N,Somerville,1045.000000000000000,754.000000000000000,27.846889950000001,562.000000000000000,0,0.000000000000000,156667.000000000000000,185.657409669999993,0,102311.000000000000000,121.243110659999999, , ,M,Yes,M,1,Minority,110887.230974999998580,1502.262862719999930
"Block Group 2, Census Tract 3508, Middlesex County, Massachusetts",250173508002,N,Somerville,1031.000000000000000,770.000000000000000,25.315227929999999,394.000000000000000,5,1.269035580000000,159167.000000000000000,188.620010379999997,0,102311.000000000000000,121.243110659999999, , ,M,Yes,M,1,Minority,101037.229825000002165,1428.335354470000084
"Block Group 1, Census Tract 3513, Middlesex County, Massachusetts",250173513001,N,Somerville,1890.000000000000000,1317.000000000000000,30.317460319999999,746.000000000000000,54,7.238605980000000,101667.000000000000000,120.479942320000006,0,102311.000000000000000,121.243110659999999, , ,M,Yes,M,1,Minority,247280.886139999987790,2042.148668029999953
"Block Group 2, Census Tract 3513, Middlesex County, Massachusetts",250173513002,N,Somerville,1484.000000000000000,950.000000000000000,35.983827490000003,828.000000000000000,111,13.405797000000000,57339.000000000000000,67.949279790000006,0,102311.000000000000000,121.243110659999999, , ,M,Yes,M,1,Minority,150691.358933999988949,2032.161557339999945
"Block Group 3, Census Tract 3514.03, Middlesex County, Massachusetts",250173514033,N,Somerville,597.000000000000000,308.000000000000000,48.408710220000003,272.000000000000000,40,14.705882069999999,57875.000000000000000,68.584465030000004,0,102311.000000000000000,121.243110659999999, , ,M,Yes,M,1,Minority,45748.863492500000575,948.878929900000003
"Block Group 2, Census Tract 3514.04, Middlesex County, Massachusetts",250173514042,N,Somerville,1295.000000000000000,537.000000000000000,58.532818530000000,565.000000000000000,24,4.247787480000000,41782.000000000000000,49.513538359999998,0,102311.000000000000000,121.243110659999999,I, ,M,Yes,MI,2,Minority and income,110080.068081999997958,1850.445251979999966
"Block Group 2, Census Tract 3594, Middlesex County, Massachusetts",250173594002,N,Cambridge,1655.000000000000000,720.000000000000000,56.495468279999997,856.000000000000000,58,6.775701050000000,103026.000000000000000,122.090415949999993,0,107490.000000000000000,127.380455019999999, , ,M,Yes,M,1,Minority,147513.655659000010928,1996.548661419999917
"Block Group 3, Census Tract 3594, Middlesex County, Massachusetts",250173594003,N,Cambridge,1597.000000000000000,813.000000000000000,49.092047590000000,718.000000000000000,0,0.000000000000000,90938.000000000000000,107.765594480000004,0,107490.000000000000000,127.380455019999999, , ,M,Yes,M,1,Minority,132369.252348999987589,1606.141054239999903
"Block Group 4, Census Tract 3594, Middlesex County, Massachusetts",250173594004,N,Cambridge,1099.000000000000000,676.000000000000000,38.489535940000003,651.000000000000000,0,0.000000000000000,67708.000000000000000,80.237007140000003,0,107490.000000000000000,127.380455019999999, , ,M,Yes,M,1,Minority,76289.566927199994097,1233.779609850000043
"Block Group 5, Census Tract 3594, Middlesex County, Massachusetts",250173594005,N,Cambridge,1058.000000000000000,652.000000000000000,38.374291120000002,438.000000000000000,0,0.000000000000000,79667.000000000000000,94.408958440000006,0,107490.000000000000000,127.380455019999999, , ,M,Yes,M,1,Minority,75157.363141299996641,1954.796455440000045
"Block Group 2, Census Tract 3631.05, Middlesex County, Massachusetts",250173631052,N,Acton,2291.000000000000000,1020.000000000000000,55.477957220000000,790.000000000000000,130,16.455696110000002,100417.000000000000000,118.998634339999995,0,137981.000000000000000,163.513656620000006, , ,M,Yes,M,1,Minority,5879090.940840000286698,10910.121918900000310
"Block Group 1, Census Tract 3631.06, Middlesex County, Massachusetts",250173631061,N,Acton,1922.000000000000000,838.000000000000000,56.399583770000000,680.000000000000000,67,9.852941510000001,91970.000000000000000,108.988563540000001,0,137981.000000000000000,163.513656620000006, , ,M,Yes,M,1,Minority,1856877.698850000044331,6328.366792840000016
"Block Group 2, Census Tract 3631.06, Middlesex County, Massachusetts",250173631062,N,Acton,1408.000000000000000,739.000000000000000,47.514204550000002,514.000000000000000,0,0.000000000000000,106458.000000000000000,126.157493590000001,0,137981.000000000000000,163.513656620000006, , ,M,Yes,M,1,Minority,3124518.272530000191182,9741.014837869999610
"Block Group 3, Census Tract 3835.01, Middlesex County, Massachusetts",250173835013,N,Framingham,1114.000000000000000,497.000000000000000,55.385996409999997,434.000000000000000,18,4.147465230000000,115500.000000000000000,136.872665409999996,0,86322.000000000000000,102.295433040000006, , ,M,Yes,M,1,Minority,559617.695731000043452,3185.928994150000108
"Block Group 3, Census Tract 3836, Middlesex County, Massachusetts",250173836003,N,Framingham,2142.000000000000000,1355.000000000000000,36.741363210000003,826.000000000000000,125,15.133172040000000,100417.000000000000000,118.998634339999995,0,86322.000000000000000,102.295433040000006, , ,M,Yes,M,1,Minority,1517821.409329999936745,4881.989567910000005
"Block Group 2, Census Tract 3837, Middlesex County, Massachusetts",250173837002,N,Framingham,576.000000000000000,386.000000000000000,32.986111110000003,314.000000000000000,0,0.000000000000000,194286.000000000000000,230.237594599999994,0,86322.000000000000000,102.295433040000006, , ,M,Yes,M,1,Minority,411648.674559000006411,2836.779770569999982
"Block Group 2, Census Tract 3510.01, Middlesex County, Massachusetts",250173510012,N,Somerville,836.000000000000000,524.000000000000000,37.320574160000000,376.000000000000000,0,0.000000000000000,0.000000000000000,0.000000000000000,0,102311.000000000000000,121.243110659999999, , ,M,Yes,M,1,Minority,84875.989983499996015,2053.601591889999781
"Block Group 1, Census Tract 3511.01, Middlesex County, Massachusetts",250173511011,N,Somerville,1035.000000000000000,775.000000000000000,25.120772949999999,290.000000000000000,37,12.758620260000001,73707.000000000000000,87.346092220000003,0,102311.000000000000000,121.243110659999999, , ,M,Yes,M,1,Minority,125149.317183000006480,1481.998163040000009
"Block Group 3, Census Tract 3511.01, Middlesex County, Massachusetts",250173511013,N,Somerville,1508.000000000000000,1073.000000000000000,28.846153850000000,489.000000000000000,79,16.155418399999999,126637.000000000000000,150.070510860000013,0,102311.000000000000000,121.243110659999999, , ,M,Yes,M,1,Minority,163575.250200999988010,1618.645060049999984
"Block Group 1, Census Tract 3511.02, Middlesex County, Massachusetts",250173511021,N,Somerville,800.000000000000000,566.000000000000000,29.250000000000000,443.000000000000000,0,0.000000000000000,121250.000000000000000,143.686676030000001,0,102311.000000000000000,121.243110659999999, , ,M,Yes,M,1,Minority,92816.719413800004986,1385.336630159999913
"Block Group 1, Census Tract 3512.03, Middlesex County, Massachusetts",250173512031,N,Somerville,1089.000000000000000,805.000000000000000,26.078971530000000,798.000000000000000,0,0.000000000000000,150723.000000000000000,178.613494870000011,0,102311.000000000000000,121.243110659999999, , ,M,Yes,M,1,Minority,77442.212508600001456,1391.922119049999992
"Block Group 4, Census Tract 3512.03, Middlesex County, Massachusetts",250173512034,N,Somerville,1279.000000000000000,805.000000000000000,37.060203280000003,451.000000000000000,0,0.000000000000000,144236.000000000000000,170.926116940000014,0,102311.000000000000000,121.243110659999999, , ,M,Yes,M,1,Minority,86218.338805599996704,1361.432389600000079
"Block Group 1, Census Tract 3515, Middlesex County, Massachusetts",250173515001,N,Somerville,314.000000000000000,198.000000000000000,36.942675160000000,215.000000000000000,0,0.000000000000000,0.000000000000000,0.000000000000000,0,102311.000000000000000,121.243110659999999, , ,M,Yes,M,1,Minority,300010.766370999976061,2596.454013300000042
"Block Group 2, Census Tract 3515, Middlesex County, Massachusetts",250173515002,N,Somerville,810.000000000000000,489.000000000000000,39.629629629999997,410.000000000000000,6,1.463414670000000,116250.000000000000000,137.761444089999998,0,102311.000000000000000,121.243110659999999, , ,M,Yes,M,1,Minority,180048.405548000009730,2255.462148359999901
"Block Group 3, Census Tract 3515, Middlesex County, Massachusetts",250173515003,N,Somerville,1056.000000000000000,444.000000000000000,57.954545449999998,440.000000000000000,93,21.136363979999999,75389.000000000000000,89.339340210000003,0,102311.000000000000000,121.243110659999999, , ,M,Yes,M,1,Minority,188030.732755000004545,1881.938407760000018
"Block Group 2, Census Tract 3538, Middlesex County, Massachusetts",250173538002,N,Cambridge,1075.000000000000000,685.000000000000000,36.279069770000000,874.000000000000000,40,4.576659200000000,44802.000000000000000,53.092372890000000,0,107490.000000000000000,127.380455019999999,I, ,M,Yes,MI,2,Minority and income,73300.796974800003227,1117.171607129999984
"Block Group 2, Census Tract 3641.01, Middlesex County, Massachusetts",250173641012,N,Maynard,1347.000000000000000,1139.000000000000000,15.441722349999999,548.000000000000000,0,0.000000000000000,55063.000000000000000,65.252120970000007,0,107891.000000000000000,127.855659480000000,I, , ,Yes,I,1,Income,1106758.641940000001341,5363.856277269999737
"Block Group 4, Census Tract 3681.01, Middlesex County, Massachusetts",250173681014,N,Waltham,2001.000000000000000,937.000000000000000,53.173413289999999,882.000000000000000,0,0.000000000000000,101786.000000000000000,120.620964049999998,0,95851.000000000000000,113.587722779999993, , ,M,Yes,M,1,Minority,498432.267596999998204,3579.694125670000176
"Block Group 3, Census Tract 3682, Middlesex County, Massachusetts",250173682003,N,Waltham,741.000000000000000,545.000000000000000,26.450742240000000,249.000000000000000,0,0.000000000000000,162689.000000000000000,192.793746950000013,0,95851.000000000000000,113.587722779999993, , ,M,Yes,M,1,Minority,4594663.026580000296235,14370.598836999999548
"Block Group 4, Census Tract 3837, Middlesex County, Massachusetts",250173837004,N,Framingham,1090.000000000000000,781.000000000000000,28.348623849999999,330.000000000000000,20,6.060606000000000,117639.000000000000000,139.407470700000005,0,86322.000000000000000,102.295433040000006, , ,M,Yes,M,1,Minority,750783.692268999991938,3424.006258670000079
"Block Group 1, Census Tract 3838, Middlesex County, Massachusetts",250173838001,N,Framingham,1984.000000000000000,1320.000000000000000,33.467741940000003,864.000000000000000,0,0.000000000000000,184792.000000000000000,218.986785889999993,0,86322.000000000000000,102.295433040000006, , ,M,Yes,M,1,Minority,1906015.603510000044480,6444.066381050000018
"Block Group 2, Census Tract 3838, Middlesex County, Massachusetts",250173838002,N,Framingham,1106.000000000000000,723.000000000000000,34.629294760000001,404.000000000000000,35,8.663366320000000,102500.000000000000000,121.467086789999996,0,86322.000000000000000,102.295433040000006, , ,M,Yes,M,1,Minority,810744.837537999963388,6149.741906160000326
"Block Group 1, Census Tract 3839.02, Middlesex County, Massachusetts",250173839021,N,Framingham,2653.000000000000000,1976.000000000000000,25.518281190000000,977.000000000000000,5,0.511770730000000,161302.000000000000000,191.150085450000006,0,86322.000000000000000,102.295433040000006, , ,M,Yes,M,1,Minority,7240822.185820000246167,13735.555671800000709
"Block Group 4, Census Tract 3839.04, Middlesex County, Massachusetts",250173839044,N,Framingham,2143.000000000000000,1580.000000000000000,26.271581890000000,955.000000000000000,133,13.926701550000001,68005.000000000000000,80.588966369999994,0,86322.000000000000000,102.295433040000006, , ,M,Yes,M,1,Minority,7442718.753870000131428,13344.926698999999644
"Block Group 1, Census Tract 3851.01, Middlesex County, Massachusetts",250173851011,N,Ashland,2869.000000000000000,2159.000000000000000,24.747298709999999,1050.000000000000000,40,3.809523820000000,151667.000000000000000,179.732177729999989,0,118348.000000000000000,140.247680659999986, , ,M,Yes,M,1,Minority,7071332.946069999597967,12848.843341499999951
"Block Group 1, Census Tract 3512.04, Middlesex County, Massachusetts",250173512041,N,Somerville,1340.000000000000000,861.000000000000000,35.746268659999998,655.000000000000000,60,9.160305019999999,84028.000000000000000,99.576942439999996,0,102311.000000000000000,121.243110659999999, , ,M,Yes,M,1,Minority,222269.086343000002671,2564.942741370000022
"Block Group 2, Census Tract 3512.04, Middlesex County, Massachusetts",250173512042,N,Somerville,1604.000000000000000,1109.000000000000000,30.860349129999999,639.000000000000000,0,0.000000000000000,116106.000000000000000,137.590805050000000,0,102311.000000000000000,121.243110659999999, , ,M,Yes,M,1,Minority,220882.109782999992603,2197.054296169999816
"Block Group 1, Census Tract 3514.03, Middlesex County, Massachusetts",250173514031,N,Somerville,674.000000000000000,348.000000000000000,48.367952520000003,203.000000000000000,64,31.527093890000000,66964.000000000000000,79.355339049999998,0,102311.000000000000000,121.243110659999999, ,E,M,Yes,ME,2,Minority and English isolation,49778.664043400000082,907.180166325999949
"Block Group 2, Census Tract 3514.03, Middlesex County, Massachusetts",250173514032,N,Somerville,928.000000000000000,479.000000000000000,48.383620690000001,418.000000000000000,72,17.224880219999999,79167.000000000000000,93.816436769999996,0,102311.000000000000000,121.243110659999999, , ,M,Yes,M,1,Minority,112618.396888000002946,1353.062861169999906
"Block Group 4, Census Tract 3514.03, Middlesex County, Massachusetts",250173514034,N,Somerville,1121.000000000000000,541.000000000000000,51.739518289999999,473.000000000000000,45,9.513742450000001,86633.000000000000000,102.663978580000006,0,102311.000000000000000,121.243110659999999, , ,M,Yes,M,1,Minority,89145.997527800005628,1203.389231690000088
"Block Group 5, Census Tract 3514.03, Middlesex County, Massachusetts",250173514035,N,Somerville,623.000000000000000,295.000000000000000,52.648475120000001,307.000000000000000,92,29.967426300000000,87440.000000000000000,103.620307920000002,0,102311.000000000000000,121.243110659999999, ,E,M,Yes,ME,2,Minority and English isolation,36815.783157899997605,838.578454856999997
"Block Group 2, Census Tract 3521.01, Middlesex County, Massachusetts",250173521012,N,Cambridge,1810.000000000000000,895.000000000000000,50.552486190000003,755.000000000000000,10,1.324503300000000,86133.000000000000000,102.071456909999995,0,107490.000000000000000,127.380455019999999, , ,M,Yes,M,1,Minority,49484.616610999997647,924.671103160000030
"Block Group 2, Census Tract 3530, Middlesex County, Massachusetts",250173530002,N,Cambridge,757.000000000000000,380.000000000000000,49.801849410000003,219.000000000000000,20,9.132420540000000,63458.000000000000000,75.200569150000007,0,107490.000000000000000,127.380455019999999, , ,M,Yes,M,1,Minority,97042.360033799996017,1392.737859600000093
"Block Group 2, Census Tract 3531.02, Middlesex County, Massachusetts",250173531022,N,Cambridge,2140.000000000000000,747.000000000000000,65.093457939999993,4.000000000000000,0,0.000000000000000,90833.000000000000000,107.641166690000006,0,107490.000000000000000,127.380455019999999, , ,M,Yes,M,1,Minority,678132.628086999990046,4215.636943579999752
"Block Group 1, Census Tract 3521.02, Middlesex County, Massachusetts",250173521021,N,Cambridge,1225.000000000000000,769.000000000000000,37.224489800000001,778.000000000000000,17,2.185090070000000,149444.000000000000000,177.097824099999997,0,107490.000000000000000,127.380455019999999, , ,M,Yes,M,1,Minority,409809.002694000024348,3187.110080399999788
"Block Group 1, Census Tract 3523, Middlesex County, Massachusetts",250173523001,N,Cambridge,1757.000000000000000,1050.000000000000000,40.239043819999999,752.000000000000000,11,1.462765930000000,107500.000000000000000,127.392311100000001,0,107490.000000000000000,127.380455019999999, , ,M,Yes,M,1,Minority,168478.082774999988033,2427.182347659999778
"Block Group 5, Census Tract 3683, Middlesex County, Massachusetts",250173683005,N,Waltham,1254.000000000000000,483.000000000000000,61.483253589999997,323.000000000000000,14,4.334365370000000,94350.000000000000000,111.808967589999995,0,95851.000000000000000,113.587722779999993, , ,M,Yes,M,1,Minority,208174.179402999987360,1926.588808940000035
"Block Group 2, Census Tract 3684, Middlesex County, Massachusetts",250173684002,N,Waltham,1464.000000000000000,827.000000000000000,43.510928960000001,539.000000000000000,39,7.235621450000000,98779.000000000000000,117.057533260000000,0,95851.000000000000000,113.587722779999993, , ,M,Yes,M,1,Minority,966155.333192000049166,5878.036733480000294
"Block Group 4, Census Tract 3684, Middlesex County, Massachusetts",250173684004,N,Waltham,669.000000000000000,439.000000000000000,34.379671150000000,217.000000000000000,0,0.000000000000000,111875.000000000000000,132.576873780000000,0,95851.000000000000000,113.587722779999993, , ,M,Yes,M,1,Minority,148995.282543999986956,1733.383362179999949
"Block Group 5, Census Tract 3684, Middlesex County, Massachusetts",250173684005,N,Waltham,2333.000000000000000,1370.000000000000000,41.277325329999996,0.000000000000000,0,0.000000000000000,104667.000000000000000,124.035079960000004,0,95851.000000000000000,113.587722779999993, , ,M,Yes,M,1,Minority,590501.941139000002295,3469.841516750000210
"Block Group 6, Census Tract 3684, Middlesex County, Massachusetts",250173684006,N,Waltham,1429.000000000000000,749.000000000000000,47.585724280000001,441.000000000000000,19,4.308390140000000,87574.000000000000000,103.779106139999996,0,95851.000000000000000,113.587722779999993, , ,M,Yes,M,1,Minority,1162317.024720000103116,8053.554995159999635
"Block Group 2, Census Tract 3685, Middlesex County, Massachusetts",250173685002,N,Waltham,1049.000000000000000,537.000000000000000,48.808388940000000,364.000000000000000,10,2.747252700000000,73500.000000000000000,87.100784300000001,0,95851.000000000000000,113.587722779999993, , ,M,Yes,M,1,Minority,148541.033128999988548,1977.919285200000104
"Block Group 2, Census Tract 3583, Middlesex County, Massachusetts",250173583002,N,Lexington,1982.000000000000000,1088.000000000000000,45.105953579999998,695.000000000000000,16,2.302158360000000,245284.000000000000000,290.672515869999984,0,185686.000000000000000,220.046218869999990, , ,M,Yes,M,1,Minority,2965602.057969999965280,6999.904047289999653
"Block Group 4, Census Tract 3584, Middlesex County, Massachusetts",250173584004,N,Lexington,1167.000000000000000,566.000000000000000,51.499571549999999,330.000000000000000,0,0.000000000000000,193214.000000000000000,228.967239379999995,0,185686.000000000000000,220.046218869999990, , ,M,Yes,M,1,Minority,3091286.674850000068545,11520.414560900000652
"Block Group 2, Census Tract 3585, Middlesex County, Massachusetts",250173585002,N,Lexington,812.000000000000000,448.000000000000000,44.827586210000000,247.000000000000000,23,9.311740880000000,141328.000000000000000,167.479995730000013,0,185686.000000000000000,220.046218869999990, , ,M,Yes,M,1,Minority,1368104.159729999955744,5252.445286889999807
"Block Group 1, Census Tract 3514.04, Middlesex County, Massachusetts",250173514041,N,Somerville,982.000000000000000,539.000000000000000,45.112016290000000,394.000000000000000,50,12.690355300000000,78636.000000000000000,93.187179569999998,0,102311.000000000000000,121.243110659999999, , ,M,Yes,M,1,Minority,108023.265981999997166,1462.741249630000084
"Block Group 3, Census Tract 3514.04, Middlesex County, Massachusetts",250173514043,N,Somerville,939.000000000000000,495.000000000000000,47.284345049999999,318.000000000000000,67,21.069181440000001,78088.000000000000000,92.537773130000005,0,102311.000000000000000,121.243110659999999, , ,M,Yes,M,1,Minority,105645.785543000005418,1597.118210600000111
"Block Group 4, Census Tract 3514.04, Middlesex County, Massachusetts",250173514044,N,Somerville,780.000000000000000,297.000000000000000,61.923076920000000,200.000000000000000,5,2.500000000000000,106563.000000000000000,126.281921389999994,0,102311.000000000000000,121.243110659999999, , ,M,Yes,M,1,Minority,94466.044073199998820,1558.808465900000101
"Block Group 4, Census Tract 3515, Middlesex County, Massachusetts",250173515004,N,Somerville,284.000000000000000,117.000000000000000,58.802816900000003,144.000000000000000,38,26.388889310000000,11123.000000000000000,13.181252479999999,0,102311.000000000000000,121.243110659999999,I,E,M,Yes,MIE,3,"Minority, income and English isolation",720110.954839000012726,3793.959843180000007
"Block Group 1, Census Tract 3521.01, Middlesex County, Massachusetts",250173521011,N,Cambridge,1081.000000000000000,504.000000000000000,53.376503239999998,421.000000000000000,6,1.425178170000000,109861.000000000000000,130.190200809999993,0,107490.000000000000000,127.380455019999999, , ,M,Yes,M,1,Minority,192975.634236000012606,1966.885266989999991
"Block Group 3, Census Tract 3521.01, Middlesex County, Massachusetts",250173521013,N,Cambridge,1380.000000000000000,644.000000000000000,53.333333330000002,637.000000000000000,97,15.227629660000000,63980.000000000000000,75.819160460000006,0,107490.000000000000000,127.380455019999999, , ,M,Yes,M,1,Minority,175041.313892000005580,2385.792522079999799
"Block Group 2, Census Tract 3523, Middlesex County, Massachusetts",250173523002,N,Cambridge,1052.000000000000000,573.000000000000000,45.532319389999998,483.000000000000000,0,0.000000000000000,157946.000000000000000,187.173080440000007,0,107490.000000000000000,127.380455019999999, , ,M,Yes,M,1,Minority,213794.411651000002166,2417.114670840000144
"Block Group 1, Census Tract 3522, Middlesex County, Massachusetts",250173522001,N,Cambridge,1999.000000000000000,1154.000000000000000,42.271135569999998,982.000000000000000,90,9.164969440000000,61875.000000000000000,73.324646000000001,0,107490.000000000000000,127.380455019999999, , ,M,Yes,M,1,Minority,145596.513279000006150,1895.873485280000068
"Block Group 1, Census Tract 3525, Middlesex County, Massachusetts",250173525001,N,Cambridge,1888.000000000000000,1029.000000000000000,45.497881360000001,642.000000000000000,32,4.984423640000000,126071.000000000000000,149.399780270000008,0,107490.000000000000000,127.380455019999999, , ,M,Yes,M,1,Minority,136498.221311000001151,1587.039076040000054
"Block Group 2, Census Tract 3525, Middlesex County, Massachusetts",250173525002,N,Cambridge,1578.000000000000000,738.000000000000000,53.231939160000003,682.000000000000000,11,1.612903240000000,110682.000000000000000,131.163116459999998,0,107490.000000000000000,127.380455019999999, , ,M,Yes,M,1,Minority,104188.444585999997798,1291.090989849999914
"Block Group 2, Census Tract 3526, Middlesex County, Massachusetts",250173526002,N,Cambridge,1764.000000000000000,1006.000000000000000,42.970521540000000,978.000000000000000,45,4.601226810000000,88389.000000000000000,104.744918819999995,0,107490.000000000000000,127.380455019999999, , ,M,Yes,M,1,Minority,151679.055410000000848,1760.896640489999982
"Block Group 1, Census Tract 3686, Middlesex County, Massachusetts",250173686001,N,Waltham,819.000000000000000,537.000000000000000,34.432234430000001,319.000000000000000,0,0.000000000000000,105039.000000000000000,124.475914000000003,0,95851.000000000000000,113.587722779999993, , ,M,Yes,M,1,Minority,151364.224040000000969,1625.116662409999890
"Block Group 2, Census Tract 3686, Middlesex County, Massachusetts",250173686002,N,Waltham,698.000000000000000,411.000000000000000,41.117478509999998,289.000000000000000,0,0.000000000000000,84083.000000000000000,99.642112729999994,0,95851.000000000000000,113.587722779999993, , ,M,Yes,M,1,Minority,106707.766245999999228,1867.224558749999915
"Block Group 3, Census Tract 3686, Middlesex County, Massachusetts",250173686003,N,Waltham,1106.000000000000000,503.000000000000000,54.520795659999997,444.000000000000000,94,21.171171189999999,43594.000000000000000,51.660839080000002,0,95851.000000000000000,113.587722779999993,I, ,M,Yes,MI,2,Minority and income,122282.105618999994476,1604.776879320000035
"Block Group 4, Census Tract 3686, Middlesex County, Massachusetts",250173686004,N,Waltham,1914.000000000000000,1080.000000000000000,43.573667710000002,674.000000000000000,125,18.545993800000002,88333.000000000000000,104.678558350000003,0,95851.000000000000000,113.587722779999993, , ,M,Yes,M,1,Minority,679047.251654000021517,4504.802935589999834
"Block Group 2, Census Tract 3683, Middlesex County, Massachusetts",250173683002,N,Waltham,1037.000000000000000,532.000000000000000,48.698167789999999,422.000000000000000,0,0.000000000000000,64138.000000000000000,76.006401060000002,0,95851.000000000000000,113.587722779999993, , ,M,Yes,M,1,Minority,157681.046593000006396,1588.056069190000017
"Block Group 4, Census Tract 3683, Middlesex County, Massachusetts",250173683004,N,Waltham,1221.000000000000000,761.000000000000000,37.674037669999997,493.000000000000000,86,17.444219589999999,76047.000000000000000,90.119094849999996,0,95851.000000000000000,113.587722779999993, , ,M,Yes,M,1,Minority,724167.305859999964014,5296.155077290000008
"Block Group 1, Census Tract 3684, Middlesex County, Massachusetts",250173684001,N,Waltham,1253.000000000000000,537.000000000000000,57.142857139999997,333.000000000000000,41,12.312312130000000,44289.000000000000000,52.484447480000000,0,95851.000000000000000,113.587722779999993,I, ,M,Yes,MI,2,Minority and income,293006.466132999979891,3259.295033570000214
"Block Group 1, Census Tract 3685, Middlesex County, Massachusetts",250173685001,N,Waltham,899.000000000000000,408.000000000000000,54.616240269999999,594.000000000000000,3,0.505050480000000,45000.000000000000000,53.327014920000003,0,95851.000000000000000,113.587722779999993,I, ,M,Yes,MI,2,Minority and income,143619.297197999985656,1870.968634479999992
"Block Group 1, Census Tract 3688, Middlesex County, Massachusetts",250173688001,N,Waltham,1343.000000000000000,510.000000000000000,62.025316459999999,493.000000000000000,80,16.227180480000001,70750.000000000000000,83.841911319999994,0,95851.000000000000000,113.587722779999993, , ,M,Yes,M,1,Minority,256162.967031999985920,2660.157243740000013
"Block Group 2, Census Tract 3521.02, Middlesex County, Massachusetts",250173521022,N,Cambridge,1438.000000000000000,926.000000000000000,35.605006950000003,603.000000000000000,31,5.140961650000000,89663.000000000000000,106.254669190000001,0,107490.000000000000000,127.380455019999999, , ,M,Yes,M,1,Minority,139338.092605999991065,2004.220264829999905
"Block Group 3, Census Tract 3523, Middlesex County, Massachusetts",250173523003,N,Cambridge,1504.000000000000000,740.000000000000000,50.797872339999998,920.000000000000000,112,12.173913000000001,134643.000000000000000,159.557983400000012,0,107490.000000000000000,127.380455019999999, , ,M,Yes,M,1,Minority,312566.438171999994665,2688.853127469999890
"Block Group 1, Census Tract 3524, Middlesex County, Massachusetts",250173524001,N,Cambridge,1879.000000000000000,400.000000000000000,78.712080889999996,598.000000000000000,80,13.377926830000000,65446.000000000000000,77.556434629999998,0,107490.000000000000000,127.380455019999999, , ,M,Yes,M,1,Minority,225066.231570000003558,1995.845025699999951
"Block Group 1, Census Tract 3526, Middlesex County, Massachusetts",250173526001,N,Cambridge,1053.000000000000000,604.000000000000000,42.640075969999998,331.000000000000000,7,2.114803550000000,148304.000000000000000,175.746871950000013,0,107490.000000000000000,127.380455019999999, , ,M,Yes,M,1,Minority,155163.046896999992896,2113.372972059999938
"Block Group 2, Census Tract 3527, Middlesex County, Massachusetts",250173527002,N,Cambridge,1100.000000000000000,550.000000000000000,50.000000000000000,540.000000000000000,147,27.222221370000000,55395.000000000000000,65.645553590000006,0,107490.000000000000000,127.380455019999999, ,E,M,Yes,ME,2,Minority and English isolation,76089.075452999997651,1218.577284920000011
"Block Group 1, Census Tract 3529, Middlesex County, Massachusetts",250173529001,N,Cambridge,1123.000000000000000,760.000000000000000,32.324131790000003,512.000000000000000,0,0.000000000000000,129318.000000000000000,153.247619630000003,0,107490.000000000000000,127.380455019999999, , ,M,Yes,M,1,Minority,109301.917669000002206,1674.968816229999902
"Block Group 1, Census Tract 3527, Middlesex County, Massachusetts",250173527001,N,Cambridge,909.000000000000000,532.000000000000000,41.474147410000000,429.000000000000000,14,3.263403180000000,60511.000000000000000,71.708244320000006,0,107490.000000000000000,127.380455019999999, , ,M,Yes,M,1,Minority,81902.580504199999268,1605.820080879999978
"Block Group 2, Census Tract 3529, Middlesex County, Massachusetts",250173529002,N,Cambridge,1746.000000000000000,1250.000000000000000,28.407789229999999,761.000000000000000,9,1.182654380000000,161964.000000000000000,191.934585569999996,0,107490.000000000000000,127.380455019999999, , ,M,Yes,M,1,Minority,169693.324657999997726,1836.647500289999925
"Block Group 1, Census Tract 3528, Middlesex County, Massachusetts",250173528001,N,Cambridge,1892.000000000000000,1089.000000000000000,42.441860470000002,804.000000000000000,49,6.094527240000000,110714.000000000000000,131.201049799999993,0,107490.000000000000000,127.380455019999999, , ,M,Yes,M,1,Minority,144683.886864000000060,1836.921293319999904
"Block Group 1, Census Tract 3545, Middlesex County, Massachusetts",250173545001,N,Cambridge,937.000000000000000,697.000000000000000,25.613660620000001,507.000000000000000,8,1.577909230000000,129531.000000000000000,153.500030519999996,0,107490.000000000000000,127.380455019999999, , ,M,Yes,M,1,Minority,115291.244839999999385,1409.466802109999890
"Block Group 1, Census Tract 3532, Middlesex County, Massachusetts",250173532001,N,Cambridge,1278.000000000000000,823.000000000000000,35.602503910000003,694.000000000000000,69,9.942362790000001,75357.000000000000000,89.301414489999999,0,107490.000000000000000,127.380455019999999, , ,M,Yes,M,1,Minority,127300.355186000000685,1743.150096240000039
"Block Group 3, Census Tract 3532, Middlesex County, Massachusetts",250173532003,N,Cambridge,992.000000000000000,630.000000000000000,36.491935480000002,428.000000000000000,7,1.635514020000000,181944.000000000000000,215.611785889999993,0,107490.000000000000000,127.380455019999999, , ,M,Yes,M,1,Minority,68517.406520400007139,1186.041817280000032
"Block Group 5, Census Tract 3686, Middlesex County, Massachusetts",250173686005,N,Waltham,1319.000000000000000,721.000000000000000,45.337376800000001,597.000000000000000,0,0.000000000000000,114926.000000000000000,136.192443849999989,0,95851.000000000000000,113.587722779999993, , ,M,Yes,M,1,Minority,167010.836535000009462,2109.859974479999892
"Block Group 1, Census Tract 3687, Middlesex County, Massachusetts",250173687001,N,Waltham,1321.000000000000000,560.000000000000000,57.607872819999997,518.000000000000000,17,3.281853200000000,96042.000000000000000,113.814064029999997,0,95851.000000000000000,113.587722779999993, , ,M,Yes,M,1,Minority,194595.049587999994401,2245.032545590000154
"Block Group 2, Census Tract 3687, Middlesex County, Massachusetts",250173687002,N,Waltham,1363.000000000000000,509.000000000000000,62.655906090000002,574.000000000000000,105,18.292682650000000,53900.000000000000000,63.873912810000000,0,95851.000000000000000,113.587722779999993,I, ,M,Yes,MI,2,Minority and income,545569.650786999962293,3231.576648839999962
"Block Group 5, Census Tract 3603, Middlesex County, Massachusetts",250173603005,N,Lincoln,1449.000000000000000,847.000000000000000,41.545893720000002,542.000000000000000,0,0.000000000000000,107656.000000000000000,127.577178959999998,0,140888.000000000000000,166.958587649999998, , ,M,Yes,M,1,Minority,1514184.292640000116080,4923.397158269999636
"Block Group 3, Census Tract 3835.02, Middlesex County, Massachusetts",250173835023,N,Framingham,2207.000000000000000,1572.000000000000000,28.772088810000000,175.000000000000000,11,6.285714150000000,58281.000000000000000,69.065589900000006,0,86322.000000000000000,102.295433040000006, , ,M,Yes,M,1,Minority,667296.680878999992274,4822.796446330000435
"Block Group 1, Census Tract 3530, Middlesex County, Massachusetts",250173530001,N,Cambridge,2211.000000000000000,1306.000000000000000,40.931705110000003,1225.000000000000000,24,1.959183690000000,118772.000000000000000,140.750137330000001,0,107490.000000000000000,127.380455019999999, , ,M,Yes,M,1,Minority,171074.983319999999367,1646.691823630000044
"Block Group 1, Census Tract 3531.01, Middlesex County, Massachusetts",250173531011,N,Cambridge,1178.000000000000000,449.000000000000000,61.884550079999997,322.000000000000000,0,0.000000000000000,107692.000000000000000,127.619834900000001,0,107490.000000000000000,127.380455019999999, , ,M,Yes,M,1,Minority,210447.798382999986643,2436.013562229999934
"Block Group 2, Census Tract 3531.01, Middlesex County, Massachusetts",250173531012,N,Cambridge,2463.000000000000000,1151.000000000000000,53.268371899999998,1101.000000000000000,134,12.170753480000000,84779.000000000000000,100.466911319999994,0,107490.000000000000000,127.380455019999999, , ,M,Yes,M,1,Minority,245879.926367000007303,2735.797262930000215
"Block Group 1, Census Tract 3531.02, Middlesex County, Massachusetts",250173531021,N,Cambridge,1646.000000000000000,692.000000000000000,57.958687730000001,242.000000000000000,9,3.719008210000000,79167.000000000000000,93.816436769999996,0,107490.000000000000000,127.380455019999999, , ,M,Yes,M,1,Minority,485532.976835999987088,2983.258545480000066
"Block Group 3, Census Tract 3533, Middlesex County, Massachusetts",250173533003,N,Cambridge,1070.000000000000000,766.000000000000000,28.411214950000002,609.000000000000000,9,1.477832560000000,141933.000000000000000,168.196960450000006,0,107490.000000000000000,127.380455019999999, , ,M,Yes,M,1,Minority,328045.584794000023976,2493.862261490000037
"Block Group 2, Census Tract 3536, Middlesex County, Massachusetts",250173536002,N,Cambridge,1825.000000000000000,865.000000000000000,52.602739730000003,272.000000000000000,0,0.000000000000000,55270.000000000000000,65.497421259999996,0,107490.000000000000000,127.380455019999999,I, ,M,Yes,MI,2,Minority and income,342479.689188999996986,2773.760041280000223
"Block Group 2, Census Tract 3533, Middlesex County, Massachusetts",250173533002,N,Cambridge,1578.000000000000000,1019.000000000000000,35.424588090000000,827.000000000000000,35,4.232164380000000,104875.000000000000000,124.281570430000002,0,107490.000000000000000,127.380455019999999, , ,M,Yes,M,1,Minority,127302.458293000003323,1461.250509499999907
"Block Group 1, Census Tract 3539, Middlesex County, Massachusetts",250173539001,N,Cambridge,2149.000000000000000,1074.000000000000000,50.023266640000003,565.000000000000000,29,5.132743360000000,58250.000000000000000,69.028854370000005,0,107490.000000000000000,127.380455019999999, , ,M,Yes,M,1,Minority,101324.707689999995637,1363.411557420000008
"Block Group 2, Census Tract 3688, Middlesex County, Massachusetts",250173688002,N,Waltham,1452.000000000000000,709.000000000000000,51.170798900000001,517.000000000000000,8,1.547388790000000,78438.000000000000000,92.952537539999994,0,95851.000000000000000,113.587722779999993, , ,M,Yes,M,1,Minority,511068.777752000023611,3796.718779119999908
"Block Group 5, Census Tract 3688, Middlesex County, Massachusetts",250173688005,N,Waltham,1179.000000000000000,476.000000000000000,59.626802370000000,455.000000000000000,48,10.549450869999999,90360.000000000000000,107.080642699999999,0,95851.000000000000000,113.587722779999993, , ,M,Yes,M,1,Minority,195605.648871000012150,1845.918185320000021
"Block Group 5, Census Tract 3689.01, Middlesex County, Massachusetts",250173689015,N,Waltham,1985.000000000000000,1113.000000000000000,43.929471030000002,1240.000000000000000,13,1.048387050000000,115172.000000000000000,136.483978269999994,0,95851.000000000000000,113.587722779999993, , ,M,Yes,M,1,Minority,916952.734561000019312,5230.583655049999834
"Block Group 6, Census Tract 3689.01, Middlesex County, Massachusetts",250173689016,N,Waltham,1060.000000000000000,760.000000000000000,28.301886790000001,470.000000000000000,7,1.489361640000000,78000.000000000000000,92.433486939999995,0,95851.000000000000000,113.587722779999993, , ,M,Yes,M,1,Minority,403687.492333000001963,3756.718046970000159
"Block Group 4, Census Tract 3840.03, Middlesex County, Massachusetts",250173840034,N,Framingham,1940.000000000000000,1353.000000000000000,30.257731960000001,614.000000000000000,0,0.000000000000000,182500.000000000000000,216.270660399999997,0,86322.000000000000000,102.295433040000006, , ,M,Yes,M,1,Minority,2628628.311910000164062,8220.901498670000365
"Block Group 3, Census Tract 3612, Middlesex County, Massachusetts",250173612003,N,Concord,620.000000000000000,180.000000000000000,70.967741939999996,0.000000000000000,0,0.000000000000000,159661.000000000000000,189.205429079999988,0,160392.000000000000000,190.071701050000001, , ,M,Yes,M,1,Minority,206584.947421999997459,1819.583152680000012
"Block Group 1, Census Tract 3833, Middlesex County, Massachusetts",250173833001,N,Framingham,1761.000000000000000,577.000000000000000,67.234525840000003,504.000000000000000,186,36.904762269999999,71386.000000000000000,84.595603940000004,0,86322.000000000000000,102.295433040000006, ,E,M,Yes,ME,2,Minority and English isolation,1564016.966079999925569,5115.612090610000450
"Block Group 3, Census Tract 3531.02, Middlesex County, Massachusetts",250173531023,N,Cambridge,2452.000000000000000,781.000000000000000,68.148450240000003,10.000000000000000,5,50.000000000000000,0.000000000000000,0.000000000000000,0,107490.000000000000000,127.380455019999999, ,E,M,Yes,ME,2,Minority and English isolation,491653.887917999993078,3789.999242750000121
"Block Group 2, Census Tract 3532, Middlesex County, Massachusetts",250173532002,N,Cambridge,1059.000000000000000,556.000000000000000,47.497639280000001,560.000000000000000,0,0.000000000000000,96071.000000000000000,113.848434449999999,0,107490.000000000000000,127.380455019999999, , ,M,Yes,M,1,Minority,180652.559028999996372,2681.297551390000081
"Block Group 4, Census Tract 3532, Middlesex County, Massachusetts",250173532004,N,Cambridge,1913.000000000000000,599.000000000000000,68.687924730000006,257.000000000000000,15,5.836575980000000,131563.000000000000000,155.908035280000007,0,107490.000000000000000,127.380455019999999, , ,M,Yes,M,1,Minority,140604.218179999996210,1768.431994929999973
"Block Group 1, Census Tract 3533, Middlesex County, Massachusetts",250173533001,N,Cambridge,1075.000000000000000,704.000000000000000,34.511627910000001,520.000000000000000,8,1.538461570000000,122031.000000000000000,144.612197879999997,0,107490.000000000000000,127.380455019999999, , ,M,Yes,M,1,Minority,92617.596567200002028,1222.737969459999931
"Block Group 1, Census Tract 3543, Middlesex County, Massachusetts",250173543001,N,Cambridge,1344.000000000000000,609.000000000000000,54.687500000000000,575.000000000000000,40,6.956521510000000,101228.000000000000000,119.959709169999996,0,107490.000000000000000,127.380455019999999, , ,M,Yes,M,1,Minority,137815.393628999998327,1829.541867259999890
"Block Group 2, Census Tract 3546.02, Middlesex County, Massachusetts",250173546022,N,Cambridge,1033.000000000000000,752.000000000000000,27.202323329999999,595.000000000000000,0,0.000000000000000,119472.000000000000000,141.579666140000000,0,107490.000000000000000,127.380455019999999, , ,M,Yes,M,1,Minority,148484.492755999992369,1748.999798199999987
"Block Group 1, Census Tract 3549.02, Middlesex County, Massachusetts",250173549021,N,Cambridge,1311.000000000000000,904.000000000000000,31.045003810000001,626.000000000000000,10,1.597444060000000,166474.000000000000000,197.279144290000005,0,107490.000000000000000,127.380455019999999, , ,M,Yes,M,1,Minority,143219.584610999998404,2070.340958190000038
"Block Group 1, Census Tract 3547, Middlesex County, Massachusetts",250173547001,N,Cambridge,1428.000000000000000,957.000000000000000,32.983193280000002,503.000000000000000,77,15.308151250000000,158625.000000000000000,187.977722169999993,0,107490.000000000000000,127.380455019999999, , ,M,Yes,M,1,Minority,207456.877512000006391,2159.716653829999814
"Block Group 2, Census Tract 3547, Middlesex County, Massachusetts",250173547002,N,Cambridge,1431.000000000000000,1042.000000000000000,27.183787559999999,624.000000000000000,0,0.000000000000000,129444.000000000000000,153.396926879999995,0,107490.000000000000000,127.380455019999999, , ,M,Yes,M,1,Minority,147895.650698999990709,1932.154075250000005
"Block Group 2, Census Tract 3689.02, Middlesex County, Massachusetts",250173689022,N,Waltham,751.000000000000000,365.000000000000000,51.398135820000000,232.000000000000000,65,28.017240520000001,54000.000000000000000,63.992416380000002,0,95851.000000000000000,113.587722779999993,I,E,M,Yes,MIE,3,"Minority, income and English isolation",161524.813018999993801,2178.464557029999924
"Block Group 1, Census Tract 3691, Middlesex County, Massachusetts",250173691001,N,Waltham,869.000000000000000,656.000000000000000,24.510932109999999,320.000000000000000,10,3.125000000000000,94583.000000000000000,112.085083010000005,0,95851.000000000000000,113.587722779999993, , ,M,Yes,M,1,Minority,245824.217922999989241,2179.462455159999990
"Block Group 5, Census Tract 3701.01, Middlesex County, Massachusetts",250173701015,N,Watertown,1672.000000000000000,1118.000000000000000,33.133971289999998,893.000000000000000,51,5.711086270000000,94155.000000000000000,111.577888490000007,0,100434.000000000000000,119.018783569999997, , ,M,Yes,M,1,Minority,283319.908706000016537,2772.177360839999892
"Block Group 1, Census Tract 3701.03, Middlesex County, Massachusetts",250173701031,N,Watertown,1750.000000000000000,1056.000000000000000,39.657142860000000,891.000000000000000,76,8.529742239999999,75096.000000000000000,88.992118840000003,0,100434.000000000000000,119.018783569999997, , ,M,Yes,M,1,Minority,239852.732336999994004,2107.817350629999964
"Block Group 3, Census Tract 3688, Middlesex County, Massachusetts",250173688003,N,Waltham,1200.000000000000000,896.000000000000000,25.333333329999999,519.000000000000000,47,9.055876730000000,86250.000000000000000,102.210105900000002,0,95851.000000000000000,113.587722779999993, , ,M,Yes,M,1,Minority,500667.038072000024840,3254.734784729999774
"Block Group 4, Census Tract 3688, Middlesex County, Massachusetts",250173688004,N,Waltham,995.000000000000000,600.000000000000000,39.698492459999997,447.000000000000000,9,2.013422730000000,96660.000000000000000,114.546424869999996,0,95851.000000000000000,113.587722779999993, , ,M,Yes,M,1,Minority,260812.683909000013955,2387.141760319999776
"Block Group 1, Census Tract 3689.02, Middlesex County, Massachusetts",250173689021,N,Waltham,2093.000000000000000,639.000000000000000,69.469660770000004,782.000000000000000,81,10.358056070000000,65455.000000000000000,77.567100519999997,0,95851.000000000000000,113.587722779999993, , ,M,Yes,M,1,Minority,504347.687445999996271,3574.230543489999945
"Block Group 1, Census Tract 3536, Middlesex County, Massachusetts",250173536001,N,Cambridge,1816.000000000000000,1318.000000000000000,27.422907490000000,782.000000000000000,0,0.000000000000000,150463.000000000000000,178.305389399999996,0,107490.000000000000000,127.380455019999999, , ,M,Yes,M,1,Minority,285103.766890999977477,3158.963571799999954
"Block Group 3, Census Tract 3536, Middlesex County, Massachusetts",250173536003,N,Cambridge,1505.000000000000000,1003.000000000000000,33.355481730000001,575.000000000000000,0,0.000000000000000,145983.000000000000000,172.996383670000000,0,107490.000000000000000,127.380455019999999, , ,M,Yes,M,1,Minority,175856.527354999998352,1926.945685019999928
"Block Group 2, Census Tract 3537, Middlesex County, Massachusetts",250173537002,N,Cambridge,1198.000000000000000,819.000000000000000,31.636060100000002,572.000000000000000,43,7.517482280000000,94808.000000000000000,112.351722719999998,0,107490.000000000000000,127.380455019999999, , ,M,Yes,M,1,Minority,147434.873695999995107,1666.233748359999936
"Block Group 3, Census Tract 3537, Middlesex County, Massachusetts",250173537003,N,Cambridge,1373.000000000000000,598.000000000000000,56.445739260000003,0.000000000000000,0,0.000000000000000,0.000000000000000,0.000000000000000,0,107490.000000000000000,127.380455019999999, , ,M,Yes,M,1,Minority,106280.973972000007052,1285.322266899999931
"Block Group 4, Census Tract 3537, Middlesex County, Massachusetts",250173537004,N,Cambridge,876.000000000000000,335.000000000000000,61.757990870000000,228.000000000000000,111,48.684211730000001,48833.000000000000000,57.869289400000000,0,107490.000000000000000,127.380455019999999,I,E,M,Yes,MIE,3,"Minority, income and English isolation",52345.728311300001224,1245.268195090000063
"Block Group 1, Census Tract 3548, Middlesex County, Massachusetts",250173548001,N,Cambridge,1082.000000000000000,783.000000000000000,27.634011090000001,379.000000000000000,0,0.000000000000000,144688.000000000000000,171.461746220000009,0,107490.000000000000000,127.380455019999999, , ,M,Yes,M,1,Minority,132233.411309999995865,1816.061449439999933
"Block Group 3, Census Tract 3549.02, Middlesex County, Massachusetts",250173549023,N,Cambridge,2070.000000000000000,58.000000000000000,97.198067629999997,890.000000000000000,313,35.168540950000001,39213.000000000000000,46.469158170000000,0,107490.000000000000000,127.380455019999999,I,E,M,Yes,MIE,3,"Minority, income and English isolation",74163.649598999996670,1114.615282040000011
"Block Group 2, Census Tract 3550, Middlesex County, Massachusetts",250173550002,N,Cambridge,1309.000000000000000,803.000000000000000,38.655462180000001,607.000000000000000,34,5.601317880000000,102824.000000000000000,121.851036070000006,0,107490.000000000000000,127.380455019999999, , ,M,Yes,M,1,Minority,178500.279673000011826,1990.230515969999942
"Block Group 7, Census Tract 3564, Middlesex County, Massachusetts",250173564007,N,Arlington,860.000000000000000,609.000000000000000,29.186046510000001,270.000000000000000,0,0.000000000000000,138611.000000000000000,164.260238649999991,0,114576.000000000000000,135.777679440000014, , ,M,Yes,M,1,Minority,249498.946204999985639,2646.698064629999863
"Block Group 2, Census Tract 3701.03, Middlesex County, Massachusetts",250173701032,N,Watertown,1031.000000000000000,708.000000000000000,31.328806980000000,463.000000000000000,12,2.591792580000000,83482.000000000000000,98.929901119999997,0,100434.000000000000000,119.018783569999997, , ,M,Yes,M,1,Minority,200095.176604999986012,1923.709508959999994
"Block Group 3, Census Tract 3701.03, Middlesex County, Massachusetts",250173701033,N,Watertown,763.000000000000000,558.000000000000000,26.867627790000000,400.000000000000000,0,0.000000000000000,102371.000000000000000,119.253753660000001,1,100434.000000000000000,119.018783569999997, , ,M,Yes,M,1,Minority,229690.070007000002079,2393.821543890000157
"Block Group 1, Census Tract 3701.04, Middlesex County, Massachusetts",250173701041,N,Watertown,1851.000000000000000,1325.000000000000000,28.417071849999999,1042.000000000000000,54,5.182341580000000,106600.000000000000000,126.325767519999999,0,100434.000000000000000,119.018783569999997, , ,M,Yes,M,1,Minority,837957.980455999961123,3863.009026270000049
"Block Group 1, Census Tract 3851.02, Middlesex County, Massachusetts",250173851021,N,Ashland,1522.000000000000000,1032.000000000000000,32.194480949999999,546.000000000000000,0,0.000000000000000,131707.000000000000000,156.078689580000002,0,118348.000000000000000,140.247680659999986, , ,M,Yes,M,1,Minority,2325243.753080000169575,6357.444103969999560
"Block Group 2, Census Tract 3851.02, Middlesex County, Massachusetts",250173851022,N,Ashland,1387.000000000000000,1011.000000000000000,27.108868059999999,468.000000000000000,46,9.829059600000001,54500.000000000000000,64.584938050000005,0,118348.000000000000000,140.247680659999986,I, ,M,Yes,MI,2,Minority and income,1685495.417630000039935,7771.780097619999651
"Block Group 1, Census Tract 3852.03, Middlesex County, Massachusetts",250173852031,N,Ashland,1326.000000000000000,887.000000000000000,33.107088990000001,531.000000000000000,16,3.013182640000000,72721.000000000000000,86.177635190000004,0,118348.000000000000000,140.247680659999986, , ,M,Yes,M,1,Minority,2124245.886669999919832,6319.896196239999881
"Block Group 5, Census Tract 3537, Middlesex County, Massachusetts",250173537005,N,Cambridge,941.000000000000000,482.000000000000000,48.777895860000001,291.000000000000000,38,13.058419230000000,52240.000000000000000,61.906738279999999,0,107490.000000000000000,127.380455019999999,I, ,M,Yes,MI,2,Minority and income,101143.733181999996305,1790.061789220000037
"Block Group 1, Census Tract 3538, Middlesex County, Massachusetts",250173538001,N,Cambridge,1440.000000000000000,856.000000000000000,40.555555560000002,629.000000000000000,41,6.518282890000000,130625.000000000000000,154.796463009999997,0,107490.000000000000000,127.380455019999999, , ,M,Yes,M,1,Minority,69732.205201399992802,1083.658959939999932
"Block Group 3, Census Tract 3538, Middlesex County, Massachusetts",250173538003,N,Cambridge,847.000000000000000,582.000000000000000,31.286894920000002,451.000000000000000,23,5.099778180000000,101131.000000000000000,119.844757079999994,0,107490.000000000000000,127.380455019999999, , ,M,Yes,M,1,Minority,56579.564473999998881,1022.047899779999966
"Block Group 4, Census Tract 3538, Middlesex County, Massachusetts",250173538004,N,Cambridge,815.000000000000000,501.000000000000000,38.527607359999998,320.000000000000000,63,19.687500000000000,92426.000000000000000,109.528945919999998,0,107490.000000000000000,127.380455019999999, , ,M,Yes,M,1,Minority,53333.740168399999675,954.535577388999968
"Block Group 2, Census Tract 3539, Middlesex County, Massachusetts",250173539002,N,Cambridge,1661.000000000000000,667.000000000000000,59.843467789999998,882.000000000000000,63,7.142857070000000,75268.000000000000000,89.195945739999999,0,107490.000000000000000,127.380455019999999, , ,M,Yes,M,1,Minority,164690.864669000002323,2512.792894400000023
"Block Group 3, Census Tract 3539, Middlesex County, Massachusetts",250173539003,N,Cambridge,2329.000000000000000,1095.000000000000000,52.984113350000001,28.000000000000000,0,0.000000000000000,0.000000000000000,0.000000000000000,0,107490.000000000000000,127.380455019999999, , ,M,Yes,M,1,Minority,109717.674276999998256,1445.895596329999989
"Block Group 8, Census Tract 3564, Middlesex County, Massachusetts",250173564008,N,Arlington,1614.000000000000000,1188.000000000000000,26.394052039999998,541.000000000000000,0,0.000000000000000,145764.000000000000000,172.736862180000003,0,114576.000000000000000,135.777679440000014, , ,M,Yes,M,1,Minority,464786.454688000027090,3061.331980989999920
"Block Group 2, Census Tract 3565, Middlesex County, Massachusetts",250173565002,N,Arlington,1214.000000000000000,875.000000000000000,27.924217460000001,521.000000000000000,0,0.000000000000000,149519.000000000000000,177.186706539999989,0,114576.000000000000000,135.777679440000014, , ,M,Yes,M,1,Minority,266825.153203999972902,2256.320686399999886
"Block Group 6, Census Tract 3565, Middlesex County, Massachusetts",250173565006,N,Arlington,1002.000000000000000,733.000000000000000,26.846307390000000,199.000000000000000,15,7.537688260000000,147188.000000000000000,174.424362180000003,0,114576.000000000000000,135.777679440000014, , ,M,Yes,M,1,Minority,537763.248747000005096,4391.880016889999752
"Block Group 2, Census Tract 3701.04, Middlesex County, Massachusetts",250173701042,N,Watertown,1883.000000000000000,1329.000000000000000,29.421136480000001,741.000000000000000,0,0.000000000000000,103646.000000000000000,122.825149539999998,0,100434.000000000000000,119.018783569999997, , ,M,Yes,M,1,Minority,531735.980734999990091,3599.672688329999801
"Block Group 1, Census Tract 3703.01, Middlesex County, Massachusetts",250173703011,N,Watertown,641.000000000000000,378.000000000000000,41.029641190000000,224.000000000000000,0,0.000000000000000,117778.000000000000000,139.572204590000013,0,100434.000000000000000,119.018783569999997, , ,M,Yes,M,1,Minority,236434.730520000011893,2279.816448420000143
"Block Group 3, Census Tract 3703.01, Middlesex County, Massachusetts",250173703013,N,Watertown,1058.000000000000000,676.000000000000000,36.105860110000002,625.000000000000000,54,8.640000340000000,95974.000000000000000,113.733482359999996,0,100434.000000000000000,119.018783569999997, , ,M,Yes,M,1,Minority,998177.838041999959387,4914.918792469999971
"Block Group 1, Census Tract 3681.02, Middlesex County, Massachusetts",250173681021,N,Waltham,2860.000000000000000,1844.000000000000000,35.524475520000003,957.000000000000000,50,5.224660400000000,127829.000000000000000,151.483078000000006,0,95851.000000000000000,113.587722779999993, , ,M,Yes,M,1,Minority,1301374.196539999917150,5614.376516190000075
"Block Group 2, Census Tract 3681.01, Middlesex County, Massachusetts",250173681012,N,Waltham,1397.000000000000000,1038.000000000000000,25.697924120000000,615.000000000000000,0,0.000000000000000,141875.000000000000000,168.128219599999994,0,95851.000000000000000,113.587722779999993, , ,M,Yes,M,1,Minority,831310.622572000022046,5570.461515809999582
"Block Group 1, Census Tract 3540, Middlesex County, Massachusetts",250173540001,N,Cambridge,1636.000000000000000,1208.000000000000000,26.161369189999998,811.000000000000000,51,6.288532730000000,86103.000000000000000,102.035903930000003,0,107490.000000000000000,127.380455019999999, , ,M,Yes,M,1,Minority,151922.994562000007136,1899.598320099999910
"Block Group 2, Census Tract 3540, Middlesex County, Massachusetts",250173540002,N,Cambridge,2107.000000000000000,1229.000000000000000,41.670621740000001,537.000000000000000,12,2.234636780000000,111042.000000000000000,131.589736939999995,0,107490.000000000000000,127.380455019999999, , ,M,Yes,M,1,Minority,161986.401406999997562,1986.422978390000026
"Block Group 3, Census Tract 3540, Middlesex County, Massachusetts",250173540003,N,Cambridge,1175.000000000000000,766.000000000000000,34.808510640000002,668.000000000000000,60,8.982035639999999,61797.000000000000000,73.232208249999999,0,107490.000000000000000,127.380455019999999, , ,M,Yes,M,1,Minority,110073.672477999993134,1529.063417979999940
"Block Group 1, Census Tract 3541, Middlesex County, Massachusetts",250173541001,N,Cambridge,1145.000000000000000,764.000000000000000,33.275109170000000,440.000000000000000,24,5.454545500000000,115167.000000000000000,136.478042600000009,0,107490.000000000000000,127.380455019999999, , ,M,Yes,M,1,Minority,270053.625112999987323,2102.076625100000001
"Block Group 4, Census Tract 3566.01, Middlesex County, Massachusetts",250173566014,N,Arlington,944.000000000000000,610.000000000000000,35.381355929999998,397.000000000000000,22,5.541561600000000,67917.000000000000000,80.484680179999998,0,114576.000000000000000,135.777679440000014, , ,M,Yes,M,1,Minority,200885.104464000003645,1946.771834189999936
"Block Group 5, Census Tract 3566.01, Middlesex County, Massachusetts",250173566015,N,Arlington,1158.000000000000000,652.000000000000000,43.696027630000003,518.000000000000000,81,15.637065890000001,83875.000000000000000,99.395629880000001,0,114576.000000000000000,135.777679440000014, , ,M,Yes,M,1,Minority,343437.171183999977075,2636.000364959999843
"Block Group 3, Census Tract 3567.01, Middlesex County, Massachusetts",250173567013,N,Arlington,1435.000000000000000,1013.000000000000000,29.407665510000001,607.000000000000000,70,11.532125470000000,82679.000000000000000,97.978317259999997,0,114576.000000000000000,135.777679440000014, , ,M,Yes,M,1,Minority,228799.284065999992890,2316.805869620000067
"Block Group 4, Census Tract 3567.01, Middlesex County, Massachusetts",250173567014,N,Arlington,686.000000000000000,480.000000000000000,30.029154519999999,316.000000000000000,21,6.645569800000000,70183.000000000000000,83.169998170000000,0,114576.000000000000000,135.777679440000014, , ,M,Yes,M,1,Minority,123102.448688000004040,1882.163260860000037
"Block Group 4, Census Tract 3703.01, Middlesex County, Massachusetts",250173703014,N,Watertown,852.000000000000000,579.000000000000000,32.042253520000003,275.000000000000000,0,0.000000000000000,68516.000000000000000,81.194526670000002,0,100434.000000000000000,119.018783569999997, , ,M,Yes,M,1,Minority,134683.041951999999583,1773.418209769999976
"Block Group 5, Census Tract 3703.01, Middlesex County, Massachusetts",250173703015,N,Watertown,720.000000000000000,528.000000000000000,26.666666670000001,447.000000000000000,0,0.000000000000000,54188.000000000000000,64.215202329999997,0,100434.000000000000000,119.018783569999997,I, ,M,Yes,MI,2,Minority and income,116634.609849999993457,1828.063609020000058
"Block Group 1, Census Tract 3703.02, Middlesex County, Massachusetts",250173703021,N,Watertown,306.000000000000000,246.000000000000000,19.607843140000000,142.000000000000000,37,26.056337360000001,18148.000000000000000,21.506191250000001,0,100434.000000000000000,119.018783569999997,I,E, ,Yes,IE,2,Income and English isolation,505437.556148000003304,4373.700846030000321
"Block Group 3, Census Tract 3585, Middlesex County, Massachusetts",250173585003,N,Lexington,2214.000000000000000,1169.000000000000000,47.199638659999998,708.000000000000000,30,4.237288000000000,227955.000000000000000,270.136871340000027,0,185686.000000000000000,220.046218869999990, , ,M,Yes,M,1,Minority,2476375.418029999826103,7381.406664099999944
"Block Group 1, Census Tract 3586, Middlesex County, Massachusetts",250173586001,N,Lexington,1289.000000000000000,757.000000000000000,41.272304110000000,549.000000000000000,0,0.000000000000000,159422.000000000000000,188.922195429999988,0,185686.000000000000000,220.046218869999990, , ,M,Yes,M,1,Minority,1964241.207489999942482,7055.911020229999849
"Block Group 5, Census Tract 3586, Middlesex County, Massachusetts",250173586005,N,Lexington,1323.000000000000000,779.000000000000000,41.118669689999997,423.000000000000000,0,0.000000000000000,227614.000000000000000,269.732757569999990,0,185686.000000000000000,220.046218869999990, , ,M,Yes,M,1,Minority,782205.828590000048280,3419.556384680000065
"Block Group 2, Census Tract 3541, Middlesex County, Massachusetts",250173541002,N,Cambridge,1744.000000000000000,1244.000000000000000,28.669724769999998,767.000000000000000,14,1.825293300000000,135114.000000000000000,160.116134640000013,0,107490.000000000000000,127.380455019999999, , ,M,Yes,M,1,Minority,410994.334336000028998,3805.183148890000211
"Block Group 2, Census Tract 3543, Middlesex County, Massachusetts",250173543002,N,Cambridge,823.000000000000000,594.000000000000000,27.825030380000001,321.000000000000000,10,3.115264890000000,129946.000000000000000,153.991821289999990,0,107490.000000000000000,127.380455019999999, , ,M,Yes,M,1,Minority,230726.145523000013782,3707.253373590000137
"Block Group 2, Census Tract 3544, Middlesex County, Massachusetts",250173544002,N,Cambridge,894.000000000000000,646.000000000000000,27.740492170000000,434.000000000000000,14,3.225806470000000,161250.000000000000000,191.088470459999996,0,107490.000000000000000,127.380455019999999, , ,M,Yes,M,1,Minority,113841.845383000007132,1422.592812289999983
"Block Group 1, Census Tract 3567.03, Middlesex County, Massachusetts",250173567031,N,Arlington,1577.000000000000000,1173.000000000000000,25.618262519999998,1020.000000000000000,108,10.588234900000000,58269.000000000000000,69.051368710000006,0,114576.000000000000000,135.777679440000014, , ,M,Yes,M,1,Minority,421665.889253999979701,3198.961784040000111
"Block Group 4, Census Tract 3567.04, Middlesex County, Massachusetts",250173567044,N,Arlington,816.000000000000000,496.000000000000000,39.215686269999999,414.000000000000000,37,8.937197690000000,63897.000000000000000,75.720802309999996,0,114576.000000000000000,135.777679440000014, , ,M,Yes,M,1,Minority,295770.216560999979265,2355.459029229999942
"Block Group 2, Census Tract 3704.01, Middlesex County, Massachusetts",250173704012,N,Watertown,2060.000000000000000,1346.000000000000000,34.660194169999997,719.000000000000000,132,18.358831410000001,150362.000000000000000,178.185699459999995,0,100434.000000000000000,119.018783569999997, , ,M,Yes,M,1,Minority,375192.788133000023663,3273.890457179999885
"Block Group 1, Census Tract 3704.03, Middlesex County, Massachusetts",250173704031,N,Watertown,744.000000000000000,482.000000000000000,35.215053760000004,364.000000000000000,30,8.241758350000000,60481.000000000000000,71.672691349999994,0,100434.000000000000000,119.018783569999997, , ,M,Yes,M,1,Minority,152771.718896000005770,2038.209267819999923
"Block Group 2, Census Tract 3704.03, Middlesex County, Massachusetts",250173704032,N,Watertown,1326.000000000000000,964.000000000000000,27.300150830000000,602.000000000000000,43,7.142857070000000,112731.000000000000000,133.591278079999995,0,100434.000000000000000,119.018783569999997, , ,M,Yes,M,1,Minority,358410.640123000019230,3134.786146079999980
"Block Group 1, Census Tract 3566.02, Middlesex County, Massachusetts",250173566021,N,Arlington,1688.000000000000000,1261.000000000000000,25.296208530000001,851.000000000000000,0,0.000000000000000,78385.000000000000000,92.889732359999996,0,114576.000000000000000,135.777679440000014, , ,M,Yes,M,1,Minority,421808.926075999974273,3488.027264350000223
"Block Group 3, Census Tract 3577, Middlesex County, Massachusetts",250173577003,N,Belmont,1080.000000000000000,625.000000000000000,42.129629629999997,543.000000000000000,7,1.289134380000000,112321.000000000000000,133.105407710000009,0,140500.000000000000000,166.498779299999995, , ,M,Yes,M,1,Minority,323130.628150000004098,3507.058124520000092
"Block Group 3, Census Tract 3685, Middlesex County, Massachusetts",250173685003,N,Waltham,1471.000000000000000,723.000000000000000,50.849762069999997,751.000000000000000,74,9.853528980000000,79013.000000000000000,93.633941649999997,0,95851.000000000000000,113.587722779999993, , ,M,Yes,M,1,Minority,211495.913384999992559,1949.813233009999976
"Block Group 2, Census Tract 3545, Middlesex County, Massachusetts",250173545002,N,Cambridge,1000.000000000000000,706.000000000000000,29.399999999999999,438.000000000000000,0,0.000000000000000,150395.000000000000000,175.197738649999991,1,107490.000000000000000,127.380455019999999, , ,M,Yes,M,1,Minority,219147.403976000001421,2328.297887040000205
"Block Group 2, Census Tract 3546.01, Middlesex County, Massachusetts",250173546012,N,Cambridge,1641.000000000000000,953.000000000000000,41.925655089999999,759.000000000000000,63,8.300395010000001,102417.000000000000000,121.368728640000000,0,107490.000000000000000,127.380455019999999, , ,M,Yes,M,1,Minority,584893.483857000013813,3258.636540810000042
"Block Group 1, Census Tract 3546.02, Middlesex County, Massachusetts",250173546021,N,Cambridge,1742.000000000000000,611.000000000000000,64.925373129999997,673.000000000000000,46,6.835066800000000,92232.000000000000000,107.442657470000000,1,107490.000000000000000,127.380455019999999, , ,M,Yes,M,1,Minority,135104.399650000006659,1479.363326240000106
"Block Group 3, Census Tract 3546.02, Middlesex County, Massachusetts",250173546023,N,Cambridge,1410.000000000000000,750.000000000000000,46.808510640000002,593.000000000000000,0,0.000000000000000,131424.000000000000000,155.743316649999997,0,107490.000000000000000,127.380455019999999, , ,M,Yes,M,1,Minority,445401.450559000018984,2597.932276080000065
"Block Group 2, Census Tract 3548, Middlesex County, Massachusetts",250173548002,N,Cambridge,1241.000000000000000,883.000000000000000,28.847703460000002,682.000000000000000,17,2.492668630000000,130938.000000000000000,155.167388920000008,0,107490.000000000000000,127.380455019999999, , ,M,Yes,M,1,Minority,178256.987143000005744,1782.844688480000059
"Block Group 1, Census Tract 3583, Middlesex County, Massachusetts",250173583001,N,Lexington,2593.000000000000000,1351.000000000000000,47.898187430000000,983.000000000000000,24,2.441505670000000,135481.000000000000000,160.551040650000004,0,185686.000000000000000,220.046218869999990, , ,M,Yes,M,1,Minority,1875137.640379999997094,6663.838385629999721
"Block Group 3, Census Tract 3583, Middlesex County, Massachusetts",250173583003,N,Lexington,810.000000000000000,402.000000000000000,50.370370370000003,221.000000000000000,0,0.000000000000000,208958.000000000000000,247.624572749999999,0,185686.000000000000000,220.046218869999990, , ,M,Yes,M,1,Minority,1258407.531320000067353,6411.992050689999814
"Block Group 1, Census Tract 3732, Middlesex County, Massachusetts",250173732001,N,Newton,1218.000000000000000,758.000000000000000,37.766830870000000,621.000000000000000,102,16.425121310000002,52450.000000000000000,62.155597690000000,0,154398.000000000000000,182.968536379999989,I, , ,Yes,I,1,Income,377190.425594999978784,3795.952560019999964
"Block Group 1, Census Tract 3739.02, Middlesex County, Massachusetts",250173739021,N,Newton,931.000000000000000,535.000000000000000,42.534908700000003,449.000000000000000,11,2.449888710000000,106250.000000000000000,125.911003109999996,0,154398.000000000000000,182.968536379999989, , ,M,Yes,M,1,Minority,152989.536889000009978,1947.499923229999922
"Block Group 4, Census Tract 3825, Middlesex County, Massachusetts",250173825004,N,Natick,1658.000000000000000,1093.000000000000000,34.077201449999997,608.000000000000000,78,12.828947070000000,111129.000000000000000,131.692840579999995,0,115652.000000000000000,137.052795409999987, , ,M,Yes,M,1,Minority,1572435.210600000107661,7226.848597979999795
"Block Group 3, Census Tract 3681.01, Middlesex County, Massachusetts",250173681013,N,Waltham,1116.000000000000000,691.000000000000000,38.082437280000001,338.000000000000000,0,0.000000000000000,103446.000000000000000,122.588134769999996,0,95851.000000000000000,113.587722779999993, , ,M,Yes,M,1,Minority,259305.517957000003662,2869.857208800000080
"Block Group 1, Census Tract 3682, Middlesex County, Massachusetts",250173682001,N,Waltham,1727.000000000000000,1099.000000000000000,36.363636360000001,486.000000000000000,42,8.641975400000000,94375.000000000000000,111.838600159999999,0,95851.000000000000000,113.587722779999993, , ,M,Yes,M,1,Minority,428150.772014999995008,3183.377515350000067
"Block Group 1, Census Tract 3683, Middlesex County, Massachusetts",250173683001,N,Waltham,1297.000000000000000,663.000000000000000,48.882035469999998,642.000000000000000,47,7.320872310000000,70942.000000000000000,84.069442749999993,0,95851.000000000000000,113.587722779999993, , ,M,Yes,M,1,Minority,444615.397883999976330,3715.745832300000075
"Block Group 3, Census Tract 3683, Middlesex County, Massachusetts",250173683003,N,Waltham,954.000000000000000,478.000000000000000,49.895178199999997,510.000000000000000,34,6.666666510000000,65934.000000000000000,78.134742739999993,0,95851.000000000000000,113.587722779999993, , ,M,Yes,M,1,Minority,186893.681620999996085,2258.447861810000177
"Block Group 1, Census Tract 3549.01, Middlesex County, Massachusetts",250173549011,N,Cambridge,435.000000000000000,207.000000000000000,52.413793099999999,322.000000000000000,0,0.000000000000000,230685.000000000000000,273.372039789999974,0,107490.000000000000000,127.380455019999999, , ,M,Yes,M,1,Minority,241642.125597000005655,2232.833081329999914
"Block Group 2, Census Tract 3549.01, Middlesex County, Massachusetts",250173549012,N,Cambridge,964.000000000000000,331.000000000000000,65.663900409999997,302.000000000000000,41,13.576158520000000,125536.000000000000000,148.765777589999999,0,107490.000000000000000,127.380455019999999, , ,M,Yes,M,1,Minority,149920.858207999990555,1626.945718930000112
"Block Group 3, Census Tract 3549.01, Middlesex County, Massachusetts",250173549013,N,Cambridge,1477.000000000000000,661.000000000000000,55.247122550000000,684.000000000000000,111,16.228069309999999,137874.000000000000000,163.386856080000001,0,107490.000000000000000,127.380455019999999, , ,M,Yes,M,1,Minority,257991.998201999987941,2823.339862410000023
"Block Group 2, Census Tract 3549.02, Middlesex County, Massachusetts",250173549022,N,Cambridge,1318.000000000000000,836.000000000000000,36.570561460000000,505.000000000000000,119,23.564355849999998,137841.000000000000000,163.347747800000008,0,107490.000000000000000,127.380455019999999, , ,M,Yes,M,1,Minority,324081.750801999995019,2672.904152959999919
"Block Group 4, Census Tract 3549.02, Middlesex County, Massachusetts",250173549024,N,Cambridge,917.000000000000000,203.000000000000000,77.862595420000005,238.000000000000000,67,28.151260380000000,29973.000000000000000,34.916069030000003,1,107490.000000000000000,127.380455019999999,I,E,M,Yes,MIE,3,"Minority, income and English isolation",102134.753234999996494,1368.977345300000025
"Block Group 4, Census Tract 3583, Middlesex County, Massachusetts",250173583004,N,Lexington,995.000000000000000,418.000000000000000,57.989949750000001,332.000000000000000,17,5.120481970000000,94375.000000000000000,111.838600159999999,0,185686.000000000000000,220.046218869999990, , ,M,Yes,M,1,Minority,1473454.784089999971911,6345.001469779999752
"Block Group 3, Census Tract 3584, Middlesex County, Massachusetts",250173584003,N,Lexington,1788.000000000000000,1015.000000000000000,43.232662189999999,615.000000000000000,56,9.105690960000000,151168.000000000000000,179.140838620000011,0,185686.000000000000000,220.046218869999990, , ,M,Yes,M,1,Minority,1877861.307000000029802,7523.362788059999730
"Block Group 1, Census Tract 3585, Middlesex County, Massachusetts",250173585001,N,Lexington,2554.000000000000000,1453.000000000000000,43.108848860000002,910.000000000000000,25,2.747252700000000,191131.000000000000000,222.651824949999991,1,185686.000000000000000,220.046218869999990, , ,M,Yes,M,1,Minority,2995641.077260000165552,8392.461679359999835
"Block Group 2, Census Tract 3586, Middlesex County, Massachusetts",250173586002,N,Lexington,679.000000000000000,401.000000000000000,40.942562590000001,207.000000000000000,16,7.729468820000000,204083.000000000000000,241.847488400000003,0,185686.000000000000000,220.046218869999990, , ,M,Yes,M,1,Minority,562555.518955999985337,4134.430073870000342
"Block Group 1, Census Tract 3826.01, Middlesex County, Massachusetts",250173826011,N,Natick,1704.000000000000000,1081.000000000000000,36.561032859999997,465.000000000000000,82,17.634408950000001,123125.000000000000000,145.908630369999997,0,115652.000000000000000,137.052795409999987, , ,M,Yes,M,1,Minority,946624.425510999979451,4438.446334840000418
"Block Group 2, Census Tract 3826.01, Middlesex County, Massachusetts",250173826012,N,Natick,691.000000000000000,423.000000000000000,38.784370480000000,310.000000000000000,9,2.903225900000000,84000.000000000000000,99.543754579999998,0,115652.000000000000000,137.052795409999987, , ,M,Yes,M,1,Minority,293775.728224000020418,2439.297753100000136
"Block Group 4, Census Tract 3826.01, Middlesex County, Massachusetts",250173826014,N,Natick,1388.000000000000000,557.000000000000000,59.870317000000000,817.000000000000000,77,9.424724579999999,98724.000000000000000,116.992355349999997,0,115652.000000000000000,137.052795409999987, , ,M,Yes,M,1,Minority,320040.193333000002895,2439.539016619999984
"Block Group 2, Census Tract 3587, Middlesex County, Massachusetts",250173587002,N,Lexington,1542.000000000000000,892.000000000000000,42.153047989999997,413.000000000000000,0,0.000000000000000,250000.000000000000000,291.229339600000003,1,185686.000000000000000,220.046218869999990, , ,M,Yes,M,1,Minority,2410922.269989999942482,7663.816027679999934
"Block Group 1, Census Tract 3839.03, Middlesex County, Massachusetts",250173839031,N,Framingham,1307.000000000000000,986.000000000000000,24.560061210000001,416.000000000000000,20,4.807692530000000,120338.000000000000000,142.605911249999991,0,86322.000000000000000,102.295433040000006, , ,M,Yes,M,1,Minority,1960602.259700000053272,7073.312729350000154
"Block Group 1, Census Tract 3550, Middlesex County, Massachusetts",250173550001,N,Cambridge,883.000000000000000,587.000000000000000,33.522083809999998,488.000000000000000,11,2.254098420000000,166413.000000000000000,197.206848140000005,0,107490.000000000000000,127.380455019999999, , ,M,Yes,M,1,Minority,177265.107195999997202,2018.822139430000107
"Block Group 3, Census Tract 3550, Middlesex County, Massachusetts",250173550003,N,Cambridge,937.000000000000000,607.000000000000000,35.218783350000002,373.000000000000000,7,1.876675610000000,103750.000000000000000,122.948394780000001,0,107490.000000000000000,127.380455019999999, , ,M,Yes,M,1,Minority,116825.674278000005870,1973.948391890000039
"Block Group 3, Census Tract 3561, Middlesex County, Massachusetts",250173561003,N,Arlington,1011.000000000000000,747.000000000000000,26.112759640000000,360.000000000000000,10,2.777777670000000,157228.000000000000000,186.322219850000010,0,114576.000000000000000,135.777679440000014, , ,M,Yes,M,1,Minority,334720.800931999983732,2956.077114549999806
"Block Group 1, Census Tract 3563, Middlesex County, Massachusetts",250173563001,N,Arlington,1321.000000000000000,732.000000000000000,44.587433760000003,455.000000000000000,31,6.813186650000000,71066.000000000000000,84.216392519999999,0,114576.000000000000000,135.777679440000014, , ,M,Yes,M,1,Minority,265302.244246000016574,2952.302352329999849
"Block Group 3, Census Tract 3586, Middlesex County, Massachusetts",250173586003,N,Lexington,1161.000000000000000,657.000000000000000,43.410852710000000,413.000000000000000,16,3.874092100000000,244766.000000000000000,290.058654789999991,0,185686.000000000000000,220.046218869999990, , ,M,Yes,M,1,Minority,934230.706722000031732,5348.257806110000274
"Block Group 4, Census Tract 3586, Middlesex County, Massachusetts",250173586004,N,Lexington,983.000000000000000,524.000000000000000,46.693794509999996,229.000000000000000,29,12.663755419999999,157212.000000000000000,186.303253170000005,0,185686.000000000000000,220.046218869999990, , ,M,Yes,M,1,Minority,666898.019548999960534,4166.976657569999588
"Block Group 6, Census Tract 3586, Middlesex County, Massachusetts",250173586006,N,Lexington,884.000000000000000,408.000000000000000,53.846153850000000,441.000000000000000,0,0.000000000000000,129388.000000000000000,153.330566409999989,0,185686.000000000000000,220.046218869999990, , ,M,Yes,M,1,Minority,3812170.736519999802113,9562.969193349999841
"Block Group 2, Census Tract 3826.02, Middlesex County, Massachusetts",250173826022,N,Natick,1632.000000000000000,1337.000000000000000,18.075980390000002,913.000000000000000,54,5.914567470000000,31528.000000000000000,37.362091059999997,0,115652.000000000000000,137.052795409999987,I, , ,Yes,I,1,Income,1002825.233009999967180,4494.624811439999576
"Block Group 3, Census Tract 3826.02, Middlesex County, Massachusetts",250173826023,N,Natick,1116.000000000000000,804.000000000000000,27.956989249999999,468.000000000000000,26,5.555555340000000,87000.000000000000000,103.098892210000002,0,115652.000000000000000,137.052795409999987, , ,M,Yes,M,1,Minority,820349.869132000021636,3849.319855650000136
"Block Group 2, Census Tract 3571, Middlesex County, Massachusetts",250173571002,N,Belmont,2447.000000000000000,1309.000000000000000,46.505925619999999,766.000000000000000,50,6.527415280000000,100978.000000000000000,119.663444519999999,0,140500.000000000000000,166.498779299999995, , ,M,Yes,M,1,Minority,571075.607082000002265,3384.445416569999907
"Block Group 4, Census Tract 3578, Middlesex County, Massachusetts",250173578004,N,Belmont,943.000000000000000,553.000000000000000,41.357370099999997,299.000000000000000,17,5.685618880000000,70114.000000000000000,83.088226320000004,0,140500.000000000000000,166.498779299999995, , ,M,Yes,M,1,Minority,246156.568627000000561,2377.689860529999805
"Block Group 4, Census Tract 3581, Middlesex County, Massachusetts",250173581004,N,Lexington,1261.000000000000000,689.000000000000000,45.360824739999998,388.000000000000000,21,5.412371160000000,150167.000000000000000,177.954620360000007,0,185686.000000000000000,220.046218869999990, , ,M,Yes,M,1,Minority,1409358.737979999976233,4788.731147260000398
"Block Group 2, Census Tract 3563, Middlesex County, Massachusetts",250173563002,N,Arlington,1051.000000000000000,655.000000000000000,37.678401520000001,777.000000000000000,167,21.492921830000000,69805.000000000000000,82.722045899999998,0,114576.000000000000000,135.777679440000014, , ,M,Yes,M,1,Minority,237436.906936999992467,2196.180098509999880
"Block Group 5, Census Tract 3563, Middlesex County, Massachusetts",250173563005,N,Arlington,800.000000000000000,560.000000000000000,30.000000000000000,375.000000000000000,0,0.000000000000000,155871.000000000000000,184.714111330000009,0,114576.000000000000000,135.777679440000014, , ,M,Yes,M,1,Minority,157199.816019999998389,1887.738488330000109
"Block Group 6, Census Tract 3563, Middlesex County, Massachusetts",250173563006,N,Arlington,744.000000000000000,518.000000000000000,30.376344090000000,309.000000000000000,37,11.974109650000001,140486.000000000000000,166.482192989999987,0,114576.000000000000000,135.777679440000014, , ,M,Yes,M,1,Minority,160454.644697999989148,2070.283001079999849
"Block Group 3, Census Tract 3565, Middlesex County, Massachusetts",250173565003,N,Arlington,1902.000000000000000,1421.000000000000000,25.289169300000001,964.000000000000000,29,3.008298870000000,73789.000000000000000,87.443267820000003,0,114576.000000000000000,135.777679440000014, , ,M,Yes,M,1,Minority,588785.271919999970123,3360.721418480000011
"Block Group 1, Census Tract 3116, Middlesex County, Massachusetts",250173116001,N,Lowell,1589.000000000000000,930.000000000000000,41.472624289999999,518.000000000000000,54,10.424710270000000,117885.000000000000000,139.699005129999989,0,62196.000000000000000,73.705039979999995, , ,M,Yes,M,1,Minority,1820976.775439999997616,8271.905570369999623
"Block Group 2, Census Tract 3116, Middlesex County, Massachusetts",250173116002,N,Lowell,1362.000000000000000,498.000000000000000,63.436123350000003,413.000000000000000,0,0.000000000000000,78288.000000000000000,92.774780269999994,0,62196.000000000000000,73.705039979999995, , ,M,Yes,M,1,Minority,289094.192731000017375,2799.943943679999848
"Block Group 3, Census Tract 3116, Middlesex County, Massachusetts",250173116003,N,Lowell,879.000000000000000,492.000000000000000,44.027303750000002,239.000000000000000,8,3.347280260000000,60924.000000000000000,72.197662350000002,0,62196.000000000000000,73.705039979999995, , ,M,Yes,M,1,Minority,248519.791949000005843,2346.072984169999927
"Block Group 5, Census Tract 3116, Middlesex County, Massachusetts",250173116005,N,Lowell,926.000000000000000,353.000000000000000,61.879049680000001,317.000000000000000,22,6.940063000000000,96250.000000000000000,114.060554499999995,0,62196.000000000000000,73.705039979999995, , ,M,Yes,M,1,Minority,218780.562772000004770,2092.274155609999980
"Block Group 1, Census Tract 3117, Middlesex County, Massachusetts",250173117001,N,Lowell,885.000000000000000,300.000000000000000,66.101694920000000,386.000000000000000,67,17.357513430000001,66250.000000000000000,78.509216309999999,0,62196.000000000000000,73.705039979999995, , ,M,Yes,M,1,Minority,265290.942380000022240,2704.840438879999965
"Block Group 2, Census Tract 3117, Middlesex County, Massachusetts",250173117002,N,Lowell,1215.000000000000000,259.000000000000000,78.683127569999996,361.000000000000000,25,6.925207610000000,76964.000000000000000,91.205780030000000,0,62196.000000000000000,73.705039979999995, , ,M,Yes,M,1,Minority,141634.709681999986060,1808.572517930000004
"Block Group 3, Census Tract 3117, Middlesex County, Massachusetts",250173117003,N,Lowell,1216.000000000000000,249.000000000000000,79.523026320000000,251.000000000000000,35,13.944223400000000,76941.000000000000000,91.178527829999993,0,62196.000000000000000,73.705039979999995, , ,M,Yes,M,1,Minority,155675.242522999993525,2305.081353040000067
"Block Group 1, Census Tract 3416, Middlesex County, Massachusetts",250173416001,N,Malden,805.000000000000000,445.000000000000000,44.720496890000000,401.000000000000000,86,21.446384429999998,0.000000000000000,0.000000000000000,0,73399.000000000000000,86.981101989999999, , ,M,Yes,M,1,Minority,220510.766066999989562,2070.816218389999904
"Block Group 5, Census Tract 3416, Middlesex County, Massachusetts",250173416005,N,Malden,893.000000000000000,376.000000000000000,57.894736840000000,414.000000000000000,51,12.318840979999999,0.000000000000000,0.000000000000000,0,73399.000000000000000,86.981101989999999, , ,M,Yes,M,1,Minority,111970.698128999996698,1353.441251400000056
"Block Group 2, Census Tract 3417, Middlesex County, Massachusetts",250173417002,N,Malden,1170.000000000000000,614.000000000000000,47.521367519999998,302.000000000000000,47,15.562913890000001,61111.000000000000000,72.419265749999994,0,73399.000000000000000,86.981101989999999, , ,M,Yes,M,1,Minority,238766.023822999995900,2389.149496309999904
"Block Group 4, Census Tract 3417, Middlesex County, Massachusetts",250173417004,N,Malden,730.000000000000000,393.000000000000000,46.164383559999997,419.000000000000000,99,23.627685549999999,35833.000000000000000,42.463706969999997,0,73399.000000000000000,86.981101989999999,I, ,M,Yes,MI,2,Minority and income,113687.720472999993945,1502.706820249999964
"Block Group 5, Census Tract 3417, Middlesex County, Massachusetts",250173417005,N,Malden,1142.000000000000000,517.000000000000000,54.728546410000000,476.000000000000000,64,13.445378300000000,64932.000000000000000,76.947326660000002,0,73399.000000000000000,86.981101989999999, , ,M,Yes,M,1,Minority,216282.170956999994814,1948.087645320000092
"Block Group 1, Census Tract 3118, Middlesex County, Massachusetts",250173118001,N,Lowell,1824.000000000000000,256.000000000000000,85.964912279999993,458.000000000000000,24,5.240174770000000,45565.000000000000000,53.996562959999999,0,62196.000000000000000,73.705039979999995,I, ,M,Yes,MI,2,Minority and income,425233.620608999975957,3296.286042969999926
"Block Group 4, Census Tract 3117, Middlesex County, Massachusetts",250173117004,N,Lowell,1874.000000000000000,296.000000000000000,84.204909279999995,547.000000000000000,106,19.378427510000002,85250.000000000000000,101.025062559999995,0,62196.000000000000000,73.705039979999995, , ,M,Yes,M,1,Minority,186705.409871999989264,1772.894867060000024
"Block Group 1, Census Tract 3119, Middlesex County, Massachusetts",250173119001,N,Lowell,1559.000000000000000,559.000000000000000,64.143681849999993,534.000000000000000,242,45.318351749999998,67982.000000000000000,80.561714170000002,0,62196.000000000000000,73.705039979999995, ,E,M,Yes,ME,2,Minority and English isolation,169589.264281000010669,2154.043522290000055
"Block Group 2, Census Tract 3119, Middlesex County, Massachusetts",250173119002,N,Lowell,1503.000000000000000,579.000000000000000,61.477045910000001,707.000000000000000,169,23.903818130000001,13750.000000000000000,16.294364930000000,0,62196.000000000000000,73.705039979999995,I, ,M,Yes,MI,2,Minority and income,294671.335385999991558,2254.812513379999928
"Block Group 2, Census Tract 3395, Middlesex County, Massachusetts",250173395002,N,Medford,1214.000000000000000,814.000000000000000,32.948929159999999,559.000000000000000,23,4.114490030000000,43425.000000000000000,51.460567470000001,0,101168.000000000000000,119.888603209999999,I, ,M,Yes,MI,2,Minority and income,346022.567945000017062,2477.411524310000004
"Block Group 3, Census Tract 3395, Middlesex County, Massachusetts",250173395003,N,Medford,677.000000000000000,479.000000000000000,29.246676510000000,206.000000000000000,21,10.194174770000000,80455.000000000000000,95.342773440000002,0,101168.000000000000000,119.888603209999999, , ,M,Yes,M,1,Minority,179838.397668999998132,1900.953139819999933
"Block Group 4, Census Tract 3395, Middlesex County, Massachusetts",250173395004,N,Medford,789.000000000000000,562.000000000000000,28.770595690000000,325.000000000000000,0,0.000000000000000,104625.000000000000000,123.985305789999998,0,101168.000000000000000,119.888603209999999, , ,M,Yes,M,1,Minority,150817.894339999998920,1702.875969120000036
"Block Group 1, Census Tract 3396, Middlesex County, Massachusetts",250173396001,N,Medford,844.000000000000000,596.000000000000000,29.383886260000001,349.000000000000000,0,0.000000000000000,125063.000000000000000,148.205245969999993,0,101168.000000000000000,119.888603209999999, , ,M,Yes,M,1,Minority,204750.355363000009675,2506.530140800000027
"Block Group 2, Census Tract 3396, Middlesex County, Massachusetts",250173396002,N,Medford,892.000000000000000,653.000000000000000,26.793721970000000,271.000000000000000,6,2.214022160000000,69830.000000000000000,82.751670840000003,0,101168.000000000000000,119.888603209999999, , ,M,Yes,M,1,Minority,121935.402545000004466,1563.461097999999993
"Block Group 1, Census Tract 3336.02, Middlesex County, Massachusetts",250173336021,N,Woburn,1838.000000000000000,762.000000000000000,58.541893360000003,722.000000000000000,0,0.000000000000000,79337.000000000000000,94.017890929999993,0,92084.000000000000000,109.123657230000006, , ,M,Yes,M,1,Minority,554408.731511999969371,5222.317414959999951
"Block Group 3, Census Tract 3342, Middlesex County, Massachusetts",250173342003,N,Reading,1015.000000000000000,853.000000000000000,15.960591129999999,498.000000000000000,0,0.000000000000000,52738.000000000000000,62.496891020000000,0,131515.000000000000000,155.851165769999994,I, , ,Yes,I,1,Income,475118.862479000003077,4364.309636250000040
"Block Group 4, Census Tract 3415, Middlesex County, Massachusetts",250173415004,N,Malden,903.000000000000000,261.000000000000000,71.096345510000006,273.000000000000000,50,18.315017699999999,93125.000000000000000,110.357292180000002,0,73399.000000000000000,86.981101989999999, , ,M,Yes,M,1,Minority,111172.455335999999079,2158.324348959999952
"Block Group 3, Census Tract 3416, Middlesex County, Massachusetts",250173416003,N,Malden,1220.000000000000000,591.000000000000000,51.557377049999999,435.000000000000000,39,8.965517040000000,91891.000000000000000,108.894943240000003,0,73399.000000000000000,86.981101989999999, , ,M,Yes,M,1,Minority,184068.979695999994874,2282.016444819999833
"Block Group 4, Census Tract 3416, Middlesex County, Massachusetts",250173416004,N,Malden,1212.000000000000000,404.000000000000000,66.666666669999998,259.000000000000000,0,0.000000000000000,148036.000000000000000,175.429275509999997,0,73399.000000000000000,86.981101989999999, , ,M,Yes,M,1,Minority,107995.986466000002110,1431.021188310000070
"Block Group 6, Census Tract 3416, Middlesex County, Massachusetts",250173416006,N,Malden,1750.000000000000000,721.000000000000000,58.799999999999997,539.000000000000000,61,11.317254070000001,75774.000000000000000,89.795578000000006,0,73399.000000000000000,86.981101989999999, , ,M,Yes,M,1,Minority,662856.507866000058129,4175.955343679999714
"Block Group 2, Census Tract 3120, Middlesex County, Massachusetts",250173120002,N,Lowell,1596.000000000000000,521.000000000000000,67.355889719999993,504.000000000000000,107,21.230157850000001,65167.000000000000000,77.225807189999998,0,62196.000000000000000,73.705039979999995, , ,M,Yes,M,1,Minority,215572.305009000003338,2696.797748599999977
"Block Group 1, Census Tract 3121, Middlesex County, Massachusetts",250173121001,N,Lowell,1185.000000000000000,410.000000000000000,65.400843879999996,521.000000000000000,66,12.667945860000000,46094.000000000000000,54.623451230000001,0,62196.000000000000000,73.705039979999995,I, ,M,Yes,MI,2,Minority and income,238766.523803999996744,2999.177628479999839
"Block Group 3, Census Tract 3121, Middlesex County, Massachusetts",250173121003,N,Lowell,1116.000000000000000,394.000000000000000,64.695340500000000,385.000000000000000,57,14.805194849999999,73341.000000000000000,86.912368770000000,0,62196.000000000000000,73.705039979999995, , ,M,Yes,M,1,Minority,344408.584888999990653,3200.796431020000000
"Block Group 3, Census Tract 3396, Middlesex County, Massachusetts",250173396003,N,Medford,1000.000000000000000,686.000000000000000,31.399999999999999,369.000000000000000,0,0.000000000000000,101220.000000000000000,119.950225829999994,0,101168.000000000000000,119.888603209999999, , ,M,Yes,M,1,Minority,133446.111188000009861,2203.995506010000099
"Block Group 6, Census Tract 3396, Middlesex County, Massachusetts",250173396006,N,Medford,978.000000000000000,595.000000000000000,39.161554189999997,290.000000000000000,0,0.000000000000000,106154.000000000000000,125.797241209999996,0,101168.000000000000000,119.888603209999999, , ,M,Yes,M,1,Minority,93921.221567500004312,1479.872241640000084
"Block Group 3, Census Tract 3397, Middlesex County, Massachusetts",250173397003,N,Medford,753.000000000000000,527.000000000000000,30.013280210000001,495.000000000000000,0,0.000000000000000,58450.000000000000000,69.265861509999993,0,101168.000000000000000,119.888603209999999, , ,M,Yes,M,1,Minority,121668.553547999996226,1454.896282509999992
"Block Group 3, Census Tract 3398.02, Middlesex County, Massachusetts",250173398023,N,Medford,761.000000000000000,494.000000000000000,35.085413930000001,189.000000000000000,0,0.000000000000000,135469.000000000000000,160.536819460000004,0,101168.000000000000000,119.888603209999999, , ,M,Yes,M,1,Minority,126279.556849999993574,1440.344138500000099
"Block Group 2, Census Tract 3398.04, Middlesex County, Massachusetts",250173398042,N,Medford,535.000000000000000,287.000000000000000,46.355140190000000,269.000000000000000,0,0.000000000000000,143109.000000000000000,169.590560909999994,0,101168.000000000000000,119.888603209999999, , ,M,Yes,M,1,Minority,121210.416280999997980,1596.877703070000052
"Block Group 1, Census Tract 3399, Middlesex County, Massachusetts",250173399001,N,Medford,1577.000000000000000,1011.000000000000000,35.890932149999998,677.000000000000000,45,6.646971700000000,91435.000000000000000,108.354568479999998,0,101168.000000000000000,119.888603209999999, , ,M,Yes,M,1,Minority,262073.435236999997869,2172.392098289999922
"Block Group 2, Census Tract 3399, Middlesex County, Massachusetts",250173399002,N,Medford,943.000000000000000,583.000000000000000,38.176033930000003,306.000000000000000,20,6.535947800000000,90417.000000000000000,107.148193359999993,0,101168.000000000000000,119.888603209999999, , ,M,Yes,M,1,Minority,188545.655528000002960,1788.309898790000034
"Block Group 1, Census Tract 3397, Middlesex County, Massachusetts",250173397001,N,Medford,654.000000000000000,434.000000000000000,33.639143730000001,316.000000000000000,31,9.810126300000000,77097.000000000000000,91.363395690000004,0,101168.000000000000000,119.888603209999999, , ,M,Yes,M,1,Minority,738397.260557999950834,6063.861011320000216
"Block Group 2, Census Tract 3397, Middlesex County, Massachusetts",250173397002,N,Medford,1622.000000000000000,816.000000000000000,49.691738590000000,521.000000000000000,51,9.788867950000000,68169.000000000000000,80.783317569999994,0,101168.000000000000000,119.888603209999999, , ,M,Yes,M,1,Minority,376815.477614999981597,2957.887177229999907
"Block Group 1, Census Tract 3364.02, Middlesex County, Massachusetts",250173364021,N,Melrose,998.000000000000000,741.000000000000000,25.751503010000000,401.000000000000000,0,0.000000000000000,92981.000000000000000,110.186645510000005,0,114604.000000000000000,135.810867309999992, , ,M,Yes,M,1,Minority,244988.672075000009499,2373.164228910000020
"Block Group 3, Census Tract 3364.02, Middlesex County, Massachusetts",250173364023,N,Melrose,1235.000000000000000,965.000000000000000,21.862348180000001,465.000000000000000,0,0.000000000000000,38150.000000000000000,45.209457399999998,0,114604.000000000000000,135.810867309999992,I, , ,Yes,I,1,Income,288797.994216000020970,2496.026398770000014
"Block Group 3, Census Tract 3417, Middlesex County, Massachusetts",250173417003,N,Malden,1346.000000000000000,626.000000000000000,53.491827639999997,481.000000000000000,36,7.484407420000000,56343.000000000000000,66.768974299999996,0,73399.000000000000000,86.981101989999999, , ,M,Yes,M,1,Minority,183732.869359000003897,1817.948265660000061
"Block Group 2, Census Tract 3416, Middlesex County, Massachusetts",250173416002,N,Malden,1105.000000000000000,743.000000000000000,32.760181000000003,454.000000000000000,63,13.876651760000000,101143.000000000000000,119.858978269999994,0,73399.000000000000000,86.981101989999999, , ,M,Yes,M,1,Minority,241383.879523999989033,2390.174203200000193
"Block Group 1, Census Tract 3417, Middlesex County, Massachusetts",250173417001,N,Malden,1219.000000000000000,655.000000000000000,46.267432319999998,280.000000000000000,0,0.000000000000000,152115.000000000000000,180.263076780000006,0,73399.000000000000000,86.981101989999999, , ,M,Yes,M,1,Minority,345669.523822000017390,3181.181404959999782
"Block Group 1, Census Tract 3418, Middlesex County, Massachusetts",250173418001,N,Malden,1067.000000000000000,524.000000000000000,50.890346770000001,288.000000000000000,81,28.125000000000000,72500.000000000000000,85.915740970000002,0,73399.000000000000000,86.981101989999999, ,E,M,Yes,ME,2,Minority and English isolation,157076.260173999995459,1690.385213969999995
"Block Group 1, Census Tract 3122, Middlesex County, Massachusetts",250173122001,N,Lowell,1974.000000000000000,786.000000000000000,60.182370820000003,831.000000000000000,98,11.793020250000000,56647.000000000000000,67.129226680000002,0,62196.000000000000000,73.705039979999995, , ,M,Yes,M,1,Minority,913271.698893000022508,5241.568000600000232
"Block Group 2, Census Tract 3122, Middlesex County, Massachusetts",250173122002,N,Lowell,962.000000000000000,318.000000000000000,66.943866940000007,280.000000000000000,76,27.142856599999998,83750.000000000000000,99.247497559999999,0,62196.000000000000000,73.705039979999995, ,E,M,Yes,ME,2,Minority and English isolation,656383.389634000021033,4345.290689280000151
"Block Group 3, Census Tract 3122, Middlesex County, Massachusetts",250173122003,N,Lowell,993.000000000000000,329.000000000000000,66.868076540000004,339.000000000000000,52,15.339233399999999,68375.000000000000000,81.027435299999993,0,62196.000000000000000,73.705039979999995, , ,M,Yes,M,1,Minority,401855.987049999996088,2683.006783499999983
"Block Group 1, Census Tract 3400, Middlesex County, Massachusetts",250173400001,N,Medford,1108.000000000000000,603.000000000000000,45.577617330000002,428.000000000000000,31,7.242990490000000,57285.000000000000000,67.885284420000005,0,101168.000000000000000,119.888603209999999, , ,M,Yes,M,1,Minority,120960.701065999994171,1517.878908899999942
"Block Group 2, Census Tract 3173.01, Middlesex County, Massachusetts",250173173012,N,Chelmsford,704.000000000000000,447.000000000000000,36.505681820000000,259.000000000000000,0,0.000000000000000,84896.000000000000000,100.605560299999993,0,117582.000000000000000,139.339935300000008, , ,M,Yes,M,1,Minority,557919.035247999941930,3493.004741149999973
"Block Group 4, Census Tract 3331, Middlesex County, Massachusetts",250173331004,N,Woburn,1470.000000000000000,794.000000000000000,45.986394560000001,796.000000000000000,55,6.909547810000000,97000.000000000000000,114.949340820000003,0,92084.000000000000000,109.123657230000006, , ,M,Yes,M,1,Minority,453152.122941999987233,3735.349871290000010
"Block Group 4, Census Tract 3181, Middlesex County, Massachusetts",250173181004,N,Westford,2307.000000000000000,1351.000000000000000,41.439098399999999,712.000000000000000,13,1.825842740000000,168750.000000000000000,199.976303099999996,0,149437.000000000000000,177.089523320000012, , ,M,Yes,M,1,Minority,9761593.077849999070168,13289.867328199999974
"Block Group 3, Census Tract 3372.01, Middlesex County, Massachusetts",250173372013,N,Stoneham,725.000000000000000,521.000000000000000,28.137931030000001,246.000000000000000,27,10.975609779999999,131034.000000000000000,155.281158449999992,0,103104.000000000000000,122.182853699999995, , ,M,Yes,M,1,Minority,261250.511249000002863,2596.607500269999946
"Block Group 1, Census Tract 3364.03, Middlesex County, Massachusetts",250173364031,N,Melrose,850.000000000000000,536.000000000000000,36.941176470000002,273.000000000000000,0,0.000000000000000,129931.000000000000000,153.974044800000001,0,114604.000000000000000,135.810867309999992, , ,M,Yes,M,1,Minority,990074.013858000049368,4535.574040659999810
"Block Group 1, Census Tract 3364.04, Middlesex County, Massachusetts",250173364041,N,Melrose,1029.000000000000000,688.000000000000000,33.138969869999997,444.000000000000000,0,0.000000000000000,59048.000000000000000,69.974517820000003,0,114604.000000000000000,135.810867309999992, , ,M,Yes,M,1,Minority,186227.954617999988841,2786.020581100000072
"Block Group 2, Census Tract 3364.03, Middlesex County, Massachusetts",250173364032,N,Melrose,2404.000000000000000,1429.000000000000000,40.557404329999997,1119.000000000000000,93,8.310992239999999,59097.000000000000000,70.032585139999995,0,114604.000000000000000,135.810867309999992, , ,M,Yes,M,1,Minority,303558.860585000016727,3251.077314680000200
"Block Group 2, Census Tract 3418, Middlesex County, Massachusetts",250173418002,N,Malden,1428.000000000000000,562.000000000000000,60.644257699999997,573.000000000000000,75,13.089005470000000,30481.000000000000000,36.121349330000001,0,73399.000000000000000,86.981101989999999,I, ,M,Yes,MI,2,Minority and income,483305.228816999995615,3011.411625470000217
"Block Group 3, Census Tract 3418, Middlesex County, Massachusetts",250173418003,N,Malden,859.000000000000000,314.000000000000000,63.445867290000002,353.000000000000000,64,18.130311970000001,71767.000000000000000,85.047103879999995,0,73399.000000000000000,86.981101989999999, , ,M,Yes,M,1,Minority,127797.229443000003812,1788.183810940000058
"Block Group 4, Census Tract 3418, Middlesex County, Massachusetts",250173418004,N,Malden,992.000000000000000,342.000000000000000,65.524193550000007,319.000000000000000,176,55.172412870000002,50658.000000000000000,60.031997680000003,0,73399.000000000000000,86.981101989999999,I,E,M,Yes,MIE,3,"Minority, income and English isolation",260166.733157000009669,2677.232532370000172
"Block Group 5, Census Tract 3418, Middlesex County, Massachusetts",250173418005,N,Malden,1565.000000000000000,426.000000000000000,72.779552719999998,461.000000000000000,146,31.670282360000002,41419.000000000000000,49.083366390000002,0,73399.000000000000000,86.981101989999999,I,E,M,Yes,MIE,3,"Minority, income and English isolation",232455.468626999994740,2638.165239649999876
"Block Group 6, Census Tract 3418, Middlesex County, Massachusetts",250173418006,N,Malden,1164.000000000000000,332.000000000000000,71.477663230000005,420.000000000000000,114,27.142856599999998,17345.000000000000000,20.554601670000000,0,73399.000000000000000,86.981101989999999,I,E,M,Yes,MIE,3,"Minority, income and English isolation",150848.913035000005038,1735.874128650000102
"Block Group 4, Census Tract 3122, Middlesex County, Massachusetts",250173122004,N,Lowell,991.000000000000000,418.000000000000000,57.820383450000001,311.000000000000000,5,1.607717040000000,74219.000000000000000,87.952835080000000,0,62196.000000000000000,73.705039979999995, , ,M,Yes,M,1,Minority,1036428.013189999968745,4901.450450250000358
"Block Group 1, Census Tract 3123, Middlesex County, Massachusetts",250173123001,N,Lowell,1470.000000000000000,707.000000000000000,51.904761899999997,554.000000000000000,59,10.649819369999999,100417.000000000000000,118.998634339999995,0,62196.000000000000000,73.705039979999995, , ,M,Yes,M,1,Minority,813589.980076999985613,4889.688106110000263
"Block Group 2, Census Tract 3123, Middlesex County, Massachusetts",250173123002,N,Lowell,1266.000000000000000,745.000000000000000,41.153238549999998,580.000000000000000,43,7.413793090000000,92933.000000000000000,110.129760739999995,0,62196.000000000000000,73.705039979999995, , ,M,Yes,M,1,Minority,555106.013914000010118,3635.018870689999858
"Block Group 2, Census Tract 3322.02, Middlesex County, Massachusetts",250173322022,N,Burlington,818.000000000000000,616.000000000000000,24.694376530000000,294.000000000000000,0,0.000000000000000,139111.000000000000000,164.852752689999988,0,121433.000000000000000,143.903533939999988, , ,M,Yes,M,1,Minority,1131499.846850000089034,4688.067414789999930
"Block Group 3, Census Tract 3213.01, Middlesex County, Massachusetts",250173213013,N,Marlborough,1168.000000000000000,569.000000000000000,51.284246580000001,507.000000000000000,11,2.169625280000000,64055.000000000000000,75.908042910000006,0,83469.000000000000000,98.914497380000000, , ,M,Yes,M,1,Minority,343576.779665999987628,3041.786442359999910
"Block Group 2, Census Tract 3201.07, Middlesex County, Massachusetts",250173201072,N,Hopkinton,2723.000000000000000,941.000000000000000,65.442526630000003,770.000000000000000,16,2.077922110000000,151042.000000000000000,178.991531369999990,0,172683.000000000000000,204.637084960000010, , ,M,Yes,M,1,Minority,5826703.325240000151098,11919.070165999999517
"Block Group 2, Census Tract 3364.04, Middlesex County, Massachusetts",250173364042,N,Melrose,1549.000000000000000,1130.000000000000000,27.049709490000001,442.000000000000000,0,0.000000000000000,135909.000000000000000,161.058242799999988,0,114604.000000000000000,135.810867309999992, , ,M,Yes,M,1,Minority,1024139.405980000039563,6447.305453599999964
"Block Group 1, Census Tract 3373, Middlesex County, Massachusetts",250173373001,N,Stoneham,860.000000000000000,607.000000000000000,29.418604649999999,472.000000000000000,20,4.237288000000000,98790.000000000000000,117.070571900000004,0,103104.000000000000000,122.182853699999995, , ,M,Yes,M,1,Minority,355430.123759999987669,2985.905599600000187
"Block Group 2, Census Tract 3398.02, Middlesex County, Massachusetts",250173398022,N,Medford,680.000000000000000,434.000000000000000,36.176470590000001,190.000000000000000,0,0.000000000000000,179079.000000000000000,212.216629030000007,0,101168.000000000000000,119.888603209999999, , ,M,Yes,M,1,Minority,134894.795233999990160,1641.053707179999947
"Block Group 3, Census Tract 3422.02, Middlesex County, Massachusetts",250173422023,N,Everett,1375.000000000000000,383.000000000000000,72.145454549999997,403.000000000000000,15,3.722084280000000,72031.000000000000000,85.359954830000007,0,70627.000000000000000,83.696151729999997, , ,M,Yes,M,1,Minority,161507.637537000002339,1627.513106540000081
"Block Group 1, Census Tract 3423.01, Middlesex County, Massachusetts",250173423011,N,Everett,1460.000000000000000,566.000000000000000,61.232876709999999,300.000000000000000,43,14.333333020000000,89250.000000000000000,105.765243530000006,0,70627.000000000000000,83.696151729999997, , ,M,Yes,M,1,Minority,157464.365533000003779,1620.463359260000061
"Block Group 2, Census Tract 3423.01, Middlesex County, Massachusetts",250173423012,N,Everett,1782.000000000000000,598.000000000000000,66.442199779999996,698.000000000000000,94,13.467048650000001,58289.000000000000000,69.075073239999995,0,70627.000000000000000,83.696151729999997, , ,M,Yes,M,1,Minority,157593.752252000005683,1625.883208199999899
"Block Group 2, Census Tract 3423.02, Middlesex County, Massachusetts",250173423022,N,Everett,805.000000000000000,296.000000000000000,63.229813659999998,200.000000000000000,39,19.500000000000000,78013.000000000000000,92.448898319999998,0,70627.000000000000000,83.696151729999997, , ,M,Yes,M,1,Minority,68210.051884100001189,1176.070303749999994
"Block Group 1, Census Tract 3424.01, Middlesex County, Massachusetts",250173424011,N,Everett,2148.000000000000000,758.000000000000000,64.711359400000006,652.000000000000000,6,0.920245410000000,71250.000000000000000,84.434440609999996,0,70627.000000000000000,83.696151729999997, , ,M,Yes,M,1,Minority,210567.446356000000378,1941.326151100000061
"Block Group 3, Census Tract 3424.01, Middlesex County, Massachusetts",250173424013,N,Everett,1058.000000000000000,320.000000000000000,69.754253309999996,572.000000000000000,7,1.223776220000000,89387.000000000000000,105.927597050000003,0,70627.000000000000000,83.696151729999997, , ,M,Yes,M,1,Minority,134888.419028000003891,1713.283376780000026
"Block Group 3, Census Tract 3123, Middlesex County, Massachusetts",250173123003,N,Lowell,2541.000000000000000,1469.000000000000000,42.188114919999997,843.000000000000000,42,4.982206340000000,72368.000000000000000,85.759315490000006,0,62196.000000000000000,73.705039979999995, , ,M,Yes,M,1,Minority,1923346.225020000012591,6081.672159499999907
"Block Group 1, Census Tract 3124, Middlesex County, Massachusetts",250173124001,N,Lowell,703.000000000000000,243.000000000000000,65.433854909999994,361.000000000000000,19,5.263157840000000,21655.000000000000000,25.662143709999999,0,62196.000000000000000,73.705039979999995,I, ,M,Yes,MI,2,Minority and income,201236.922101000003750,2052.975774120000096
"Block Group 2, Census Tract 3124, Middlesex County, Massachusetts",250173124002,N,Lowell,1802.000000000000000,634.000000000000000,64.816870140000006,627.000000000000000,104,16.586921690000000,56658.000000000000000,67.142265320000007,0,62196.000000000000000,73.705039979999995, , ,M,Yes,M,1,Minority,244871.847420000005513,2563.012684970000009
"Block Group 1, Census Tract 3251.02, Middlesex County, Massachusetts",250173251021,N,Ayer,654.000000000000000,532.000000000000000,18.654434250000001,295.000000000000000,15,5.084745880000000,52120.000000000000000,61.764530180000001,0,99044.000000000000000,117.371574400000000,I, , ,Yes,I,1,Income,512372.135775999980979,4330.940325560000019
"Block Group 2, Census Tract 3211, Middlesex County, Massachusetts",250173211002,N,Marlborough,2400.000000000000000,1401.000000000000000,41.625000000000000,881.000000000000000,128,14.528944020000001,45757.000000000000000,54.224090580000002,0,83469.000000000000000,98.914497380000000,I, ,M,Yes,MI,2,Minority and income,2903429.597949999850243,8857.970471349999571
"Block Group 3, Census Tract 3212, Middlesex County, Massachusetts",250173212003,N,Marlborough,1835.000000000000000,913.000000000000000,50.245231609999998,792.000000000000000,148,18.686868669999999,96210.000000000000000,114.013153079999995,0,83469.000000000000000,98.914497380000000, , ,M,Yes,M,1,Minority,735406.227585999993607,5180.187955839999631
"Block Group 2, Census Tract 3212, Middlesex County, Massachusetts",250173212002,N,Marlborough,2010.000000000000000,1284.000000000000000,36.119402989999998,802.000000000000000,57,7.107232090000000,95746.000000000000000,113.463294980000001,0,83469.000000000000000,98.914497380000000, , ,M,Yes,M,1,Minority,1955757.994380000047386,6005.429856069999914
"Block Group 4, Census Tract 3212, Middlesex County, Massachusetts",250173212004,N,Marlborough,1073.000000000000000,794.000000000000000,26.001863929999999,313.000000000000000,0,0.000000000000000,108802.000000000000000,128.935241700000006,0,83469.000000000000000,98.914497380000000, , ,M,Yes,M,1,Minority,2261345.855849999934435,8320.035066919999736
"Block Group 4, Census Tract 3399, Middlesex County, Massachusetts",250173399004,N,Medford,812.000000000000000,441.000000000000000,45.689655170000002,310.000000000000000,0,0.000000000000000,81094.000000000000000,96.100021360000000,0,101168.000000000000000,119.888603209999999, , ,M,Yes,M,1,Minority,125681.484247999993386,1517.945387329999903
"Block Group 1, Census Tract 3391.01, Middlesex County, Massachusetts",250173391011,N,Medford,1286.000000000000000,925.000000000000000,28.071539659999999,706.000000000000000,66,9.348442080000000,70156.000000000000000,83.138000489999996,0,101168.000000000000000,119.888603209999999, , ,M,Yes,M,1,Minority,332427.706004999985453,2645.961358250000103
"Block Group 5, Census Tract 3396, Middlesex County, Massachusetts",250173396005,N,Medford,897.000000000000000,584.000000000000000,34.894091420000002,378.000000000000000,15,3.968253850000000,103098.000000000000000,122.175743100000005,0,101168.000000000000000,119.888603209999999, , ,M,Yes,M,1,Minority,115363.307413999995333,1703.109534279999934
"Block Group 1, Census Tract 3393, Middlesex County, Massachusetts",250173393001,N,Medford,705.000000000000000,447.000000000000000,36.595744680000003,317.000000000000000,54,17.034700390000001,33875.000000000000000,40.143390660000001,0,101168.000000000000000,119.888603209999999,I, ,M,Yes,MI,2,Minority and income,179525.949492000014288,2327.270161460000054
"Block Group 2, Census Tract 3393, Middlesex County, Massachusetts",250173393002,N,Medford,942.000000000000000,538.000000000000000,42.887473460000002,285.000000000000000,0,0.000000000000000,95750.000000000000000,113.468032840000006,0,101168.000000000000000,119.888603209999999, , ,M,Yes,M,1,Minority,206871.237258999986807,2108.806118030000107
"Block Group 1, Census Tract 3421.01, Middlesex County, Massachusetts",250173421011,N,Everett,1706.000000000000000,511.000000000000000,70.046893319999995,473.000000000000000,106,22.410148620000001,49299.000000000000000,58.421520229999999,0,70627.000000000000000,83.696151729999997,I, ,M,Yes,MI,2,Minority and income,192024.716233000013744,2286.530476670000098
"Block Group 3, Census Tract 3421.01, Middlesex County, Massachusetts",250173421013,N,Everett,1043.000000000000000,483.000000000000000,53.691275169999997,320.000000000000000,100,31.250000000000000,45625.000000000000000,54.067665099999999,0,70627.000000000000000,83.696151729999997,I,E,M,Yes,MIE,3,"Minority, income and English isolation",117310.306035000001430,1558.877324179999960
"Block Group 2, Census Tract 3421.02, Middlesex County, Massachusetts",250173421022,N,Everett,1061.000000000000000,376.000000000000000,64.561734209999997,299.000000000000000,69,23.076923369999999,93125.000000000000000,110.357292180000002,0,70627.000000000000000,83.696151729999997, , ,M,Yes,M,1,Minority,109115.719144000002416,1575.521102420000034
"Block Group 3, Census Tract 3422.01, Middlesex County, Massachusetts",250173422013,N,Everett,1648.000000000000000,502.000000000000000,69.538834949999995,416.000000000000000,113,27.163461689999998,70370.000000000000000,83.391601559999998,0,70627.000000000000000,83.696151729999997, ,E,M,Yes,ME,2,Minority and English isolation,131474.716275999991922,1482.616096850000076
"Block Group 4, Census Tract 3422.01, Middlesex County, Massachusetts",250173422014,N,Everett,1593.000000000000000,529.000000000000000,66.792215940000006,490.000000000000000,100,20.408163070000001,95197.000000000000000,112.812705989999998,0,70627.000000000000000,83.696151729999997, , ,M,Yes,M,1,Minority,150537.221240999992006,1664.916311810000025
"Block Group 3, Census Tract 3125.01, Middlesex County, Massachusetts",250173125013,N,Lowell,1916.000000000000000,1013.000000000000000,47.129436329999997,780.000000000000000,48,6.153846260000000,91300.000000000000000,108.194587709999993,0,62196.000000000000000,73.705039979999995, , ,M,Yes,M,1,Minority,517247.451805000018794,4601.060674289999952
"Block Group 1, Census Tract 3125.02, Middlesex County, Massachusetts",250173125021,N,Lowell,2075.000000000000000,1346.000000000000000,35.132530119999998,842.000000000000000,11,1.306413290000000,83095.000000000000000,98.471290589999995,0,62196.000000000000000,73.705039979999995, , ,M,Yes,M,1,Minority,707431.295490000047721,3909.399110349999773
"Block Group 1, Census Tract 3131.01, Middlesex County, Massachusetts",250173131011,N,Tyngsborough,2527.000000000000000,1755.000000000000000,30.550059359999999,932.000000000000000,55,5.901287560000000,85174.000000000000000,100.934997559999999,0,115280.000000000000000,136.611953739999990, , ,M,Yes,M,1,Minority,13580734.533800000324845,22321.436193099998491
"Block Group 1, Census Tract 3141.02, Middlesex County, Massachusetts",250173141021,N,Dracut,1377.000000000000000,926.000000000000000,32.752360199999998,518.000000000000000,18,3.474903580000000,88295.000000000000000,104.633522029999995,0,92685.000000000000000,109.835868840000003, , ,M,Yes,M,1,Minority,814251.974874999956228,4405.722768829999950
"Block Group 1, Census Tract 3213.01, Middlesex County, Massachusetts",250173213011,N,Marlborough,1306.000000000000000,605.000000000000000,53.675344559999999,479.000000000000000,61,12.734864229999999,63606.000000000000000,75.375953670000001,0,83469.000000000000000,98.914497380000000, , ,M,Yes,M,1,Minority,284292.145828999986406,2399.559505679999802
"Block Group 5, Census Tract 3216, Middlesex County, Massachusetts",250173216005,N,Marlborough,1852.000000000000000,872.000000000000000,52.915766740000002,618.000000000000000,68,11.003235820000000,107361.000000000000000,127.227584840000006,0,83469.000000000000000,98.914497380000000, , ,M,Yes,M,1,Minority,835475.076770000043325,4559.889252920000217
"Block Group 2, Census Tract 3213.02, Middlesex County, Massachusetts",250173213022,N,Marlborough,1954.000000000000000,1409.000000000000000,27.891504609999998,846.000000000000000,0,0.000000000000000,112213.000000000000000,132.977432249999993,0,83469.000000000000000,98.914497380000000, , ,M,Yes,M,1,Minority,3738531.516319999936968,9385.835722109999551
"Block Group 1, Census Tract 3394, Middlesex County, Massachusetts",250173394001,N,Medford,1098.000000000000000,766.000000000000000,30.236794170000000,425.000000000000000,50,11.764705660000001,66534.000000000000000,78.845764160000002,0,101168.000000000000000,119.888603209999999, , ,M,Yes,M,1,Minority,299741.434127999993507,2359.763153440000224
"Block Group 3, Census Tract 3393, Middlesex County, Massachusetts",250173393003,N,Medford,1349.000000000000000,747.000000000000000,44.625648630000001,460.000000000000000,6,1.304347870000000,67308.000000000000000,79.762992859999997,0,101168.000000000000000,119.888603209999999, , ,M,Yes,M,1,Minority,319270.250319999991916,3009.155238069999996
"Block Group 4, Census Tract 3397, Middlesex County, Massachusetts",250173397004,N,Medford,887.000000000000000,579.000000000000000,34.723788050000003,396.000000000000000,97,24.494949340000002,58708.000000000000000,69.571609499999994,0,101168.000000000000000,119.888603209999999, , ,M,Yes,M,1,Minority,101452.295213000004878,2152.589275339999858
"Block Group 1, Census Tract 3501.06, Middlesex County, Massachusetts",250173501061,N,Somerville,1660.000000000000000,934.000000000000000,43.734939760000003,689.000000000000000,61,8.853410719999999,109234.000000000000000,129.447174069999988,0,102311.000000000000000,121.243110659999999, , ,M,Yes,M,1,Minority,828765.430399999953806,3795.226637390000178
"Block Group 1, Census Tract 3501.07, Middlesex County, Massachusetts",250173501071,N,Somerville,1355.000000000000000,662.000000000000000,51.143911439999997,488.000000000000000,6,1.229508160000000,107315.000000000000000,127.173072809999994,0,102311.000000000000000,121.243110659999999, , ,M,Yes,M,1,Minority,259239.983845999988262,2580.189054169999963
"Block Group 1, Census Tract 3501.08, Middlesex County, Massachusetts",250173501081,N,Somerville,2655.000000000000000,887.000000000000000,66.591337100000004,983.000000000000000,189,19.226856229999999,53135.000000000000000,62.967353820000000,0,102311.000000000000000,121.243110659999999,I, ,M,Yes,MI,2,Minority and income,277220.633266000018921,2332.451731929999823
"Block Group 2, Census Tract 3501.08, Middlesex County, Massachusetts",250173501082,N,Somerville,1519.000000000000000,946.000000000000000,37.722185650000000,767.000000000000000,95,12.385919570000000,98583.000000000000000,116.825263980000003,0,102311.000000000000000,121.243110659999999, , ,M,Yes,M,1,Minority,135075.145174000004772,1923.034721490000038
"Block Group 2, Census Tract 3141.02, Middlesex County, Massachusetts",250173141022,N,Dracut,1683.000000000000000,1251.000000000000000,25.668449200000001,731.000000000000000,0,0.000000000000000,65906.000000000000000,78.101554870000001,0,92685.000000000000000,109.835868840000003, , ,M,Yes,M,1,Minority,1341729.607920000096783,5683.331028290000177
"Block Group 1, Census Tract 3142, Middlesex County, Massachusetts",250173142001,N,Dracut,1720.000000000000000,1255.000000000000000,27.034883720000000,462.000000000000000,37,8.008658410000001,58952.000000000000000,69.860755920000003,0,92685.000000000000000,109.835868840000003, , ,M,Yes,M,1,Minority,2073155.246090000029653,9022.989191939999728
"Block Group 5, Census Tract 3143.01, Middlesex County, Massachusetts",250173143015,N,Dracut,2343.000000000000000,1480.000000000000000,36.833119930000002,868.000000000000000,38,4.377880100000000,95536.000000000000000,113.214431759999997,0,92685.000000000000000,109.835868840000003, , ,M,Yes,M,1,Minority,1739749.128689999924973,8740.147154109999974
"Block Group 3, Census Tract 3162.02, Middlesex County, Massachusetts",250173162023,N,Billerica,1057.000000000000000,781.000000000000000,26.111636709999999,293.000000000000000,0,0.000000000000000,113542.000000000000000,134.552352909999996,0,113239.000000000000000,134.193283079999986, , ,M,Yes,M,1,Minority,758437.745146999950521,4978.800709520000055
"Block Group 2, Census Tract 3214, Middlesex County, Massachusetts",250173214002,N,Marlborough,1853.000000000000000,976.000000000000000,47.328656230000000,823.000000000000000,15,1.822600250000000,124205.000000000000000,147.188476559999998,0,83469.000000000000000,98.914497380000000, , ,M,Yes,M,1,Minority,5889646.169800000265241,9886.606178320000254
"Block Group 2, Census Tract 3215, Middlesex County, Massachusetts",250173215002,N,Marlborough,1641.000000000000000,1095.000000000000000,33.272394880000000,621.000000000000000,16,2.576489450000000,59028.000000000000000,69.950820919999998,0,83469.000000000000000,98.914497380000000, , ,M,Yes,M,1,Minority,3489751.388210000004619,8764.821670810000796
"Block Group 4, Census Tract 3215, Middlesex County, Massachusetts",250173215004,N,Marlborough,1740.000000000000000,1131.000000000000000,35.000000000000000,472.000000000000000,0,0.000000000000000,119167.000000000000000,141.218231199999991,0,83469.000000000000000,98.914497380000000, , ,M,Yes,M,1,Minority,2382761.476770000066608,6911.746763950000059
"Block Group 2, Census Tract 3216, Middlesex County, Massachusetts",250173216002,N,Marlborough,1698.000000000000000,802.000000000000000,52.767962310000001,533.000000000000000,99,18.574108120000002,110114.000000000000000,130.490020750000014,0,83469.000000000000000,98.914497380000000, , ,M,Yes,M,1,Minority,1411381.269379999954253,7057.653344389999802
"Block Group 1, Census Tract 3353.02, Middlesex County, Massachusetts",250173353021,N,Wakefield,1116.000000000000000,836.000000000000000,25.089605729999999,391.000000000000000,24,6.138107300000000,94267.000000000000000,111.710609439999999,0,103696.000000000000000,122.884399410000000, , ,M,Yes,M,1,Minority,2011223.173650000011548,6645.349135290000049
"Block Group 1, Census Tract 3398.02, Middlesex County, Massachusetts",250173398021,N,Medford,1490.000000000000000,803.000000000000000,46.107382549999997,810.000000000000000,50,6.172839640000000,156400.000000000000000,185.341003419999993,0,101168.000000000000000,119.888603209999999, , ,M,Yes,M,1,Minority,930316.584548000013456,4323.251760309999554
"Block Group 4, Census Tract 3398.02, Middlesex County, Massachusetts",250173398024,N,Medford,2554.000000000000000,1050.000000000000000,58.888018789999997,1010.000000000000000,72,7.128712650000000,76656.000000000000000,90.840789790000002,0,101168.000000000000000,119.888603209999999, , ,M,Yes,M,1,Minority,1014492.971110000042245,6797.982437820000087
"Block Group 1, Census Tract 3398.04, Middlesex County, Massachusetts",250173398041,N,Medford,695.000000000000000,376.000000000000000,45.899280580000003,344.000000000000000,82,23.837209699999999,0.000000000000000,0.000000000000000,0,101168.000000000000000,119.888603209999999, , ,M,Yes,M,1,Minority,107848.770720000000438,1671.169159829999899
"Block Group 1, Census Tract 3501.09, Middlesex County, Massachusetts",250173501091,N,Somerville,2176.000000000000000,1006.000000000000000,53.768382350000003,921.000000000000000,193,20.955482480000001,72241.000000000000000,85.608818049999996,0,102311.000000000000000,121.243110659999999, , ,M,Yes,M,1,Minority,286886.373935999989044,2363.624086410000018
"Block Group 1, Census Tract 3502.01, Middlesex County, Massachusetts",250173502011,N,Somerville,602.000000000000000,317.000000000000000,47.342192689999997,296.000000000000000,0,0.000000000000000,105769.000000000000000,125.340995789999994,0,102311.000000000000000,121.243110659999999, , ,M,Yes,M,1,Minority,58109.399003799997445,957.522936986999980
"Block Group 2, Census Tract 3502.01, Middlesex County, Massachusetts",250173502012,N,Somerville,1328.000000000000000,745.000000000000000,43.900602409999998,646.000000000000000,15,2.321981430000000,112105.000000000000000,132.849441530000007,0,102311.000000000000000,121.243110659999999, , ,M,Yes,M,1,Minority,109010.769258999993326,1511.992306000000099
"Block Group 3, Census Tract 3502.01, Middlesex County, Massachusetts",250173502013,N,Somerville,769.000000000000000,427.000000000000000,44.473342000000002,262.000000000000000,46,17.557250979999999,79167.000000000000000,93.816436769999996,0,102311.000000000000000,121.243110659999999, , ,M,Yes,M,1,Minority,79243.960370999993756,1370.136850540000069
"Block Group 1, Census Tract 3502.02, Middlesex County, Massachusetts",250173502021,N,Somerville,1361.000000000000000,1007.000000000000000,26.010286550000000,475.000000000000000,26,5.473684310000000,116146.000000000000000,137.638198850000009,0,102311.000000000000000,121.243110659999999, , ,M,Yes,M,1,Minority,134114.320840000000317,1642.246858859999975
"Block Group 1, Census Tract 3163, Middlesex County, Massachusetts",250173163001,N,Billerica,3003.000000000000000,1711.000000000000000,43.023643020000002,1689.000000000000000,159,9.413854600000001,90170.000000000000000,106.855484009999998,0,113239.000000000000000,134.193283079999986, , ,M,Yes,M,1,Minority,1567879.424409999977797,5228.328567409999778
"Block Group 5, Census Tract 3164, Middlesex County, Massachusetts",250173164005,N,Billerica,1929.000000000000000,1402.000000000000000,27.319854849999999,639.000000000000000,0,0.000000000000000,122927.000000000000000,145.673995969999993,0,113239.000000000000000,134.193283079999986, , ,M,Yes,M,1,Minority,8518659.640230000019073,17647.540497599999071
"Block Group 3, Census Tract 3165, Middlesex County, Massachusetts",250173165003,N,Billerica,1478.000000000000000,1080.000000000000000,26.928281460000001,707.000000000000000,35,4.950495240000000,96563.000000000000000,114.431472779999993,0,113239.000000000000000,134.193283079999986, , ,M,Yes,M,1,Minority,3814258.957510000094771,8841.571942239999771
"Block Group 3, Census Tract 3223, Middlesex County, Massachusetts",250173223003,N,Hudson,1513.000000000000000,1020.000000000000000,32.584269659999997,818.000000000000000,17,2.078239680000000,55938.000000000000000,66.289031980000004,0,96038.000000000000000,113.809326170000006, , ,M,Yes,M,1,Minority,811281.412209999980405,6521.691643479999584
"Block Group 1, Census Tract 3251.01, Middlesex County, Massachusetts",250173251011,N,Ayer,1384.000000000000000,1008.000000000000000,27.167630060000000,610.000000000000000,0,0.000000000000000,82857.000000000000000,98.189254759999997,0,99044.000000000000000,117.371574400000000, , ,M,Yes,M,1,Minority,1315791.340120000066236,5428.611363220000385
"Block Group 1, Census Tract 3398.03, Middlesex County, Massachusetts",250173398031,N,Medford,1043.000000000000000,424.000000000000000,59.348034519999999,915.000000000000000,87,9.508196829999999,96250.000000000000000,114.060554499999995,0,101168.000000000000000,119.888603209999999, , ,M,Yes,M,1,Minority,456622.325265999999829,2909.919946179999897
"Block Group 2, Census Tract 3398.03, Middlesex County, Massachusetts",250173398032,N,Medford,2340.000000000000000,1277.000000000000000,45.427350429999997,1024.000000000000000,140,13.671875000000000,90885.000000000000000,107.702789310000000,0,101168.000000000000000,119.888603209999999, , ,M,Yes,M,1,Minority,496509.136327999993227,3665.950620449999860
"Block Group 3, Census Tract 3398.04, Middlesex County, Massachusetts",250173398043,N,Medford,1030.000000000000000,579.000000000000000,43.786407769999997,384.000000000000000,89,23.177083970000002,91923.000000000000000,108.932868959999993,0,101168.000000000000000,119.888603209999999, , ,M,Yes,M,1,Minority,294676.429701999993995,2886.952816749999783
"Block Group 3, Census Tract 3399, Middlesex County, Massachusetts",250173399003,N,Medford,1073.000000000000000,657.000000000000000,38.769804290000003,403.000000000000000,17,4.218362330000000,95893.000000000000000,113.637496949999999,0,101168.000000000000000,119.888603209999999, , ,M,Yes,M,1,Minority,213381.712895000004210,1945.078378830000020
"Block Group 2, Census Tract 3422.02, Middlesex County, Massachusetts",250173422022,N,Everett,1389.000000000000000,499.000000000000000,64.074874010000002,545.000000000000000,102,18.715597150000001,67639.000000000000000,80.155242920000006,0,70627.000000000000000,83.696151729999997, , ,M,Yes,M,1,Minority,115261.716075999996974,1462.609158859999980
"Block Group 3, Census Tract 3423.02, Middlesex County, Massachusetts",250173423023,N,Everett,1740.000000000000000,545.000000000000000,68.678160919999996,543.000000000000000,109,20.073665620000000,59542.000000000000000,70.559936519999994,0,70627.000000000000000,83.696151729999997, , ,M,Yes,M,1,Minority,147281.196965999988606,2003.046951690000014
"Block Group 2, Census Tract 3425.01, Middlesex County, Massachusetts",250173425012,N,Everett,2449.000000000000000,760.000000000000000,68.966925279999998,777.000000000000000,31,3.989703890000000,55182.000000000000000,65.393135070000000,0,70627.000000000000000,83.696151729999997,I, ,M,Yes,MI,2,Minority and income,321221.861222999985330,2734.642380939999839
"Block Group 2, Census Tract 3424.01, Middlesex County, Massachusetts",250173424012,N,Everett,1398.000000000000000,392.000000000000000,71.959942780000006,479.000000000000000,147,30.688936229999999,33806.000000000000000,40.061622620000001,0,70627.000000000000000,83.696151729999997,I,E,M,Yes,MIE,3,"Minority, income and English isolation",150618.165153000009013,2155.035932979999870
"Block Group 5, Census Tract 3165, Middlesex County, Massachusetts",250173165005,N,Billerica,1371.000000000000000,969.000000000000000,29.321663019999999,318.000000000000000,0,0.000000000000000,118846.000000000000000,140.837829590000013,0,113239.000000000000000,134.193283079999986, , ,M,Yes,M,1,Minority,3919350.581600000150502,10884.607265500000722
"Block Group 1, Census Tract 3171.01, Middlesex County, Massachusetts",250173171011,N,Chelmsford,1454.000000000000000,1047.000000000000000,27.991746910000000,672.000000000000000,0,0.000000000000000,113026.000000000000000,133.940872189999993,0,117582.000000000000000,139.339935300000008, , ,M,Yes,M,1,Minority,1925484.558819999918342,7432.721573140000146
"Block Group 4, Census Tract 3251.02, Middlesex County, Massachusetts",250173251024,N,Ayer,950.000000000000000,671.000000000000000,29.368421049999998,366.000000000000000,0,0.000000000000000,81500.000000000000000,96.581146239999995,0,99044.000000000000000,117.371574400000000, , ,M,Yes,M,1,Minority,933140.143110999953933,5184.885099629999786
"Block Group 5, Census Tract 3251.02, Middlesex County, Massachusetts",250173251025,N,Ayer,818.000000000000000,494.000000000000000,39.608801960000001,310.000000000000000,0,0.000000000000000,68462.000000000000000,81.130531309999995,0,99044.000000000000000,117.371574400000000, , ,M,Yes,M,1,Minority,6639548.090710000135005,15917.515845100000661
"Block Group 2, Census Tract 3394, Middlesex County, Massachusetts",250173394002,N,Medford,666.000000000000000,467.000000000000000,29.879879880000001,213.000000000000000,0,0.000000000000000,127212.000000000000000,150.751907350000010,0,101168.000000000000000,119.888603209999999, , ,M,Yes,M,1,Minority,93108.750405500002671,1435.108271979999927
"Block Group 5, Census Tract 3399, Middlesex County, Massachusetts",250173399005,N,Medford,922.000000000000000,633.000000000000000,31.344902390000001,264.000000000000000,75,28.409090039999999,148784.000000000000000,176.315689090000006,0,101168.000000000000000,119.888603209999999, ,E,M,Yes,ME,2,Minority and English isolation,167585.697631999995792,1742.598423279999906
"Block Group 2, Census Tract 3400, Middlesex County, Massachusetts",250173400002,N,Medford,778.000000000000000,534.000000000000000,31.362467870000000,335.000000000000000,41,12.238805770000001,106652.000000000000000,126.387390139999994,0,101168.000000000000000,119.888603209999999, , ,M,Yes,M,1,Minority,209062.965691999997944,2296.527973820000170
"Block Group 3, Census Tract 3400, Middlesex County, Massachusetts",250173400003,N,Medford,704.000000000000000,472.000000000000000,32.954545449999998,311.000000000000000,19,6.109324930000000,129476.000000000000000,153.434844970000000,0,101168.000000000000000,119.888603209999999, , ,M,Yes,M,1,Minority,174922.931275000009919,2111.994038469999850
"Block Group 1, Census Tract 3401, Middlesex County, Massachusetts",250173401001,N,Medford,740.000000000000000,559.000000000000000,24.459459460000001,279.000000000000000,77,27.598566060000000,71723.000000000000000,84.994964600000003,1,101168.000000000000000,119.888603209999999, ,E, ,Yes,E,1,English isolation,246565.098559000005480,2299.257716969999819
"Block Group 2, Census Tract 3419.01, Middlesex County, Massachusetts",250173419012,N,Malden,722.000000000000000,325.000000000000000,54.986149580000003,168.000000000000000,5,2.976190570000000,86500.000000000000000,102.506370540000006,0,73399.000000000000000,86.981101989999999, , ,M,Yes,M,1,Minority,605462.841252999962308,4060.548098750000008
"Block Group 1, Census Tract 3419.03, Middlesex County, Massachusetts",250173419031,N,Malden,1803.000000000000000,768.000000000000000,57.404326120000000,560.000000000000000,13,2.321428540000000,99167.000000000000000,117.517333980000004,0,73399.000000000000000,86.981101989999999, , ,M,Yes,M,1,Minority,446016.659069999994244,2895.825477159999991
"Block Group 2, Census Tract 3419.03, Middlesex County, Massachusetts",250173419032,N,Malden,2937.000000000000000,1396.000000000000000,52.468505280000002,1048.000000000000000,112,10.687023160000001,106102.000000000000000,125.735618590000001,0,73399.000000000000000,86.981101989999999, , ,M,Yes,M,1,Minority,687755.066759999957867,3801.012423499999841
"Block Group 1, Census Tract 3419.04, Middlesex County, Massachusetts",250173419041,N,Malden,1213.000000000000000,560.000000000000000,53.833470730000002,352.000000000000000,17,4.829545500000000,101250.000000000000000,119.985778809999999,0,73399.000000000000000,86.981101989999999, , ,M,Yes,M,1,Minority,252883.887397999991663,2107.546315399999912
"Block Group 2, Census Tract 3171.02, Middlesex County, Massachusetts",250173171022,N,Chelmsford,1455.000000000000000,925.000000000000000,36.426116839999999,346.000000000000000,25,7.225433350000000,132500.000000000000000,157.018432619999999,0,117582.000000000000000,139.339935300000008, , ,M,Yes,M,1,Minority,3899122.811550000216812,10796.726104699999269
"Block Group 3, Census Tract 3172.03, Middlesex County, Massachusetts",250173172033,N,Chelmsford,858.000000000000000,568.000000000000000,33.799533799999999,361.000000000000000,54,14.958448410000001,109688.000000000000000,129.985183720000009,0,117582.000000000000000,139.339904789999991, , ,M,Yes,M,1,Minority,801215.746537000057288,4004.313982560000113
"Block Group 1, Census Tract 3211, Middlesex County, Massachusetts",250173211001,N,Marlborough,2536.000000000000000,1408.000000000000000,44.479495270000001,1149.000000000000000,58,5.047867770000000,59306.000000000000000,70.280265810000003,0,83469.000000000000000,98.914497380000000, , ,M,Yes,M,1,Minority,5345504.814829999580979,9349.954073049999351
"Block Group 1, Census Tract 3324.02, Middlesex County, Massachusetts",250173324021,N,Burlington,1268.000000000000000,828.000000000000000,34.700315459999999,591.000000000000000,0,0.000000000000000,126750.000000000000000,150.204421999999994,0,121433.000000000000000,143.903533939999988, , ,M,Yes,M,1,Minority,3296756.649079999886453,9101.924932800000533
"Block Group 3, Census Tract 3336.02, Middlesex County, Massachusetts",250173336023,N,Woburn,1596.000000000000000,1146.000000000000000,28.195488720000000,488.000000000000000,12,2.459016320000000,113409.000000000000000,134.394744870000011,0,92084.000000000000000,109.123657230000006, , ,M,Yes,M,1,Minority,1477081.292409999994561,5087.426531989999603
"Block Group 3, Census Tract 3401, Middlesex County, Massachusetts",250173401003,N,Medford,1535.000000000000000,999.000000000000000,34.918566779999999,845.000000000000000,11,1.301775100000000,104568.000000000000000,123.917755130000003,0,101168.000000000000000,119.888603209999999, , ,M,Yes,M,1,Minority,409399.887077999999747,3293.339693129999887
"Block Group 1, Census Tract 3411.01, Middlesex County, Massachusetts",250173411011,N,Malden,1625.000000000000000,698.000000000000000,57.046153850000003,698.000000000000000,75,10.744985580000000,123784.000000000000000,146.689575200000007,0,73399.000000000000000,86.981101989999999, , ,M,Yes,M,1,Minority,261130.855849000014132,2543.267081949999920
"Block Group 2, Census Tract 3411.01, Middlesex County, Massachusetts",250173411012,N,Malden,838.000000000000000,312.000000000000000,62.768496419999998,217.000000000000000,42,19.354839320000000,60536.000000000000000,71.737869259999997,0,73399.000000000000000,86.981101989999999, , ,M,Yes,M,1,Minority,151766.003480999992462,1749.280231069999900
"Block Group 2, Census Tract 3502.02, Middlesex County, Massachusetts",250173502022,N,Somerville,1379.000000000000000,861.000000000000000,37.563451780000001,585.000000000000000,60,10.256410600000001,130478.000000000000000,154.622268679999991,0,102311.000000000000000,121.243110659999999, , ,M,Yes,M,1,Minority,173200.088771000009729,2116.243676669999786
"Block Group 3, Census Tract 3502.02, Middlesex County, Massachusetts",250173502023,N,Somerville,1120.000000000000000,789.000000000000000,29.553571430000002,494.000000000000000,46,9.311740880000000,87014.000000000000000,103.115486149999995,0,102311.000000000000000,121.243110659999999, , ,M,Yes,M,1,Minority,123442.278997999994317,1583.003746549999960
"Block Group 1, Census Tract 3506, Middlesex County, Massachusetts",250173506001,N,Somerville,1779.000000000000000,913.000000000000000,48.679033160000003,30.000000000000000,0,0.000000000000000,0.000000000000000,0.000000000000000,0,102311.000000000000000,121.243110659999999, , ,M,Yes,M,1,Minority,200152.802018999995198,1902.629052450000017
"Block Group 3, Census Tract 3506, Middlesex County, Massachusetts",250173506003,N,Somerville,743.000000000000000,488.000000000000000,34.320323010000003,216.000000000000000,5,2.314814810000000,67361.000000000000000,79.825798030000001,0,102311.000000000000000,121.243110659999999, , ,M,Yes,M,1,Minority,96837.068975799993495,1466.241078580000021
"Block Group 2, Census Tract 3507.02, Middlesex County, Massachusetts",250173507022,N,Somerville,1298.000000000000000,583.000000000000000,55.084745759999997,795.000000000000000,78,9.811320300000000,20713.000000000000000,24.545831679999999,0,102311.000000000000000,121.243110659999999,I, ,M,Yes,MI,2,Minority and income,66659.212409600004321,1053.003797390000045
"Block Group 1, Census Tract 3212, Middlesex County, Massachusetts",250173212001,N,Marlborough,2005.000000000000000,969.000000000000000,51.670822940000001,754.000000000000000,92,12.201591490000000,73200.000000000000000,86.745277400000006,0,83469.000000000000000,98.914497380000000, , ,M,Yes,M,1,Minority,605657.410863999975845,3378.176873639999940
"Block Group 2, Census Tract 3213.01, Middlesex County, Massachusetts",250173213012,N,Marlborough,1877.000000000000000,898.000000000000000,52.157698449999998,1017.000000000000000,29,2.851524110000000,47906.000000000000000,56.770751949999998,0,83469.000000000000000,98.914497380000000,I, ,M,Yes,MI,2,Minority and income,1013156.164940000046045,4362.325639460000275
"Block Group 4, Census Tract 3336.02, Middlesex County, Massachusetts",250173336024,N,Woburn,2419.000000000000000,1699.000000000000000,29.764365439999999,1027.000000000000000,68,6.621226790000000,93345.000000000000000,110.618003849999994,0,92084.000000000000000,109.123657230000006, , ,M,Yes,M,1,Minority,1237874.055940000107512,6287.465658359999907
"Block Group 3, Census Tract 3391.01, Middlesex County, Massachusetts",250173391013,N,Medford,1109.000000000000000,751.000000000000000,32.281334540000003,750.000000000000000,50,6.666666510000000,23462.000000000000000,27.803520200000001,0,101168.000000000000000,119.888603209999999,I, ,M,Yes,MI,2,Minority and income,219712.336868999991566,3246.010064529999909
"Block Group 3, Census Tract 3411.01, Middlesex County, Massachusetts",250173411013,N,Malden,1387.000000000000000,867.000000000000000,37.490987740000001,410.000000000000000,53,12.926829339999999,127917.000000000000000,151.587371829999995,0,73399.000000000000000,86.981101989999999, , ,M,Yes,M,1,Minority,720549.841365000000224,4338.229490460000306
"Block Group 1, Census Tract 3411.02, Middlesex County, Massachusetts",250173411021,N,Malden,1490.000000000000000,544.000000000000000,63.489932889999999,703.000000000000000,235,33.428165440000001,57917.000000000000000,68.634239199999996,0,73399.000000000000000,86.981101989999999, ,E,M,Yes,ME,2,Minority and English isolation,144289.766132999997353,1862.044256899999937
"Block Group 2, Census Tract 3411.02, Middlesex County, Massachusetts",250173411022,N,Malden,2785.000000000000000,1347.000000000000000,51.633752240000000,1195.000000000000000,168,14.058577540000000,81139.000000000000000,96.153343199999995,0,73399.000000000000000,86.981101989999999, , ,M,Yes,M,1,Minority,525709.656699000042863,4019.312953449999895
"Block Group 3, Census Tract 3411.02, Middlesex County, Massachusetts",250173411023,N,Malden,905.000000000000000,553.000000000000000,38.895027620000000,247.000000000000000,0,0.000000000000000,121830.000000000000000,144.373992920000006,0,73399.000000000000000,86.981101989999999, , ,M,Yes,M,1,Minority,234925.562502999993740,2129.869640379999964
"Block Group 1, Census Tract 3424.02, Middlesex County, Massachusetts",250173424021,N,Everett,1387.000000000000000,578.000000000000000,58.327325160000001,536.000000000000000,10,1.865671630000000,135500.000000000000000,160.573562619999990,0,70627.000000000000000,83.696151729999997, , ,M,Yes,M,1,Minority,1197594.174510000040755,5414.636770780000006
"Block Group 3, Census Tract 3424.02, Middlesex County, Massachusetts",250173424023,N,Everett,842.000000000000000,357.000000000000000,57.600950120000000,250.000000000000000,94,37.599998470000003,65852.000000000000000,78.037567139999993,0,70627.000000000000000,83.696151729999997, ,E,M,Yes,ME,2,Minority and English isolation,450406.048575000022538,3631.693271869999990
"Block Group 1, Census Tract 3425.01, Middlesex County, Massachusetts",250173425011,N,Everett,2291.000000000000000,713.000000000000000,68.878219119999997,770.000000000000000,213,27.662338259999999,95515.000000000000000,113.189544679999997,0,70627.000000000000000,83.696151729999997, ,E,M,Yes,ME,2,Minority and English isolation,208068.750196000008145,1964.287473959999943
"Block Group 1, Census Tract 3425.02, Middlesex County, Massachusetts",250173425021,N,Everett,1607.000000000000000,562.000000000000000,65.028002490000006,436.000000000000000,121,27.752292629999999,94500.000000000000000,111.986724850000002,0,70627.000000000000000,83.696151729999997, ,E,M,Yes,ME,2,Minority and English isolation,161406.252076000004308,1643.858738500000072
"Block Group 1, Census Tract 3213.02, Middlesex County, Massachusetts",250173213021,N,Marlborough,1702.000000000000000,741.000000000000000,56.462984720000001,626.000000000000000,82,13.099041939999999,109757.000000000000000,130.066955570000005,0,83469.000000000000000,98.914497380000000, , ,M,Yes,M,1,Minority,1199407.056540000019595,4916.069574389999616
"Block Group 1, Census Tract 3215, Middlesex County, Massachusetts",250173215001,N,Marlborough,2227.000000000000000,966.000000000000000,56.623259990000001,709.000000000000000,197,27.785614010000000,52746.000000000000000,62.506370539999999,0,83469.000000000000000,98.914497380000000,I,E,M,Yes,MIE,3,"Minority, income and English isolation",815744.147568000014871,4205.425193459999718
"Block Group 1, Census Tract 3322.01, Middlesex County, Massachusetts",250173322011,N,Burlington,2111.000000000000000,1514.000000000000000,28.280435810000000,1026.000000000000000,0,0.000000000000000,86913.000000000000000,102.995796200000001,0,121433.000000000000000,143.903533939999988, , ,M,Yes,M,1,Minority,2072342.376930000027642,6062.029041589999906
"Block Group 4, Census Tract 3321, Middlesex County, Massachusetts",250173321004,N,Burlington,1325.000000000000000,929.000000000000000,29.886792450000002,556.000000000000000,20,3.597122190000000,136435.000000000000000,161.681579590000013,0,121433.000000000000000,143.903533939999988, , ,M,Yes,M,1,Minority,1305856.884790000040084,5064.682188159999896
"Block Group 1, Census Tract 3322.02, Middlesex County, Massachusetts",250173322021,N,Burlington,2585.000000000000000,1820.000000000000000,29.593810439999999,1107.000000000000000,105,9.485095019999999,118528.000000000000000,140.460983279999994,0,121433.000000000000000,143.903533939999988, , ,M,Yes,M,1,Minority,3141219.935870000161231,8515.968930069999260
"Block Group 1, Census Tract 3412, Middlesex County, Massachusetts",250173412001,N,Malden,2216.000000000000000,779.000000000000000,64.846570400000004,453.000000000000000,75,16.556291580000000,67050.000000000000000,79.457252499999996,0,73399.000000000000000,86.981101989999999, , ,M,Yes,M,1,Minority,333318.023614000005182,2528.708077969999977
"Block Group 2, Census Tract 3412, Middlesex County, Massachusetts",250173412002,N,Malden,1022.000000000000000,404.000000000000000,60.469667319999999,398.000000000000000,169,42.462310789999997,58419.000000000000000,69.229125980000006,0,73399.000000000000000,86.981101989999999, ,E,M,Yes,ME,2,Minority and English isolation,207869.129549000004772,2357.799653160000162
"Block Group 3, Census Tract 3412, Middlesex County, Massachusetts",250173412003,N,Malden,937.000000000000000,440.000000000000000,53.041622199999999,273.000000000000000,53,19.413919450000002,128319.000000000000000,152.063751220000000,0,73399.000000000000000,86.981101989999999, , ,M,Yes,M,1,Minority,142742.174170999991475,1585.664896499999941
"Block Group 1, Census Tract 3413.01, Middlesex County, Massachusetts",250173413011,N,Malden,1163.000000000000000,221.000000000000000,80.997420460000001,237.000000000000000,83,35.021095279999997,53295.000000000000000,63.156959530000002,0,73399.000000000000000,86.981101989999999,I,E,M,Yes,MIE,3,"Minority, income and English isolation",582196.195794999948703,4680.244755959999566
"Block Group 2, Census Tract 3413.01, Middlesex County, Massachusetts",250173413012,N,Malden,1840.000000000000000,572.000000000000000,68.913043479999999,826.000000000000000,234,28.329298020000000,75708.000000000000000,89.717369079999997,0,73399.000000000000000,86.981101989999999, ,E,M,Yes,ME,2,Minority and English isolation,89660.230188100002124,1384.717091089999940
"Block Group 2, Census Tract 3419.04, Middlesex County, Massachusetts",250173419042,N,Malden,1366.000000000000000,484.000000000000000,64.568081989999996,597.000000000000000,117,19.597990039999999,35774.000000000000000,42.393791200000003,0,73399.000000000000000,86.981101989999999,I, ,M,Yes,MI,2,Minority and income,249476.719378000008874,2322.624970899999880
"Block Group 2, Census Tract 3421.01, Middlesex County, Massachusetts",250173421012,N,Everett,1227.000000000000000,463.000000000000000,62.265688670000003,370.000000000000000,9,2.432432410000000,135781.000000000000000,160.906555179999998,0,70627.000000000000000,83.696151729999997, , ,M,Yes,M,1,Minority,168919.715079999994487,1661.060594419999916
"Block Group 4, Census Tract 3421.01, Middlesex County, Massachusetts",250173421014,N,Everett,1052.000000000000000,414.000000000000000,60.646387830000002,441.000000000000000,109,24.716552730000000,99181.000000000000000,117.533920289999998,0,70627.000000000000000,83.696151729999997, ,E,M,Yes,ME,2,Minority and English isolation,139554.723893999995198,1904.433063299999958
"Block Group 1, Census Tract 3421.02, Middlesex County, Massachusetts",250173421021,N,Everett,1112.000000000000000,490.000000000000000,55.935251800000003,324.000000000000000,35,10.802469250000000,106250.000000000000000,125.911003109999996,0,70627.000000000000000,83.696151729999997, , ,M,Yes,M,1,Minority,836052.500483999960124,4098.554262550000203
"Block Group 3, Census Tract 3215, Middlesex County, Massachusetts",250173215003,N,Marlborough,2183.000000000000000,999.000000000000000,54.237288139999997,905.000000000000000,10,1.104972360000000,54979.000000000000000,65.152572629999995,0,83469.000000000000000,98.914497380000000,I, ,M,Yes,MI,2,Minority and income,595307.149059999966994,3504.387033370000154
"Block Group 1, Census Tract 3222, Middlesex County, Massachusetts",250173222001,N,Hudson,1872.000000000000000,1327.000000000000000,29.113247860000001,862.000000000000000,95,11.020881650000000,111667.000000000000000,132.330383299999994,0,96038.000000000000000,113.809326170000006, , ,M,Yes,M,1,Minority,2471837.227400000207126,6912.878857360000438
"Block Group 2, Census Tract 3224, Middlesex County, Massachusetts",250173224002,N,Hudson,1436.000000000000000,932.000000000000000,35.097493040000003,726.000000000000000,121,16.666666029999998,68793.000000000000000,81.522781370000004,0,96038.000000000000000,113.809326170000006, , ,M,Yes,M,1,Minority,738687.623415000038221,4878.113837640000384
"Block Group 2, Census Tract 3271.03, Middlesex County, Massachusetts",250173271032,N,Pepperell,767.000000000000000,651.000000000000000,15.123859189999999,480.000000000000000,26,5.416666510000000,26406.000000000000000,31.292291639999998,0,105377.000000000000000,124.876457209999998,I, , ,Yes,I,1,Income,1804849.514269999926910,7602.125998159999654
"Block Group 3, Census Tract 3322.02, Middlesex County, Massachusetts",250173322023,N,Burlington,2461.000000000000000,1082.000000000000000,56.034132470000003,983.000000000000000,82,8.341811180000001,94725.000000000000000,112.253364559999994,0,121433.000000000000000,143.903533939999988, , ,M,Yes,M,1,Minority,732664.623371999943629,3680.361470710000049
"Block Group 4, Census Tract 3322.02, Middlesex County, Massachusetts",250173322024,N,Burlington,776.000000000000000,572.000000000000000,26.288659790000001,461.000000000000000,0,0.000000000000000,103788.000000000000000,120.904441829999996,1,121433.000000000000000,143.903533939999988, , ,M,Yes,M,1,Minority,918527.680712000001222,7480.288930130000153
"Block Group 1, Census Tract 3334, Middlesex County, Massachusetts",250173334001,N,Woburn,1730.000000000000000,1096.000000000000000,36.647398840000001,760.000000000000000,75,9.868420600000000,79597.000000000000000,94.326004029999993,0,92084.000000000000000,109.123657230000006, , ,M,Yes,M,1,Minority,1612431.653609999921173,7052.895197179999741
"Block Group 3, Census Tract 3413.01, Middlesex County, Massachusetts",250173413013,N,Malden,791.000000000000000,259.000000000000000,67.256637170000005,277.000000000000000,53,19.133573530000000,53375.000000000000000,63.251762390000003,0,73399.000000000000000,86.981101989999999,I, ,M,Yes,MI,2,Minority and income,99120.266826000006404,1655.776837090000072
"Block Group 4, Census Tract 3413.01, Middlesex County, Massachusetts",250173413014,N,Malden,771.000000000000000,291.000000000000000,62.256809339999997,240.000000000000000,63,26.250000000000000,0.000000000000000,0.000000000000000,0,73399.000000000000000,86.981101989999999, ,E,M,Yes,ME,2,Minority and English isolation,355824.816940999997314,3734.203974059999837
"Block Group 1, Census Tract 3413.02, Middlesex County, Massachusetts",250173413021,N,Malden,1372.000000000000000,460.000000000000000,66.472303210000007,619.000000000000000,88,14.216478349999999,124583.000000000000000,147.636428830000000,0,73399.000000000000000,86.981101989999999, , ,M,Yes,M,1,Minority,181792.372276999987662,1854.936904689999892
"Block Group 2, Census Tract 3413.02, Middlesex County, Massachusetts",250173413022,N,Malden,901.000000000000000,348.000000000000000,61.376248609999998,528.000000000000000,147,27.840909960000001,70034.000000000000000,82.993423460000002,0,73399.000000000000000,86.981101989999999, ,E,M,Yes,ME,2,Minority and English isolation,156889.903756000014255,1649.017494160000069
"Block Group 1, Census Tract 3415, Middlesex County, Massachusetts",250173415001,N,Malden,1087.000000000000000,401.000000000000000,63.109475619999998,354.000000000000000,17,4.802259920000000,98065.000000000000000,116.211410520000001,0,73399.000000000000000,86.981101989999999, , ,M,Yes,M,1,Minority,201116.728261999989627,1964.111586199999920
"Block Group 1, Census Tract 3419.01, Middlesex County, Massachusetts",250173419011,N,Malden,793.000000000000000,326.000000000000000,58.890290039999996,248.000000000000000,20,8.064516070000000,105455.000000000000000,124.968894960000000,0,73399.000000000000000,86.981101989999999, , ,M,Yes,M,1,Minority,474889.683798999991268,4165.376422729999831
"Block Group 3, Census Tract 3419.03, Middlesex County, Massachusetts",250173419033,N,Malden,2148.000000000000000,571.000000000000000,73.417132219999999,883.000000000000000,22,2.491506340000000,92906.000000000000000,110.097763060000005,0,73399.000000000000000,86.981101989999999, , ,M,Yes,M,1,Minority,259635.238351999985753,2112.745355170000039
"Block Group 1, Census Tract 3423.02, Middlesex County, Massachusetts",250173423021,N,Everett,2003.000000000000000,772.000000000000000,61.457813280000003,375.000000000000000,39,10.399999619999999,66174.000000000000000,78.419151310000004,0,70627.000000000000000,83.696151729999997, , ,M,Yes,M,1,Minority,178997.616076000005705,1709.222036780000053
"Block Group 3, Census Tract 3419.04, Middlesex County, Massachusetts",250173419043,N,Malden,658.000000000000000,305.000000000000000,53.647416409999998,77.000000000000000,0,0.000000000000000,43165.000000000000000,50.283657069999997,1,73399.000000000000000,86.981101989999999,I, ,M,Yes,MI,2,Minority and income,103582.884233999997377,1436.721311029999924
"Block Group 2, Census Tract 3323, Middlesex County, Massachusetts",250173323002,N,Burlington,2251.000000000000000,979.000000000000000,56.508218569999997,796.000000000000000,32,4.020100590000000,96638.000000000000000,114.520355219999999,0,121433.000000000000000,143.903533939999988, , ,M,Yes,M,1,Minority,1049790.698490000097081,4882.465809950000221
"Block Group 2, Census Tract 3324.02, Middlesex County, Massachusetts",250173324022,N,Burlington,874.000000000000000,560.000000000000000,35.926773460000000,341.000000000000000,0,0.000000000000000,56996.000000000000000,67.542808530000002,0,121433.000000000000000,143.903533939999988, , ,M,Yes,M,1,Minority,2993699.751530000008643,8267.770348730000478
"Block Group 1, Census Tract 3335.02, Middlesex County, Massachusetts",250173335021,N,Woburn,1654.000000000000000,1117.000000000000000,32.466747280000000,767.000000000000000,86,11.212515829999999,70417.000000000000000,83.447296140000006,0,92084.000000000000000,109.123657230000006, , ,M,Yes,M,1,Minority,756694.289808999979869,4836.604901939999763
"Block Group 4, Census Tract 3334, Middlesex County, Massachusetts",250173334004,N,Woburn,1352.000000000000000,931.000000000000000,31.139053250000000,388.000000000000000,81,20.876289369999999,91071.000000000000000,107.923210139999995,0,92084.000000000000000,109.123657230000006, , ,M,Yes,M,1,Minority,559328.551790999947116,3143.999248680000164
"Block Group 3, Census Tract 3415, Middlesex County, Massachusetts",250173415003,N,Malden,1241.000000000000000,332.000000000000000,73.247381140000002,298.000000000000000,66,22.147651669999998,76500.000000000000000,90.655921939999999,0,73399.000000000000000,86.981101989999999, , ,M,Yes,M,1,Minority,132489.450539000012213,1539.860688680000067
"Block Group 4, Census Tract 3412, Middlesex County, Massachusetts",250173412004,N,Malden,1737.000000000000000,779.000000000000000,55.152561890000001,973.000000000000000,203,20.863309860000001,72277.000000000000000,85.651481630000006,0,73399.000000000000000,86.981101989999999, , ,M,Yes,M,1,Minority,274020.382463000016287,2187.153109500000028
"Block Group 5, Census Tract 3412, Middlesex County, Massachusetts",250173412005,N,Malden,1076.000000000000000,392.000000000000000,63.568773229999998,381.000000000000000,49,12.860892300000000,110163.000000000000000,130.548080440000007,0,73399.000000000000000,86.981101989999999, , ,M,Yes,M,1,Minority,145323.477458999986993,1805.979952619999949
"Block Group 1, Census Tract 3414, Middlesex County, Massachusetts",250173414001,N,Malden,1062.000000000000000,291.000000000000000,72.598870059999996,313.000000000000000,105,33.546325680000002,64539.000000000000000,76.481605529999996,0,73399.000000000000000,86.981101989999999, ,E,M,Yes,ME,2,Minority and English isolation,127917.800912000006065,1459.629470410000067
"Block Group 2, Census Tract 3414, Middlesex County, Massachusetts",250173414002,N,Malden,1045.000000000000000,303.000000000000000,71.004784689999994,228.000000000000000,78,34.210525509999997,59783.000000000000000,70.845527649999994,0,73399.000000000000000,86.981101989999999, ,E,M,Yes,ME,2,Minority and English isolation,91678.578808799997205,1541.919968160000053
"Block Group 2, Census Tract 3425.02, Middlesex County, Massachusetts",250173425022,N,Everett,1473.000000000000000,377.000000000000000,74.405974200000003,638.000000000000000,0,0.000000000000000,65362.000000000000000,77.456893919999999,0,70627.000000000000000,83.696151729999997, , ,M,Yes,M,1,Minority,103897.649940000002971,1400.056854659999999
"Block Group 1, Census Tract 3426, Middlesex County, Massachusetts",250173426001,N,Everett,1368.000000000000000,349.000000000000000,74.488304090000000,326.000000000000000,20,6.134969230000000,80603.000000000000000,95.518157959999996,0,70627.000000000000000,83.696151729999997, , ,M,Yes,M,1,Minority,102305.796896999992896,1275.126328119999926
"Block Group 2, Census Tract 3426, Middlesex County, Massachusetts",250173426002,N,Everett,1076.000000000000000,276.000000000000000,74.349442379999999,571.000000000000000,187,32.749561309999997,51108.000000000000000,60.565265660000001,0,70627.000000000000000,83.696151729999997,I,E,M,Yes,MIE,3,"Minority, income and English isolation",132139.052254000009270,1876.626679720000084
"Block Group 3, Census Tract 3426, Middlesex County, Massachusetts",250173426003,N,Everett,2525.000000000000000,805.000000000000000,68.118811879999996,785.000000000000000,103,13.121019360000000,58849.000000000000000,69.738700870000002,0,70627.000000000000000,83.696151729999997, , ,M,Yes,M,1,Minority,218055.650563000002876,1864.663708040000074
"Block Group 1, Census Tract 3501.05, Middlesex County, Massachusetts",250173501051,N,Somerville,1181.000000000000000,816.000000000000000,30.906011849999999,518.000000000000000,87,16.795366290000000,104750.000000000000000,124.133438110000000,0,102311.000000000000000,121.243110659999999, , ,M,Yes,M,1,Minority,290235.066835000005085,2456.249225730000035
"Block Group 3, Census Tract 3332, Middlesex County, Massachusetts",250173332003,N,Woburn,1043.000000000000000,779.000000000000000,25.311601150000001,470.000000000000000,28,5.957446580000000,59231.000000000000000,70.191383360000003,0,92084.000000000000000,109.123657230000006, , ,M,Yes,M,1,Minority,317730.234074999985751,2463.570869889999813
"Block Group 1, Census Tract 3333, Middlesex County, Massachusetts",250173333001,N,Woburn,1238.000000000000000,749.000000000000000,39.499192250000000,455.000000000000000,47,10.329669950000000,51004.000000000000000,60.442020419999999,0,92084.000000000000000,109.123657230000006,I, ,M,Yes,MI,2,Minority and income,314869.550227000028826,2836.704383950000192
"Block Group 4, Census Tract 3394, Middlesex County, Massachusetts",250173394004,N,Medford,943.000000000000000,682.000000000000000,27.677624600000001,410.000000000000000,0,0.000000000000000,49167.000000000000000,58.265094759999997,0,101168.000000000000000,119.888603209999999,I, ,M,Yes,MI,2,Minority and income,151103.158167999994475,2149.906855379999797
"Block Group 1, Census Tract 3395, Middlesex County, Massachusetts",250173395001,N,Medford,2982.000000000000000,1822.000000000000000,38.900067069999999,505.000000000000000,9,1.782178160000000,105347.000000000000000,124.840904240000000,0,101168.000000000000000,119.888603209999999, , ,M,Yes,M,1,Minority,542272.367693000007421,4272.212311119999868
"Block Group 2, Census Tract 3335.02, Middlesex County, Massachusetts",250173335022,N,Woburn,1775.000000000000000,1303.000000000000000,26.591549300000000,563.000000000000000,37,6.571936130000000,90208.000000000000000,106.900512699999993,0,92084.000000000000000,109.123657230000006, , ,M,Yes,M,1,Minority,686681.536567999981344,4459.621468070000446
"Block Group 1, Census Tract 3336.01, Middlesex County, Massachusetts",250173336011,N,Woburn,1550.000000000000000,903.000000000000000,41.741935480000002,635.000000000000000,0,0.000000000000000,121924.000000000000000,144.485397339999992,0,92084.000000000000000,109.123657230000006, , ,M,Yes,M,1,Minority,6384755.008449999615550,12664.589520899999115
"Block Group 3, Census Tract 3382, Middlesex County, Massachusetts",250173382003,N,Winchester,2469.000000000000000,1365.000000000000000,44.714459300000001,868.000000000000000,39,4.493087770000000,143958.000000000000000,170.596664430000004,0,173058.000000000000000,205.081466669999998, , ,M,Yes,M,1,Minority,1048068.531760000041686,5346.063723590000336
"Block Group 3, Census Tract 3414, Middlesex County, Massachusetts",250173414003,N,Malden,2032.000000000000000,786.000000000000000,61.318897640000003,481.000000000000000,106,22.037422180000000,77126.000000000000000,91.397758479999993,0,73399.000000000000000,86.981101989999999, , ,M,Yes,M,1,Minority,260919.030572999996366,2026.073614919999955
"Block Group 4, Census Tract 3414, Middlesex County, Massachusetts",250173414004,N,Malden,1827.000000000000000,660.000000000000000,63.875205250000000,784.000000000000000,78,9.948979380000001,72000.000000000000000,85.323219300000005,0,73399.000000000000000,86.981101989999999, , ,M,Yes,M,1,Minority,209213.482320000010077,2291.417474140000195
"Block Group 2, Census Tract 3415, Middlesex County, Massachusetts",250173415002,N,Malden,831.000000000000000,232.000000000000000,72.081829119999995,282.000000000000000,113,40.070922850000002,105857.000000000000000,125.445281980000004,0,73399.000000000000000,86.981101989999999, ,E,M,Yes,ME,2,Minority and English isolation,83225.133376600002521,1534.061068579999983
"Block Group 5, Census Tract 3414, Middlesex County, Massachusetts",250173414005,N,Malden,781.000000000000000,312.000000000000000,60.051216390000000,511.000000000000000,106,20.743638990000001,0.000000000000000,0.000000000000000,0,73399.000000000000000,86.981101989999999, , ,M,Yes,M,1,Minority,107761.620557000002009,1490.663973140000053
"Block Group 5, Census Tract 3415, Middlesex County, Massachusetts",250173415005,N,Malden,1291.000000000000000,347.000000000000000,73.121611150000007,361.000000000000000,107,29.639888760000002,62614.000000000000000,74.200393680000005,0,73399.000000000000000,86.981101989999999, ,E,M,Yes,ME,2,Minority and English isolation,112832.928497000000789,1544.448197050000090
"Block Group 3, Census Tract 3421.02, Middlesex County, Massachusetts",250173421023,N,Everett,1143.000000000000000,515.000000000000000,54.943132110000001,494.000000000000000,77,15.587044720000000,69219.000000000000000,82.027610780000003,0,70627.000000000000000,83.696151729999997, , ,M,Yes,M,1,Minority,112441.231132000000798,1768.569707619999917
"Block Group 4, Census Tract 3421.02, Middlesex County, Massachusetts",250173421024,N,Everett,1402.000000000000000,425.000000000000000,69.686162620000005,411.000000000000000,71,17.274938580000001,58264.000000000000000,69.045448300000004,0,70627.000000000000000,83.696151729999997, , ,M,Yes,M,1,Minority,212927.442516999988584,2138.711745850000170
"Block Group 1, Census Tract 3422.01, Middlesex County, Massachusetts",250173422011,N,Everett,1682.000000000000000,509.000000000000000,69.738406659999995,397.000000000000000,15,3.778337480000000,45885.000000000000000,54.375778199999999,0,70627.000000000000000,83.696151729999997,I, ,M,Yes,MI,2,Minority and income,144573.062433999992209,1704.164888259999998
"Block Group 2, Census Tract 3422.01, Middlesex County, Massachusetts",250173422012,N,Everett,1351.000000000000000,472.000000000000000,65.062916360000003,754.000000000000000,377,50.000000000000000,77202.000000000000000,91.487823489999997,0,70627.000000000000000,83.696151729999997, ,E,M,Yes,ME,2,Minority and English isolation,92927.480562299999292,1271.329996619999974
"Block Group 1, Census Tract 3422.02, Middlesex County, Massachusetts",250173422021,N,Everett,1444.000000000000000,572.000000000000000,60.387811630000002,457.000000000000000,24,5.251641270000000,48438.000000000000000,57.401195530000003,0,70627.000000000000000,83.696151729999997,I, ,M,Yes,MI,2,Minority and income,198509.843388999986928,2035.088690020000058
"Block Group 1, Census Tract 3114, Middlesex County, Massachusetts",250173114001,N,Lowell,1135.000000000000000,557.000000000000000,50.925110130000000,388.000000000000000,36,9.278350830000001,79018.000000000000000,93.639862059999999,0,62196.000000000000000,73.705039979999995, , ,M,Yes,M,1,Minority,656940.439103999990039,6293.960598790000404
"Block Group 2, Census Tract 3115, Middlesex County, Massachusetts",250173115002,N,Lowell,1275.000000000000000,426.000000000000000,66.588235290000000,410.000000000000000,32,7.804878230000000,81111.000000000000000,96.120162960000002,0,62196.000000000000000,73.705039979999995, , ,M,Yes,M,1,Minority,190324.927988999988884,2110.564658809999855
"Block Group 2, Census Tract 5107, Plymouth County, Massachusetts",250235107002,N,Brockton,1117.000000000000000,299.000000000000000,73.231871080000005,379.000000000000000,69,18.205804820000001,98750.000000000000000,117.023170469999997,0,62249.000000000000000,73.767852779999998, , ,M,Yes,M,1,Minority,408873.825733000005130,2654.822059130000071
"Block Group 4, Census Tract 5108, Plymouth County, Massachusetts",250235108004,N,Brockton,1517.000000000000000,178.000000000000000,88.266315100000000,464.000000000000000,60,12.931034090000001,57700.000000000000000,68.377082819999998,0,62249.000000000000000,73.767852779999998, , ,M,Yes,M,1,Minority,230291.599420999991708,1984.386233239999910
"Block Group 1, Census Tract 5107, Plymouth County, Massachusetts",250235107001,N,Brockton,1647.000000000000000,275.000000000000000,83.302975110000006,329.000000000000000,15,4.559270380000000,48363.000000000000000,57.312316889999998,0,62249.000000000000000,73.767852779999998,I, ,M,Yes,MI,2,Minority and income,351602.768106999981683,2785.570492020000074
"Block Group 2, Census Tract 5108, Plymouth County, Massachusetts",250235108002,N,Brockton,1033.000000000000000,132.000000000000000,87.221684409999995,320.000000000000000,48,15.000000000000000,66429.000000000000000,78.721336359999995,0,62249.000000000000000,73.767852779999998, , ,M,Yes,M,1,Minority,186803.631368000002112,2352.196461359999830
"Block Group 1, Census Tract 4176.02, Norfolk County, Massachusetts",250214176021,N,Quincy,1358.000000000000000,995.000000000000000,26.730486010000000,468.000000000000000,0,0.000000000000000,95938.000000000000000,113.690818789999994,0,80462.000000000000000,95.351066590000002, , ,M,Yes,M,1,Minority,10140365.233599999919534,14852.445476999999300
"Block Group 2, Census Tract 4176.02, Norfolk County, Massachusetts",250214176022,N,Quincy,1884.000000000000000,767.000000000000000,59.288747350000001,728.000000000000000,107,14.697802540000000,96264.000000000000000,114.077148440000002,0,80462.000000000000000,95.351066590000002, , ,M,Yes,M,1,Minority,295102.352215000020806,2513.128386200000023
"Block Group 1, Census Tract 4564.01, Norfolk County, Massachusetts",250214564011,N,Stoughton,1112.000000000000000,608.000000000000000,45.323741009999999,386.000000000000000,7,1.813471560000000,85500.000000000000000,101.321327210000007,0,90201.000000000000000,106.892219539999999, , ,M,Yes,M,1,Minority,507003.448068999976385,3798.023871649999819
"Block Group 2, Census Tract 4564.01, Norfolk County, Massachusetts",250214564012,N,Stoughton,1774.000000000000000,1266.000000000000000,28.635851180000000,538.000000000000000,29,5.390334610000000,111250.000000000000000,131.836227420000000,0,90201.000000000000000,106.892219539999999, , ,M,Yes,M,1,Minority,2508351.942319999914616,8428.209983009999632
"Block Group 1, Census Tract 4564.02, Norfolk County, Massachusetts",250214564021,N,Stoughton,930.000000000000000,678.000000000000000,27.096774190000001,295.000000000000000,0,0.000000000000000,131906.000000000000000,156.314514159999987,0,90201.000000000000000,106.892219539999999, , ,M,Yes,M,1,Minority,5021912.276320000179112,10180.774947899999461
"Block Group 3, Census Tract 4564.02, Norfolk County, Massachusetts",250214564023,N,Stoughton,2383.000000000000000,1703.000000000000000,28.535459500000002,960.000000000000000,5,0.520833310000000,134250.000000000000000,159.092254639999993,0,90201.000000000000000,106.892219539999999, , ,M,Yes,M,1,Minority,3657936.944680000189692,8622.142640019999817
"Block Group 1, Census Tract 4571, Norfolk County, Massachusetts",250214571001,N,Avon,1055.000000000000000,659.000000000000000,37.535545020000001,298.000000000000000,0,0.000000000000000,100909.000000000000000,119.581680300000002,0,97353.000000000000000,115.367660520000001, , ,M,Yes,M,1,Minority,5484849.343150000087917,14617.621742600000289
"Block Group 2, Census Tract 4571, Norfolk County, Massachusetts",250214571002,N,Avon,1267.000000000000000,844.000000000000000,33.385951069999997,444.000000000000000,22,4.954955100000000,128782.000000000000000,152.612426760000005,0,97353.000000000000000,115.367660520000001, , ,M,Yes,M,1,Minority,3045266.022979999892414,9802.294414050000341
"Block Group 2, Census Tract 4561.01, Norfolk County, Massachusetts",250214561012,N,Stoughton,1816.000000000000000,1139.000000000000000,37.279735680000002,592.000000000000000,0,0.000000000000000,115556.000000000000000,136.939025880000003,0,90201.000000000000000,106.892219539999999, , ,M,Yes,M,1,Minority,4232298.019849999807775,11278.776822800000446
"Block Group 1, Census Tract 4561.02, Norfolk County, Massachusetts",250214561021,N,Stoughton,1837.000000000000000,1012.000000000000000,44.910179640000003,888.000000000000000,209,23.536035540000000,68365.000000000000000,81.015586850000005,0,90201.000000000000000,106.892219539999999, , ,M,Yes,M,1,Minority,857375.563564999960363,4572.192849989999559
"Block Group 2, Census Tract 4561.02, Norfolk County, Massachusetts",250214561022,N,Stoughton,2226.000000000000000,1338.000000000000000,39.892183289999998,813.000000000000000,8,0.984009860000000,95058.000000000000000,112.647979739999997,0,90201.000000000000000,106.892219539999999, , ,M,Yes,M,1,Minority,2235545.092850000131875,7583.819257709999874
"Block Group 3, Census Tract 5108, Plymouth County, Massachusetts",250235108003,N,Brockton,820.000000000000000,105.000000000000000,87.195121950000001,438.000000000000000,185,42.237442020000003,13592.000000000000000,16.107128140000000,0,62249.000000000000000,73.767852779999998,I,E,M,Yes,MIE,3,"Minority, income and English isolation",191994.448525000014342,1984.356133259999979
"Block Group 5, Census Tract 5108, Plymouth County, Massachusetts",250235108005,N,Brockton,886.000000000000000,96.000000000000000,89.164785550000005,143.000000000000000,0,0.000000000000000,81103.000000000000000,96.110679630000007,0,62249.000000000000000,73.767852779999998, , ,M,Yes,M,1,Minority,146151.272380999987945,1535.344644029999927
"Block Group 6, Census Tract 5108, Plymouth County, Massachusetts",250235108006,N,Brockton,1767.000000000000000,249.000000000000000,85.908319190000000,542.000000000000000,43,7.933579440000000,84595.000000000000000,100.248855590000005,0,62249.000000000000000,73.767852779999998, , ,M,Yes,M,1,Minority,210977.706336000002921,2006.090898420000030
"Block Group 2, Census Tract 5109, Plymouth County, Massachusetts",250235109002,N,Brockton,1580.000000000000000,273.000000000000000,82.721518990000007,445.000000000000000,126,28.314607620000000,24375.000000000000000,28.885465620000002,0,62249.000000000000000,73.767852779999998,I,E,M,Yes,MIE,3,"Minority, income and English isolation",328787.891263999976218,2397.065438269999959
"Block Group 6, Census Tract 4179.01, Norfolk County, Massachusetts",250214179016,N,Quincy,698.000000000000000,301.000000000000000,56.876790829999997,327.000000000000000,64,19.571865079999998,66676.000000000000000,79.014045719999999,0,80462.000000000000000,95.351066590000002, , ,M,Yes,M,1,Minority,801410.675936999963596,4440.166176849999829
"Block Group 4, Census Tract 4192, Norfolk County, Massachusetts",250214192004,N,Braintree,784.000000000000000,540.000000000000000,31.122448980000001,211.000000000000000,0,0.000000000000000,134732.000000000000000,159.663452150000012,0,101544.000000000000000,120.334182740000003, , ,M,Yes,M,1,Minority,453996.358183000003919,3458.271945280000182
"Block Group 1, Census Tract 4180.03, Norfolk County, Massachusetts",250214180031,N,Quincy,1239.000000000000000,630.000000000000000,49.152542369999999,737.000000000000000,39,5.291723250000000,108045.000000000000000,128.038162230000012,0,80462.000000000000000,95.351066590000002, , ,M,Yes,M,1,Minority,162178.306735999998637,1661.704090749999978
"Block Group 2, Census Tract 4198, Norfolk County, Massachusetts",250214198002,N,Braintree,1305.000000000000000,781.000000000000000,40.153256700000000,552.000000000000000,31,5.615942000000000,47976.000000000000000,56.853706359999997,0,101544.000000000000000,120.334182740000003,I, ,M,Yes,MI,2,Minority and income,1175458.719359999988228,6265.039927980000357
"Block Group 3, Census Tract 4571, Norfolk County, Massachusetts",250214571003,N,Avon,1258.000000000000000,757.000000000000000,39.825119239999999,404.000000000000000,0,0.000000000000000,95511.000000000000000,113.184806820000006,0,97353.000000000000000,115.367660520000001, , ,M,Yes,M,1,Minority,1849589.919519999995828,6783.916892469999766
"Block Group 4, Census Tract 4571, Norfolk County, Massachusetts",250214571004,N,Avon,1197.000000000000000,776.000000000000000,35.171261489999999,488.000000000000000,0,0.000000000000000,95042.000000000000000,112.629020690000004,0,97353.000000000000000,115.367660520000001, , ,M,Yes,M,1,Minority,1374208.431189999915659,5271.965474579999864
"Block Group 4, Census Tract 4564.02, Norfolk County, Massachusetts",250214564024,N,Stoughton,847.000000000000000,571.000000000000000,32.585596219999999,358.000000000000000,25,6.983240130000000,111875.000000000000000,132.576873780000000,0,90201.000000000000000,106.892219539999999, , ,M,Yes,M,1,Minority,573009.942235999973491,4617.604805029999625
"Block Group 1, Census Tract 4562, Norfolk County, Massachusetts",250214562001,N,Stoughton,1654.000000000000000,777.000000000000000,53.022974609999999,723.000000000000000,20,2.766251800000000,95281.000000000000000,112.912246699999997,0,90201.000000000000000,106.892219539999999, , ,M,Yes,M,1,Minority,5633581.749689999967813,10598.005857000000105
"Block Group 1, Census Tract 4563.02, Norfolk County, Massachusetts",250214563021,N,Stoughton,2097.000000000000000,1395.000000000000000,33.476394849999998,1238.000000000000000,71,5.735056400000000,70119.000000000000000,83.094154360000005,0,90201.000000000000000,106.892219539999999, , ,M,Yes,M,1,Minority,646361.095761999953538,5553.483379090000199
"Block Group 2, Census Tract 4564.02, Norfolk County, Massachusetts",250214564022,N,Stoughton,1382.000000000000000,991.000000000000000,28.292329960000000,375.000000000000000,0,0.000000000000000,110673.000000000000000,131.152450560000005,0,90201.000000000000000,106.892219539999999, , ,M,Yes,M,1,Minority,5203247.254030000418425,9990.636749209999834
"Block Group 3, Census Tract 5021.02, Plymouth County, Massachusetts",250235021023,N,Rockland,1886.000000000000000,1455.000000000000000,22.852598090000001,533.000000000000000,35,6.566604140000000,51763.000000000000000,61.341468810000002,0,80783.000000000000000,95.731468199999995,I, , ,Yes,I,1,Income,1843292.449710000073537,5954.842054020000433
"Block Group 3, Census Tract 5111, Plymouth County, Massachusetts",250235111003,N,Brockton,1482.000000000000000,503.000000000000000,66.059379219999997,379.000000000000000,0,0.000000000000000,105694.000000000000000,125.252120970000007,0,62249.000000000000000,73.767852779999998, , ,M,Yes,M,1,Minority,1039627.721009999979287,4391.813085980000324
"Block Group 2, Census Tract 5112, Plymouth County, Massachusetts",250235112002,N,Brockton,1451.000000000000000,355.000000000000000,75.534114400000007,343.000000000000000,0,0.000000000000000,80343.000000000000000,95.210052489999995,0,62249.000000000000000,73.767852779999998, , ,M,Yes,M,1,Minority,376566.609432999975979,3200.984287409999979
"Block Group 3, Census Tract 5112, Plymouth County, Massachusetts",250235112003,N,Brockton,1390.000000000000000,290.000000000000000,79.136690650000006,566.000000000000000,114,20.141342160000001,31563.000000000000000,37.403568270000001,0,62249.000000000000000,73.767852779999998,I, ,M,Yes,MI,2,Minority and income,360366.594283999991603,2712.357083150000108
"Block Group 2, Census Tract 4181.01, Norfolk County, Massachusetts",250214181012,N,Quincy,832.000000000000000,450.000000000000000,45.913461540000000,258.000000000000000,0,0.000000000000000,71563.000000000000000,84.805358889999994,0,80462.000000000000000,95.351066590000002, , ,M,Yes,M,1,Minority,170610.381966999993892,1686.680246729999908
"Block Group 1, Census Tract 4181.02, Norfolk County, Massachusetts",250214181021,N,Quincy,1025.000000000000000,644.000000000000000,37.170731709999998,363.000000000000000,31,8.539944650000001,43199.000000000000000,51.192749020000001,0,80462.000000000000000,95.351066590000002,I, ,M,Yes,MI,2,Minority and income,267912.588058000023011,2949.390013419999832
"Block Group 3, Census Tract 4182.01, Norfolk County, Massachusetts",250214182013,N,Quincy,2334.000000000000000,1617.000000000000000,30.719794340000000,828.000000000000000,76,9.178744320000000,110403.000000000000000,130.832489009999989,0,80462.000000000000000,95.351066590000002, , ,M,Yes,M,1,Minority,4464405.177170000039041,8992.712358150000000
"Block Group 3, Census Tract 4191, Norfolk County, Massachusetts",250214191003,N,Braintree,705.000000000000000,509.000000000000000,27.801418439999999,306.000000000000000,12,3.921568630000000,85786.000000000000000,101.660247799999993,0,101544.000000000000000,120.334182740000003, , ,M,Yes,M,1,Minority,330718.326964000007138,3015.039996959999826
"Block Group 5, Census Tract 4191, Norfolk County, Massachusetts",250214191005,N,Braintree,2237.000000000000000,1385.000000000000000,38.086723290000002,632.000000000000000,16,2.531645540000000,108036.000000000000000,128.027496339999999,0,101544.000000000000000,120.334182740000003, , ,M,Yes,M,1,Minority,3975595.453530000057071,13879.138971799999126
"Block Group 1, Census Tract 5101, Plymouth County, Massachusetts",250235101001,N,Brockton,1513.000000000000000,840.000000000000000,44.481163250000002,455.000000000000000,27,5.934065820000000,67120.000000000000000,79.540199279999996,0,62249.000000000000000,73.767852779999998, , ,M,Yes,M,1,Minority,781628.361983999959193,4416.945804310000312
"Block Group 2, Census Tract 5101, Plymouth County, Massachusetts",250235101002,N,Brockton,1167.000000000000000,659.000000000000000,43.530419879999997,338.000000000000000,0,0.000000000000000,98487.000000000000000,116.711502080000002,0,62249.000000000000000,73.767852779999998, , ,M,Yes,M,1,Minority,686305.017090999986976,3338.839736729999913
"Block Group 2, Census Tract 5102, Plymouth County, Massachusetts",250235102002,N,Brockton,1301.000000000000000,586.000000000000000,54.957724829999997,386.000000000000000,0,0.000000000000000,75938.000000000000000,89.989929200000006,0,62249.000000000000000,73.767852779999998, , ,M,Yes,M,1,Minority,767291.953753000008874,3930.368355470000097
"Block Group 1, Census Tract 5104, Plymouth County, Massachusetts",250235104001,N,Brockton,1044.000000000000000,156.000000000000000,85.057471260000000,261.000000000000000,59,22.605363850000000,44097.000000000000000,52.256916050000001,0,62249.000000000000000,73.767852779999998,I, ,M,Yes,MI,2,Minority and income,184869.862323999986984,1720.902666129999943
"Block Group 1, Census Tract 5105.04, Plymouth County, Massachusetts",250235105041,N,Brockton,1113.000000000000000,177.000000000000000,84.097035039999994,241.000000000000000,0,0.000000000000000,73893.000000000000000,87.566513060000005,0,62249.000000000000000,73.767852779999998, , ,M,Yes,M,1,Minority,362591.846687000012025,2459.183727640000143
"Block Group 2, Census Tract 5116.01, Plymouth County, Massachusetts",250235116012,N,Brockton,777.000000000000000,96.000000000000000,87.644787640000004,170.000000000000000,0,0.000000000000000,0.000000000000000,0.000000000000000,0,62249.000000000000000,73.767852779999998, , ,M,Yes,M,1,Minority,198786.535131999989972,2388.122136030000092
"Block Group 3, Census Tract 5117.01, Plymouth County, Massachusetts",250235117013,N,Brockton,880.000000000000000,279.000000000000000,68.295454550000002,241.000000000000000,0,0.000000000000000,113164.000000000000000,134.104400629999986,0,62249.000000000000000,73.767852779999998, , ,M,Yes,M,1,Minority,271733.393861000018660,2424.851716220000071
"Block Group 3, Census Tract 5113.01, Plymouth County, Massachusetts",250235113013,N,Brockton,2434.000000000000000,602.000000000000000,75.267050119999993,688.000000000000000,33,4.796511650000000,67315.000000000000000,79.771286009999997,0,62249.000000000000000,73.767852779999998, , ,M,Yes,M,1,Minority,920230.120735000004061,3951.919455339999786
"Block Group 2, Census Tract 5113.02, Plymouth County, Massachusetts",250235113022,N,Brockton,953.000000000000000,208.000000000000000,78.174186779999999,272.000000000000000,0,0.000000000000000,40200.000000000000000,47.638797760000003,0,62249.000000000000000,73.767852779999998,I, ,M,Yes,MI,2,Minority and income,648485.022405999945477,3263.383835239999826
"Block Group 3, Census Tract 5113.02, Plymouth County, Massachusetts",250235113023,N,Brockton,2024.000000000000000,816.000000000000000,59.683794470000002,613.000000000000000,40,6.525285240000000,62327.000000000000000,73.860282900000001,0,62249.000000000000000,73.767852779999998, , ,M,Yes,M,1,Minority,1525287.199289999902248,6567.933370300000206
"Block Group 4, Census Tract 4193, Norfolk County, Massachusetts",250214193004,N,Braintree,1210.000000000000000,872.000000000000000,27.933884299999999,415.000000000000000,13,3.132530210000000,123884.000000000000000,146.808074949999991,0,101544.000000000000000,120.334182740000003, , ,M,Yes,M,1,Minority,535259.529924000031315,3124.977225579999867
"Block Group 1, Census Tract 4194, Norfolk County, Massachusetts",250214194001,N,Braintree,799.000000000000000,539.000000000000000,32.540675839999999,259.000000000000000,65,25.096525190000001,96858.000000000000000,114.781059270000000,0,101544.000000000000000,120.334182740000003, ,E,M,Yes,ME,2,Minority and English isolation,1136552.469199999934062,4728.785446230000161
"Block Group 3, Census Tract 4194, Norfolk County, Massachusetts",250214194003,N,Braintree,1348.000000000000000,928.000000000000000,31.157270029999999,573.000000000000000,44,7.678883080000000,76641.000000000000000,90.823013309999993,0,101544.000000000000000,120.334182740000003, , ,M,Yes,M,1,Minority,464505.700256999989506,2876.251348220000182
"Block Group 1, Census Tract 4197, Norfolk County, Massachusetts",250214197001,N,Braintree,2025.000000000000000,1279.000000000000000,36.839506170000000,662.000000000000000,31,4.682779310000000,116500.000000000000000,138.057708740000010,0,101544.000000000000000,120.334182740000003, , ,M,Yes,M,1,Minority,1450435.205490000080317,5719.107142799999565
"Block Group 3, Census Tract 5102, Plymouth County, Massachusetts",250235102003,N,Brockton,711.000000000000000,131.000000000000000,81.575246129999996,131.000000000000000,0,0.000000000000000,116196.000000000000000,137.697463989999989,0,62249.000000000000000,73.767852779999998, , ,M,Yes,M,1,Minority,732070.104062999947928,4937.392941150000297
"Block Group 4, Census Tract 5102, Plymouth County, Massachusetts",250235102004,N,Brockton,2801.000000000000000,716.000000000000000,74.437700820000003,861.000000000000000,67,7.781649110000000,86083.000000000000000,102.012207029999999,0,62249.000000000000000,73.767852779999998, , ,M,Yes,M,1,Minority,898132.237302999943495,3773.889238310000110
"Block Group 2, Census Tract 5104, Plymouth County, Massachusetts",250235104002,N,Brockton,766.000000000000000,92.000000000000000,87.989556140000005,369.000000000000000,44,11.924118999999999,47250.000000000000000,55.993362429999998,0,62249.000000000000000,73.767852779999998,I, ,M,Yes,MI,2,Minority and income,174379.865140000008978,2003.239251080000031
"Block Group 1, Census Tract 5105.03, Plymouth County, Massachusetts",250235105031,N,Brockton,2151.000000000000000,267.000000000000000,87.587168759999997,751.000000000000000,50,6.657789710000000,41488.000000000000000,49.165134430000002,0,62249.000000000000000,73.767852779999998,I, ,M,Yes,MI,2,Minority and income,204509.790431000001263,2132.812240459999884
"Block Group 3, Census Tract 5012.04, Plymouth County, Massachusetts",250235012043,N,Hingham,1314.000000000000000,1244.000000000000000,5.327245050000000,1198.000000000000000,0,0.000000000000000,31768.000000000000000,37.646499630000001,0,147520.000000000000000,174.817794800000001,I, , ,Yes,I,1,Income,761215.343314999947324,4116.298975020000398
"Block Group 2, Census Tract 5116.02, Plymouth County, Massachusetts",250235116022,N,Brockton,1335.000000000000000,454.000000000000000,65.992509360000000,565.000000000000000,184,32.566371920000002,0.000000000000000,0.000000000000000,0,62249.000000000000000,73.767852779999998, ,E,M,Yes,ME,2,Minority and English isolation,367281.199943999992684,2959.024696490000224
"Block Group 5, Census Tract 5454, Plymouth County, Massachusetts",250235454005,N,Wareham,1361.000000000000000,1138.000000000000000,16.385011020000000,644.000000000000000,28,4.347826000000000,30963.000000000000000,36.692539220000000,0,66695.000000000000000,79.036560059999999,I, , ,Yes,I,1,Income,3140494.038530000019819,9287.630992430000333
"Block Group 2, Census Tract 5614, Plymouth County, Massachusetts",250235614002,N,Bridgewater,2315.000000000000000,1682.000000000000000,27.343412529999998,998.000000000000000,0,0.000000000000000,70746.000000000000000,83.837173460000002,0,100747.000000000000000,119.389701840000001, , ,M,Yes,M,1,Minority,2509703.327539999969304,7277.637760450000314
"Block Group 1, Census Tract 9802, Plymouth County, Massachusetts",250239802001,N,Bridgewater,1575.000000000000000,826.000000000000000,47.555555560000002,74.000000000000000,0,0.000000000000000,120270.000000000000000,142.525329590000013,0,100747.000000000000000,119.389701840000001, , ,M,Yes,M,1,Minority,7179725.750430000014603,13260.092755300000135
"Block Group 1, Census Tract 9803, Plymouth County, Massachusetts",250239803001,N,Bridgewater,2820.000000000000000,2039.000000000000000,27.695035460000000,30.000000000000000,0,0.000000000000000,20500.000000000000000,24.293416980000000,0,100747.000000000000000,119.389701840000001,I, ,M,Yes,MI,2,Minority and income,760632.682912999996915,5042.515882839999904
"Block Group 1, Census Tract 4195, Norfolk County, Massachusetts",250214195001,N,Braintree,1180.000000000000000,695.000000000000000,41.101694920000000,336.000000000000000,0,0.000000000000000,84375.000000000000000,99.988151549999998,0,101544.000000000000000,120.334182740000003, , ,M,Yes,M,1,Minority,389719.578267999982927,2795.044584969999960
"Block Group 2, Census Tract 4195, Norfolk County, Massachusetts",250214195002,N,Braintree,2301.000000000000000,1653.000000000000000,28.161668840000001,734.000000000000000,24,3.269754890000000,135472.000000000000000,160.540374759999992,0,101544.000000000000000,120.334182740000003, , ,M,Yes,M,1,Minority,2974079.276480000000447,8347.796875120000550
"Block Group 3, Census Tract 4201.01, Norfolk County, Massachusetts",250214201013,N,Randolph,1139.000000000000000,389.000000000000000,65.847234420000007,570.000000000000000,0,0.000000000000000,94949.000000000000000,112.518814090000006,0,87803.000000000000000,104.050483700000001, , ,M,Yes,M,1,Minority,2105830.717720000073314,7921.689607139999680
"Block Group 1, Census Tract 4201.02, Norfolk County, Massachusetts",250214201021,N,Randolph,2517.000000000000000,747.000000000000000,70.321811679999996,463.000000000000000,58,12.526997570000001,73427.000000000000000,87.014282230000006,0,87803.000000000000000,104.050483700000001, , ,M,Yes,M,1,Minority,1311521.747280000010505,5023.352277910000339
"Block Group 2, Census Tract 5105.03, Plymouth County, Massachusetts",250235105032,N,Brockton,1029.000000000000000,387.000000000000000,62.390670550000003,360.000000000000000,79,21.944444659999998,49324.000000000000000,58.451145169999997,0,62249.000000000000000,73.767852779999998,I, ,M,Yes,MI,2,Minority and income,435573.931761000014376,3000.361562239999785
"Block Group 1, Census Tract 5109, Plymouth County, Massachusetts",250235109001,N,Brockton,1462.000000000000000,204.000000000000000,86.046511629999998,476.000000000000000,160,33.613445280000001,32559.000000000000000,38.583869929999999,0,62249.000000000000000,73.767852779999998,I,E,M,Yes,MIE,3,"Minority, income and English isolation",411240.766616999986582,2663.529779550000057
"Block Group 1, Census Tract 5110, Plymouth County, Massachusetts",250235110001,N,Brockton,1737.000000000000000,336.000000000000000,80.656303969999996,586.000000000000000,63,10.750853540000000,66129.000000000000000,78.365821839999995,0,62249.000000000000000,73.767852779999998, , ,M,Yes,M,1,Minority,843015.077065999968909,3722.305684999999812
"Block Group 2, Census Tract 5110, Plymouth County, Massachusetts",250235110002,N,Brockton,1609.000000000000000,231.000000000000000,85.643256679999993,549.000000000000000,127,23.132968900000002,40179.000000000000000,47.613910679999996,0,62249.000000000000000,73.767852779999998,I, ,M,Yes,MI,2,Minority and income,621933.316000999999233,3136.174433480000062
"Block Group 2, Census Tract 5021.01, Plymouth County, Massachusetts",250235021012,N,Rockland,1450.000000000000000,1063.000000000000000,26.689655170000002,281.000000000000000,0,0.000000000000000,116979.000000000000000,138.625350950000012,0,80783.000000000000000,95.731468199999995, , ,M,Yes,M,1,Minority,586828.809771999949589,3524.237429150000025
"Block Group 2, Census Tract 5105.01, Plymouth County, Massachusetts",250235105012,N,Brockton,956.000000000000000,137.000000000000000,85.669456069999995,387.000000000000000,41,10.594315529999999,67670.000000000000000,80.191978449999993,0,62249.000000000000000,73.767852779999998, , ,M,Yes,M,1,Minority,242219.566335999988951,2188.610721819999981
"Block Group 4, Census Tract 5021.01, Plymouth County, Massachusetts",250235021014,N,Rockland,1617.000000000000000,1173.000000000000000,27.458256030000001,919.000000000000000,59,6.420021530000000,58725.000000000000000,69.591751099999996,0,80783.000000000000000,95.731468199999995, , ,M,Yes,M,1,Minority,785690.088388000032865,3777.221666920000189
"Block Group 1, Census Tract 5.06, Suffolk County, Massachusetts",250250005061,N,Boston,1478.000000000000000,1016.000000000000000,31.258457369999999,768.000000000000000,181,23.567708970000002,55577.000000000000000,65.861228940000004,0,76298.000000000000000,90.416542050000004, , ,M,Yes,M,1,Minority,100840.411024999993970,2037.201722629999949
"Block Group 2, Census Tract 5.06, Suffolk County, Massachusetts",250250005062,N,Boston,1417.000000000000000,984.000000000000000,30.557515880000000,686.000000000000000,43,6.268221380000000,99038.000000000000000,117.364463810000004,0,76298.000000000000000,90.416542050000004, , ,M,Yes,M,1,Minority,88054.121712799998932,1539.920407659999910
"Block Group 1, Census Tract 6.01, Suffolk County, Massachusetts",250250006011,N,Boston,685.000000000000000,401.000000000000000,41.459854010000001,252.000000000000000,41,16.269842149999999,133750.000000000000000,158.499740599999996,0,76298.000000000000000,90.416542050000004, , ,M,Yes,M,1,Minority,144811.027707000001101,1835.677472560000069
"Block Group 2, Census Tract 6.01, Suffolk County, Massachusetts",250250006012,N,Boston,1211.000000000000000,798.000000000000000,34.104046240000002,487.000000000000000,19,3.901437280000000,89276.000000000000000,105.796051030000001,0,76298.000000000000000,90.416542050000004, , ,M,Yes,M,1,Minority,177200.399867000000086,1947.547512540000071
"Block Group 1, Census Tract 4202.01, Norfolk County, Massachusetts",250214202011,N,Randolph,863.000000000000000,259.000000000000000,69.988412510000003,263.000000000000000,19,7.224334720000000,140542.000000000000000,166.548553470000002,0,87803.000000000000000,104.050483700000001, , ,M,Yes,M,1,Minority,612947.700284000020474,3622.049020320000182
"Block Group 1, Census Tract 4202.02, Norfolk County, Massachusetts",250214202021,N,Randolph,1852.000000000000000,429.000000000000000,76.835853130000004,525.000000000000000,82,15.619047159999999,105089.000000000000000,124.535163879999999,0,87803.000000000000000,104.050483700000001, , ,M,Yes,M,1,Minority,727081.843165999976918,4226.206075809999675
"Block Group 2, Census Tract 4202.02, Norfolk County, Massachusetts",250214202022,N,Randolph,2565.000000000000000,514.000000000000000,79.961013649999998,932.000000000000000,0,0.000000000000000,61040.000000000000000,72.335128780000005,0,87803.000000000000000,104.050483700000001, , ,M,Yes,M,1,Minority,978098.063100000028498,4051.449390069999936
"Block Group 5, Census Tract 4202.02, Norfolk County, Massachusetts",250214202025,N,Randolph,1202.000000000000000,374.000000000000000,68.885191349999999,387.000000000000000,44,11.369508740000001,87404.000000000000000,103.577651979999999,0,87803.000000000000000,104.050483700000001, , ,M,Yes,M,1,Minority,2012864.297620000084862,9283.503575419999834
"Block Group 1, Census Tract 5111, Plymouth County, Massachusetts",250235111001,N,Brockton,2452.000000000000000,1055.000000000000000,56.973898859999998,880.000000000000000,37,4.204545500000000,74812.000000000000000,88.655563349999994,0,62249.000000000000000,73.767852779999998, , ,M,Yes,M,1,Minority,1511131.098969999933615,4988.805729099999553
"Block Group 1, Census Tract 5112, Plymouth County, Massachusetts",250235112001,N,Brockton,2481.000000000000000,1011.000000000000000,59.250302300000001,840.000000000000000,217,25.833333970000002,53167.000000000000000,63.005271909999998,0,62249.000000000000000,73.767852779999998,I,E,M,Yes,MIE,3,"Minority, income and English isolation",3158638.910960000008345,7776.648819150000236
"Block Group 1, Census Tract 5113.02, Plymouth County, Massachusetts",250235113021,N,Brockton,773.000000000000000,326.000000000000000,57.826649420000003,137.000000000000000,0,0.000000000000000,98162.000000000000000,116.326362610000004,0,62249.000000000000000,73.767852779999998, , ,M,Yes,M,1,Minority,697351.746124000055715,3942.008827690000089
"Block Group 2, Census Tract 5114, Plymouth County, Massachusetts",250235114002,N,Brockton,1063.000000000000000,199.000000000000000,81.279397930000002,170.000000000000000,15,8.823529239999999,90079.000000000000000,106.747642519999999,0,62249.000000000000000,73.767852779999998, , ,M,Yes,M,1,Minority,203324.624214999988908,2095.824047929999779
"Block Group 2, Census Tract 5022, Plymouth County, Massachusetts",250235022002,N,Rockland,1575.000000000000000,1366.000000000000000,13.269841270000001,677.000000000000000,69,10.192023280000001,53327.000000000000000,63.194881440000003,0,80783.000000000000000,95.731468199999995,I, , ,Yes,I,1,Income,2241740.707460000179708,7151.777948300000389
"Block Group 3, Census Tract 5107, Plymouth County, Massachusetts",250235107003,N,Brockton,827.000000000000000,267.000000000000000,67.714631199999999,283.000000000000000,85,30.035335539999998,39020.000000000000000,46.240444179999997,0,62249.000000000000000,73.767852779999998,I,E,M,Yes,MIE,3,"Minority, income and English isolation",289588.734400000015739,2284.531054919999860
"Block Group 4, Census Tract 5031.02, Plymouth County, Massachusetts",250235031024,N,Hanover,1142.000000000000000,1000.000000000000000,12.434325740000000,459.000000000000000,33,7.189542290000000,51678.000000000000000,61.240741730000003,0,133922.000000000000000,158.703567499999991,I, , ,Yes,I,1,Income,3894927.134240000043064,11126.959171399999832
"Block Group 1, Census Tract 3.02, Suffolk County, Massachusetts",250250003021,N,Boston,1471.000000000000000,1000.000000000000000,32.019034670000003,543.000000000000000,0,0.000000000000000,105230.000000000000000,124.702255249999993,0,76298.000000000000000,90.416542050000004, , ,M,Yes,M,1,Minority,269274.900676999997813,2849.742735830000129
"Block Group 2, Census Tract 3.02, Suffolk County, Massachusetts",250250003022,N,Boston,1601.000000000000000,1022.000000000000000,36.164896939999998,805.000000000000000,81,10.062111850000001,99181.000000000000000,117.533920289999998,0,76298.000000000000000,90.416542050000004, , ,M,Yes,M,1,Minority,366763.242219000007026,3205.170298399999865
"Block Group 1, Census Tract 4.01, Suffolk County, Massachusetts",250250004011,N,Boston,1521.000000000000000,1023.000000000000000,32.741617359999999,714.000000000000000,0,0.000000000000000,74679.000000000000000,88.497955320000003,0,76298.000000000000000,90.416542050000004, , ,M,Yes,M,1,Minority,54137.569379000000481,986.570202623999990
"Block Group 2, Census Tract 4.01, Suffolk County, Massachusetts",250250004012,N,Boston,1204.000000000000000,772.000000000000000,35.880398669999998,475.000000000000000,42,8.842104910000000,82232.000000000000000,97.448600769999999,0,76298.000000000000000,90.416542050000004, , ,M,Yes,M,1,Minority,107454.099830999999540,1612.442404050000050
"Block Group 3, Census Tract 4203.01, Norfolk County, Massachusetts",250214203013,N,Randolph,2791.000000000000000,789.000000000000000,71.730562520000007,1062.000000000000000,50,4.708097930000000,64659.000000000000000,76.623809809999997,0,87803.000000000000000,104.050483700000001, , ,M,Yes,M,1,Minority,1408080.375500000081956,5043.976480500000434
"Block Group 4, Census Tract 4203.01, Norfolk County, Massachusetts",250214203014,N,Randolph,1852.000000000000000,570.000000000000000,69.222462199999995,406.000000000000000,0,0.000000000000000,109412.000000000000000,129.658111569999988,0,87803.000000000000000,104.050483700000001, , ,M,Yes,M,1,Minority,1542399.988579999888316,6522.406461810000110
"Block Group 2, Census Tract 5115, Plymouth County, Massachusetts",250235115002,N,Brockton,1011.000000000000000,91.000000000000000,90.999010880000000,375.000000000000000,97,25.866666790000000,55153.000000000000000,65.358772279999997,0,62249.000000000000000,73.767852779999998,I,E,M,Yes,MIE,3,"Minority, income and English isolation",118038.281698999999207,1502.658297539999921
"Block Group 3, Census Tract 5115, Plymouth County, Massachusetts",250235115003,N,Brockton,1820.000000000000000,211.000000000000000,88.406593409999999,436.000000000000000,61,13.990825650000000,81000.000000000000000,95.988624569999999,0,62249.000000000000000,73.767852779999998, , ,M,Yes,M,1,Minority,243915.907498999993550,2236.735009089999949
"Block Group 4, Census Tract 5115, Plymouth County, Massachusetts",250235115004,N,Brockton,1211.000000000000000,155.000000000000000,87.200660610000000,341.000000000000000,32,9.384163859999999,43301.000000000000000,51.313621519999998,0,62249.000000000000000,73.767852779999998,I, ,M,Yes,MI,2,Minority and income,200940.070728999999119,2099.496079380000083
"Block Group 1, Census Tract 5117.01, Plymouth County, Massachusetts",250235117011,N,Brockton,788.000000000000000,312.000000000000000,60.406091369999999,207.000000000000000,0,0.000000000000000,106654.000000000000000,126.389762880000006,0,62249.000000000000000,73.767852779999998, , ,M,Yes,M,1,Minority,268045.945412000000942,2459.231740950000130
"Block Group 5, Census Tract 5107, Plymouth County, Massachusetts",250235107005,N,Brockton,1451.000000000000000,440.000000000000000,69.676085459999996,409.000000000000000,28,6.845965860000000,95353.000000000000000,112.997573849999995,0,62249.000000000000000,73.767852779999998, , ,M,Yes,M,1,Minority,444143.338451999996323,2857.257656750000024
"Block Group 1, Census Tract 5114, Plymouth County, Massachusetts",250235114001,N,Brockton,992.000000000000000,79.000000000000000,92.036290320000006,217.000000000000000,33,15.207373620000000,63208.000000000000000,74.904304499999995,0,62249.000000000000000,73.767852779999998, , ,M,Yes,M,1,Minority,167239.718441000004532,1746.291697019999901
"Block Group 4, Census Tract 5114, Plymouth County, Massachusetts",250235114004,N,Brockton,1491.000000000000000,150.000000000000000,89.939637829999995,314.000000000000000,54,17.197452550000001,51250.000000000000000,60.733543400000002,0,62249.000000000000000,73.767852779999998,I, ,M,Yes,MI,2,Minority and income,185009.248048000008566,1740.737619589999895
"Block Group 2, Census Tract 5117.01, Plymouth County, Massachusetts",250235117012,N,Brockton,1696.000000000000000,788.000000000000000,53.537735849999997,438.000000000000000,34,7.762557030000000,60833.000000000000000,72.089828490000002,0,62249.000000000000000,73.767852779999998, , ,M,Yes,M,1,Minority,1263190.075690000085160,4858.365130479999607
"Block Group 3, Census Tract 4.01, Suffolk County, Massachusetts",250250004013,N,Boston,1056.000000000000000,715.000000000000000,32.291666669999998,466.000000000000000,28,6.008583550000000,90536.000000000000000,107.289207460000000,0,76298.000000000000000,90.416542050000004, , ,M,Yes,M,1,Minority,116840.073684999995749,1679.186983190000092
"Block Group 4, Census Tract 4.01, Suffolk County, Massachusetts",250250004014,N,Boston,2072.000000000000000,1207.000000000000000,41.747104250000000,1203.000000000000000,776,64.505401610000007,11799.000000000000000,13.982342720000000,0,76298.000000000000000,90.416542050000004,I,E,M,Yes,MIE,3,"Minority, income and English isolation",152582.871925000014016,1745.827445939999961
"Block Group 1, Census Tract 4.02, Suffolk County, Massachusetts",250250004021,N,Boston,1469.000000000000000,1008.000000000000000,31.381892440000001,550.000000000000000,6,1.090909120000000,74565.000000000000000,88.362861629999998,0,76298.000000000000000,90.416542050000004, , ,M,Yes,M,1,Minority,162109.957905999996001,1661.256555059999982
"Block Group 2, Census Tract 4.02, Suffolk County, Massachusetts",250250004022,N,Boston,967.000000000000000,634.000000000000000,34.436401240000002,337.000000000000000,0,0.000000000000000,113015.000000000000000,133.927825930000012,0,76298.000000000000000,90.416542050000004, , ,M,Yes,M,1,Minority,382989.512408000009600,2515.359022539999842
"Block Group 2, Census Tract 4203.02, Norfolk County, Massachusetts",250214203022,N,Randolph,1116.000000000000000,291.000000000000000,73.924731179999995,247.000000000000000,0,0.000000000000000,50906.000000000000000,60.325885769999999,0,87803.000000000000000,104.050483700000001,I, ,M,Yes,MI,2,Minority and income,787813.510098999948241,3971.108450539999922
"Block Group 5, Census Tract 4203.02, Norfolk County, Massachusetts",250214203025,N,Randolph,1655.000000000000000,298.000000000000000,81.993957699999996,751.000000000000000,107,14.247670169999999,48036.000000000000000,56.924808499999997,0,87803.000000000000000,104.050483700000001,I, ,M,Yes,MI,2,Minority and income,581344.218192999949679,4231.583765489999678
"Block Group 2, Census Tract 4202.01, Norfolk County, Massachusetts",250214202012,N,Randolph,2713.000000000000000,715.000000000000000,73.645410979999994,804.000000000000000,68,8.457711220000000,69239.000000000000000,82.051315310000007,0,87803.000000000000000,104.050483700000001, , ,M,Yes,M,1,Minority,1505530.181589999934658,5196.515638159999980
"Block Group 3, Census Tract 4202.02, Norfolk County, Massachusetts",250214202023,N,Randolph,1785.000000000000000,419.000000000000000,76.526610640000001,678.000000000000000,0,0.000000000000000,112375.000000000000000,133.169403079999995,0,87803.000000000000000,104.050483700000001, , ,M,Yes,M,1,Minority,933149.999363000039011,6501.133477620000122
"Block Group 1, Census Tract 4203.01, Norfolk County, Massachusetts",250214203011,N,Randolph,928.000000000000000,292.000000000000000,68.534482760000003,302.000000000000000,0,0.000000000000000,66419.000000000000000,78.709487920000001,0,87803.000000000000000,104.050483700000001, , ,M,Yes,M,1,Minority,1986456.161709999898449,7163.750630200000160
"Block Group 1, Census Tract 5113.01, Plymouth County, Massachusetts",250235113011,N,Brockton,2873.000000000000000,670.000000000000000,76.679429170000006,1049.000000000000000,49,4.671115400000000,44781.000000000000000,53.067489620000003,0,62249.000000000000000,73.767852779999998,I, ,M,Yes,MI,2,Minority and income,1055403.570069999899715,4829.327368620000016
"Block Group 3, Census Tract 5116.01, Plymouth County, Massachusetts",250235116013,N,Brockton,2149.000000000000000,379.000000000000000,82.363890179999999,504.000000000000000,40,7.936507700000000,54907.000000000000000,65.067253109999996,0,62249.000000000000000,73.767852779999998,I, ,M,Yes,MI,2,Minority and income,489072.127128999971319,3676.593171059999804
"Block Group 4, Census Tract 5107, Plymouth County, Massachusetts",250235107004,N,Brockton,1298.000000000000000,361.000000000000000,72.187981510000000,380.000000000000000,0,0.000000000000000,114875.000000000000000,136.132019039999989,0,62249.000000000000000,73.767852779999998, , ,M,Yes,M,1,Minority,647622.151028999942355,3286.328505519999908
"Block Group 3, Census Tract 6.01, Suffolk County, Massachusetts",250250006013,N,Boston,846.000000000000000,559.000000000000000,33.924349880000001,229.000000000000000,23,10.043667790000001,112031.000000000000000,132.761749269999996,0,76298.000000000000000,90.416542050000004, , ,M,Yes,M,1,Minority,84827.077031499997247,1708.001068699999905
"Block Group 4, Census Tract 6.01, Suffolk County, Massachusetts",250250006014,N,Boston,1016.000000000000000,575.000000000000000,43.405511810000000,398.000000000000000,23,5.778894420000000,106607.000000000000000,126.334060670000000,0,76298.000000000000000,90.416542050000004, , ,M,Yes,M,1,Minority,88397.175139700004365,1348.556751300000087
"Block Group 1, Census Tract 7.01, Suffolk County, Massachusetts",250250007011,N,Boston,616.000000000000000,406.000000000000000,34.090909089999997,293.000000000000000,28,9.556314470000000,89044.000000000000000,105.521125789999999,0,76298.000000000000000,90.416542050000004, , ,M,Yes,M,1,Minority,27860.369485700000951,1119.648882610000101
"Block Group 2, Census Tract 7.01, Suffolk County, Massachusetts",250250007012,N,Boston,869.000000000000000,541.000000000000000,37.744533949999997,367.000000000000000,70,19.073570250000000,66518.000000000000000,78.826805109999995,0,76298.000000000000000,90.416542050000004, , ,M,Yes,M,1,Minority,55250.196907400000782,1031.472016870000061
"Block Group 3, Census Tract 7.01, Suffolk County, Massachusetts",250250007013,N,Boston,1521.000000000000000,914.000000000000000,39.907955289999997,829.000000000000000,19,2.291918040000000,88625.000000000000000,105.024589539999994,0,76298.000000000000000,90.416542050000004, , ,M,Yes,M,1,Minority,81865.291749099997105,1191.319004349999886
"Block Group 2, Census Tract 7.03, Suffolk County, Massachusetts",250250007032,N,Boston,1397.000000000000000,774.000000000000000,44.595561920000002,472.000000000000000,34,7.203389640000000,52738.000000000000000,62.496891020000000,0,76298.000000000000000,90.416542050000004,I, ,M,Yes,MI,2,Minority and income,105036.203989000001457,1463.919950870000093
"Block Group 1, Census Tract 4212, Norfolk County, Massachusetts",250214212001,N,Holbrook,1096.000000000000000,719.000000000000000,34.397810219999997,553.000000000000000,0,0.000000000000000,43229.000000000000000,51.228298189999997,0,79718.000000000000000,94.469398499999997,I, ,M,Yes,MI,2,Minority and income,1310705.819260000018403,5083.618060050000167
"Block Group 2, Census Tract 4212, Norfolk County, Massachusetts",250214212002,N,Holbrook,1200.000000000000000,880.000000000000000,26.666666670000001,379.000000000000000,0,0.000000000000000,109896.000000000000000,130.231674190000007,0,79718.000000000000000,94.469398499999997, , ,M,Yes,M,1,Minority,1061379.919380000093952,4374.439208439999675
"Block Group 2, Census Tract 4203.01, Norfolk County, Massachusetts",250214203012,N,Randolph,1724.000000000000000,417.000000000000000,75.812064969999994,666.000000000000000,99,14.864865300000000,91639.000000000000000,108.596313480000006,0,87803.000000000000000,104.050483700000001, , ,M,Yes,M,1,Minority,869495.945913000032306,5234.168454280000333
"Block Group 1, Census Tract 4203.02, Norfolk County, Massachusetts",250214203021,N,Randolph,1637.000000000000000,412.000000000000000,74.832009769999999,618.000000000000000,65,10.517799380000000,137639.000000000000000,163.108367920000006,0,87803.000000000000000,104.050483700000001, , ,M,Yes,M,1,Minority,1216075.226629999931902,5538.475462909999806
"Block Group 2, Census Tract 5111, Plymouth County, Massachusetts",250235111002,N,Brockton,1637.000000000000000,770.000000000000000,52.962736710000001,374.000000000000000,5,1.336898450000000,92250.000000000000000,109.320373540000006,0,62249.000000000000000,73.767852779999998, , ,M,Yes,M,1,Minority,956235.404245999990962,4514.164337649999652
"Block Group 5, Census Tract 5061.02, Plymouth County, Massachusetts",250235061025,N,Marshfield,633.000000000000000,589.000000000000000,6.951026860000000,350.000000000000000,0,0.000000000000000,42222.000000000000000,50.034957890000001,0,105067.000000000000000,124.509094239999996,I, , ,Yes,I,1,Income,3224601.501819999888539,8372.386929480000617
"Block Group 3, Census Tract 5114, Plymouth County, Massachusetts",250235114003,N,Brockton,974.000000000000000,144.000000000000000,85.215605749999995,392.000000000000000,75,19.132652279999999,56136.000000000000000,66.523674009999993,0,62249.000000000000000,73.767852779999998, , ,M,Yes,M,1,Minority,171592.718981999991229,1706.345949490000066
"Block Group 1, Census Tract 5115, Plymouth County, Massachusetts",250235115001,N,Brockton,1097.000000000000000,77.000000000000000,92.980856880000005,278.000000000000000,86,30.935251239999999,96979.000000000000000,114.924453740000004,0,62249.000000000000000,73.767852779999998, ,E,M,Yes,ME,2,Minority and English isolation,166782.248048999987077,1730.438691349999999
"Block Group 1, Census Tract 5116.01, Plymouth County, Massachusetts",250235116011,N,Brockton,1561.000000000000000,219.000000000000000,85.970531710000003,476.000000000000000,23,4.831932540000000,71471.000000000000000,84.696334840000006,0,62249.000000000000000,73.767852779999998, , ,M,Yes,M,1,Minority,247097.186473000008846,2009.408262240000113
"Block Group 4, Census Tract 5117.01, Plymouth County, Massachusetts",250235117014,N,Brockton,1767.000000000000000,843.000000000000000,52.292020370000003,499.000000000000000,0,0.000000000000000,105030.000000000000000,124.465248110000005,0,62249.000000000000000,73.767852779999998, , ,M,Yes,M,1,Minority,1312419.044079999905080,5206.304356689999622
"Block Group 4, Census Tract 4212, Norfolk County, Massachusetts",250214212004,N,Holbrook,1495.000000000000000,969.000000000000000,35.183946489999997,423.000000000000000,0,0.000000000000000,89963.000000000000000,106.610176089999996,0,79718.000000000000000,94.469398499999997, , ,M,Yes,M,1,Minority,2257734.325850000139326,5996.956728119999752
"Block Group 4, Census Tract 4221, Norfolk County, Massachusetts",250214221004,N,Weymouth,1028.000000000000000,762.000000000000000,25.875486380000002,357.000000000000000,18,5.042016980000000,81629.000000000000000,96.734016420000003,0,85536.000000000000000,101.363983149999996, , ,M,Yes,M,1,Minority,782272.546567999990657,4772.239567749999878
"Block Group 4, Census Tract 4563.02, Norfolk County, Massachusetts",250214563024,N,Stoughton,1504.000000000000000,685.000000000000000,54.454787230000001,530.000000000000000,0,0.000000000000000,88167.000000000000000,104.481842040000004,0,90201.000000000000000,106.892219539999999, , ,M,Yes,M,1,Minority,1170851.830340000102296,5147.943747559999792
"Block Group 3, Census Tract 4203.02, Norfolk County, Massachusetts",250214203023,N,Randolph,1082.000000000000000,323.000000000000000,70.147874310000006,259.000000000000000,0,0.000000000000000,66157.000000000000000,78.399002080000002,0,87803.000000000000000,104.050483700000001, , ,M,Yes,M,1,Minority,685836.564989999984391,4628.408929569999600
"Block Group 3, Census Tract 5101, Plymouth County, Massachusetts",250235101003,N,Brockton,841.000000000000000,349.000000000000000,58.501783590000002,236.000000000000000,0,0.000000000000000,111151.000000000000000,131.718902589999999,0,62249.000000000000000,73.767852779999998, , ,M,Yes,M,1,Minority,403878.289575000002515,3178.436538399999790
"Block Group 4, Census Tract 5101, Plymouth County, Massachusetts",250235101004,N,Brockton,1404.000000000000000,493.000000000000000,64.886039890000006,346.000000000000000,0,0.000000000000000,75600.000000000000000,89.589378359999998,0,62249.000000000000000,73.767852779999998, , ,M,Yes,M,1,Minority,1268830.704960000002757,4809.895853940000052
"Block Group 1, Census Tract 5102, Plymouth County, Massachusetts",250235102001,N,Brockton,2186.000000000000000,993.000000000000000,54.574565419999999,616.000000000000000,0,0.000000000000000,97157.000000000000000,115.135391240000004,0,62249.000000000000000,73.767852779999998, , ,M,Yes,M,1,Minority,2497724.539510000031441,7252.817868160000216
"Block Group 1, Census Tract 5103, Plymouth County, Massachusetts",250235103001,N,Brockton,1738.000000000000000,253.000000000000000,85.443037970000006,663.000000000000000,181,27.300149919999999,70016.000000000000000,82.972091669999998,0,62249.000000000000000,73.767852779999998, ,E,M,Yes,ME,2,Minority and English isolation,530125.316608999972232,3751.154004139999870
"Block Group 3, Census Tract 4.02, Suffolk County, Massachusetts",250250004023,N,Boston,1208.000000000000000,884.000000000000000,26.821192050000001,546.000000000000000,3,0.549450580000000,139071.000000000000000,164.805358890000008,0,76298.000000000000000,90.416542050000004, , ,M,Yes,M,1,Minority,261616.851495999988401,2342.241489860000001
"Block Group 1, Census Tract 5.02, Suffolk County, Massachusetts",250250005021,N,Boston,1043.000000000000000,737.000000000000000,29.338446789999999,532.000000000000000,23,4.323308470000000,87941.000000000000000,104.214019780000001,0,76298.000000000000000,90.416542050000004, , ,M,Yes,M,1,Minority,159459.399670000013430,2868.054697510000096
"Block Group 2, Census Tract 5.02, Suffolk County, Massachusetts",250250005022,N,Boston,1710.000000000000000,1276.000000000000000,25.380116959999999,350.000000000000000,3,0.857142870000000,73889.000000000000000,87.561767579999994,0,76298.000000000000000,90.416542050000004, , ,M,Yes,M,1,Minority,685007.882203000015579,3825.008934229999795
"Block Group 1, Census Tract 4222.01, Norfolk County, Massachusetts",250214222011,N,Weymouth,1293.000000000000000,795.000000000000000,38.515081209999998,210.000000000000000,75,35.714286800000004,117283.000000000000000,138.985595700000005,0,85536.000000000000000,101.363983149999996, ,E,M,Yes,ME,2,Minority and English isolation,900398.111167000024579,5529.070570500000031
"Block Group 3, Census Tract 4222.02, Norfolk County, Massachusetts",250214222023,N,Weymouth,1978.000000000000000,1215.000000000000000,38.574317489999999,1585.000000000000000,146,9.211356159999999,64158.000000000000000,76.030097960000006,0,85536.000000000000000,101.363983149999996, , ,M,Yes,M,1,Minority,543833.544102999963798,3786.432829700000184
"Block Group 1, Census Tract 4223.03, Norfolk County, Massachusetts",250214223031,N,Weymouth,1319.000000000000000,922.000000000000000,30.098559510000001,483.000000000000000,38,7.867495060000000,75029.000000000000000,88.912719730000006,0,85536.000000000000000,101.363983149999996, , ,M,Yes,M,1,Minority,345333.578669000009540,3140.490952000000107
"Block Group 4, Census Tract 4203.02, Norfolk County, Massachusetts",250214203024,N,Randolph,2399.000000000000000,647.000000000000000,73.030429350000006,650.000000000000000,20,3.076923130000000,104851.000000000000000,124.253128050000001,0,87803.000000000000000,104.050483700000001, , ,M,Yes,M,1,Minority,1685187.618629999924451,7430.830865199999607
"Block Group 1, Census Tract 4211, Norfolk County, Massachusetts",250214211001,N,Holbrook,1720.000000000000000,983.000000000000000,42.848837209999999,718.000000000000000,60,8.356546399999999,63824.000000000000000,75.634292599999995,0,79718.000000000000000,94.469398499999997, , ,M,Yes,M,1,Minority,1453086.075540000107139,6162.502601119999781
"Block Group 2, Census Tract 5103, Plymouth County, Massachusetts",250235103002,N,Brockton,2752.000000000000000,454.000000000000000,83.502906980000006,684.000000000000000,198,28.947368619999999,46776.000000000000000,55.431652069999998,0,62249.000000000000000,73.767852779999998,I,E,M,Yes,MIE,3,"Minority, income and English isolation",493615.554957000014838,3335.526727909999863
"Block Group 3, Census Tract 5104, Plymouth County, Massachusetts",250235104003,N,Brockton,1579.000000000000000,139.000000000000000,91.196960099999998,360.000000000000000,89,24.722221370000000,41500.000000000000000,49.179355620000003,0,62249.000000000000000,73.767852779999998,I,E,M,Yes,MIE,3,"Minority, income and English isolation",171910.043252000003122,1861.338904550000052
"Block Group 4, Census Tract 5104, Plymouth County, Massachusetts",250235104004,N,Brockton,943.000000000000000,108.000000000000000,88.547189820000000,251.000000000000000,56,22.310756680000001,47679.000000000000000,56.501747129999998,0,62249.000000000000000,73.767852779999998,I, ,M,Yes,MI,2,Minority and income,146757.990424999996321,1551.772978499999908
"Block Group 1, Census Tract 5105.01, Plymouth County, Massachusetts",250235105011,N,Brockton,766.000000000000000,222.000000000000000,71.018276760000006,218.000000000000000,18,8.256880760000000,54464.000000000000000,64.542274480000003,0,62249.000000000000000,73.767852779999998,I, ,M,Yes,MI,2,Minority and income,467365.918867999978829,3349.454367530000127
"Block Group 2, Census Tract 1.01, Suffolk County, Massachusetts",250250001012,N,Boston,824.000000000000000,568.000000000000000,31.067961170000000,262.000000000000000,0,0.000000000000000,128750.000000000000000,152.574508670000000,0,76298.000000000000000,90.416542050000004, , ,M,Yes,M,1,Minority,109615.698910000006435,1691.667293570000083
"Block Group 1, Census Tract 2.01, Suffolk County, Massachusetts",250250002011,N,Boston,966.000000000000000,650.000000000000000,32.712215319999999,414.000000000000000,77,18.599033360000000,86719.000000000000000,102.765892030000003,0,76298.000000000000000,90.416542050000004, , ,M,Yes,M,1,Minority,240978.002529999997932,2038.257738239999981
"Block Group 2, Census Tract 2.01, Suffolk County, Massachusetts",250250002012,N,Boston,863.000000000000000,624.000000000000000,27.694090379999999,412.000000000000000,45,10.922329899999999,121095.000000000000000,143.502990720000014,0,76298.000000000000000,90.416542050000004, , ,M,Yes,M,1,Minority,97524.716536799998721,1272.844729760000064
"Block Group 3, Census Tract 2.01, Suffolk County, Massachusetts",250250002013,N,Boston,1303.000000000000000,865.000000000000000,33.614735230000001,577.000000000000000,112,19.410745620000000,91696.000000000000000,108.663864140000001,0,76298.000000000000000,90.416542050000004, , ,M,Yes,M,1,Minority,175289.467199000006076,2088.036495230000128
"Block Group 1, Census Tract 2.02, Suffolk County, Massachusetts",250250002021,N,Boston,828.000000000000000,584.000000000000000,29.468599030000000,288.000000000000000,22,7.638888840000000,97105.000000000000000,115.073768619999996,0,76298.000000000000000,90.416542050000004, , ,M,Yes,M,1,Minority,131276.350742000009632,1496.587161460000061
"Block Group 2, Census Tract 4223.03, Norfolk County, Massachusetts",250214223032,N,Weymouth,1926.000000000000000,855.000000000000000,55.607476640000002,1090.000000000000000,128,11.743119240000000,86692.000000000000000,102.733901979999999,0,85536.000000000000000,101.363983149999996, , ,M,Yes,M,1,Minority,379288.933215000026394,2574.386444199999914
"Block Group 3, Census Tract 4223.03, Norfolk County, Massachusetts",250214223033,N,Weymouth,1762.000000000000000,1243.000000000000000,29.455164589999999,791.000000000000000,0,0.000000000000000,59740.000000000000000,70.794570919999998,0,85536.000000000000000,101.363983149999996, , ,M,Yes,M,1,Minority,3305188.433430000208318,8274.585204220000378
"Block Group 2, Census Tract 4211, Norfolk County, Massachusetts",250214211002,N,Holbrook,746.000000000000000,445.000000000000000,40.348525469999998,242.000000000000000,0,0.000000000000000,68354.000000000000000,81.002548219999994,0,79718.000000000000000,94.469398499999997, , ,M,Yes,M,1,Minority,595331.096378999995068,5046.777813869999591
"Block Group 3, Census Tract 4211, Norfolk County, Massachusetts",250214211003,N,Holbrook,1159.000000000000000,806.000000000000000,30.457290770000000,474.000000000000000,0,0.000000000000000,78605.000000000000000,93.150444030000003,0,79718.000000000000000,94.469398499999997, , ,M,Yes,M,1,Minority,1437319.635410000104457,6105.922964379999939
"Block Group 4, Census Tract 4211, Norfolk County, Massachusetts",250214211004,N,Holbrook,1785.000000000000000,1085.000000000000000,39.215686269999999,811.000000000000000,28,3.452527760000000,77173.000000000000000,91.453460690000000,0,79718.000000000000000,94.469398499999997, , ,M,Yes,M,1,Minority,3705378.008469999767840,12944.575743999999759
"Block Group 3, Census Tract 5105.01, Plymouth County, Massachusetts",250235105013,N,Brockton,1852.000000000000000,743.000000000000000,59.881209499999997,595.000000000000000,50,8.403361320000000,87554.000000000000000,103.755409240000006,0,62249.000000000000000,73.767852779999998, , ,M,Yes,M,1,Minority,830161.739122999948449,4425.193001980000190
"Block Group 3, Census Tract 5105.03, Plymouth County, Massachusetts",250235105033,N,Brockton,1391.000000000000000,694.000000000000000,50.107836089999999,395.000000000000000,33,8.354430199999999,81250.000000000000000,96.284881589999998,0,62249.000000000000000,73.767852779999998, , ,M,Yes,M,1,Minority,1924823.679380000103265,5958.270659009999690
"Block Group 2, Census Tract 5105.04, Plymouth County, Massachusetts",250235105042,N,Brockton,1563.000000000000000,478.000000000000000,69.417786309999997,586.000000000000000,171,29.180887219999999,25244.000000000000000,29.915269850000001,0,62249.000000000000000,73.767852779999998,I,E,M,Yes,MIE,3,"Minority, income and English isolation",493190.794117000012193,3290.937292690000049
"Block Group 1, Census Tract 5117.02, Plymouth County, Massachusetts",250235117021,N,Brockton,2818.000000000000000,1515.000000000000000,46.238467000000000,836.000000000000000,60,7.177033420000000,87012.000000000000000,103.113113400000003,0,62249.000000000000000,73.767852779999998, , ,M,Yes,M,1,Minority,4524030.100270000286400,8654.511958200000663
"Block Group 1, Census Tract 5302, Plymouth County, Massachusetts",250235302001,N,Plymouth,1575.000000000000000,1277.000000000000000,18.920634920000001,971.000000000000000,63,6.488156320000000,49223.000000000000000,58.331455230000003,0,92757.000000000000000,109.921195979999993,I, , ,Yes,I,1,Income,1033820.743490000022575,4608.839218070000243
"Block Group 1, Census Tract 4224.01, Norfolk County, Massachusetts",250214224011,N,Weymouth,627.000000000000000,456.000000000000000,27.272727270000001,230.000000000000000,34,14.782608990000000,87885.000000000000000,104.147659300000001,0,85536.000000000000000,101.363983149999996, , ,M,Yes,M,1,Minority,705574.684491000021808,5072.585331999999653
"Block Group 2, Census Tract 4224.01, Norfolk County, Massachusetts",250214224012,N,Weymouth,976.000000000000000,683.000000000000000,30.020491799999999,553.000000000000000,33,5.967450140000000,31774.000000000000000,37.653610229999998,0,85536.000000000000000,101.363983149999996,I, ,M,Yes,MI,2,Minority and income,389096.392947999993339,3079.290683459999855
"Block Group 3, Census Tract 4224.01, Norfolk County, Massachusetts",250214224013,N,Weymouth,1970.000000000000000,1346.000000000000000,31.675126899999999,895.000000000000000,20,2.234636780000000,106021.000000000000000,125.639625550000005,0,85536.000000000000000,101.363983149999996, , ,M,Yes,M,1,Minority,1215249.485970000037923,5025.407482849999724
"Block Group 3, Census Tract 4212, Norfolk County, Massachusetts",250214212003,N,Holbrook,1340.000000000000000,942.000000000000000,29.701492540000000,406.000000000000000,0,0.000000000000000,93269.000000000000000,110.527938840000004,0,79718.000000000000000,94.469398499999997, , ,M,Yes,M,1,Minority,3931355.844990000128746,9403.672238870000001
"Block Group 1, Census Tract 4225.01, Norfolk County, Massachusetts",250214225011,N,Weymouth,1251.000000000000000,894.000000000000000,28.537170260000000,464.000000000000000,0,0.000000000000000,69821.000000000000000,82.741004939999996,0,85536.000000000000000,101.363983149999996, , ,M,Yes,M,1,Minority,820717.889390000025742,3674.220932140000059
"Block Group 1, Census Tract 5105.05, Plymouth County, Massachusetts",250235105051,N,Brockton,1996.000000000000000,494.000000000000000,75.250501000000000,881.000000000000000,176,19.977298739999998,52674.000000000000000,62.421047209999998,0,62249.000000000000000,73.767852779999998,I, ,M,Yes,MI,2,Minority and income,2021680.600839999970049,5570.047035169999617
"Block Group 2, Census Tract 5113.01, Plymouth County, Massachusetts",250235113012,N,Brockton,1005.000000000000000,352.000000000000000,64.975124379999997,139.000000000000000,0,0.000000000000000,56490.000000000000000,66.943176269999995,0,62249.000000000000000,73.767852779999998, , ,M,Yes,M,1,Minority,1315328.580769999884069,5657.479176349999761
"Block Group 3, Census Tract 5.02, Suffolk County, Massachusetts",250250005023,N,Boston,1577.000000000000000,1051.000000000000000,33.354470509999999,738.000000000000000,117,15.853658680000001,46818.000000000000000,55.481426239999998,0,76298.000000000000000,90.416542050000004,I, ,M,Yes,MI,2,Minority and income,87331.275494799992885,1346.293908240000064
"Block Group 1, Census Tract 5.03, Suffolk County, Massachusetts",250250005031,N,Boston,787.000000000000000,523.000000000000000,33.545108010000000,387.000000000000000,23,5.943152430000000,107639.000000000000000,127.557029720000003,0,76298.000000000000000,90.416542050000004, , ,M,Yes,M,1,Minority,64232.131223099997442,1168.641889980000087
"Block Group 2, Census Tract 5.03, Suffolk County, Massachusetts",250250005032,N,Boston,1631.000000000000000,1098.000000000000000,32.679337830000001,769.000000000000000,80,10.403120990000000,74869.000000000000000,88.723114010000003,0,76298.000000000000000,90.416542050000004, , ,M,Yes,M,1,Minority,75705.337336700002197,1105.159792509999988
"Block Group 1, Census Tract 5.05, Suffolk County, Massachusetts",250250005051,N,Boston,809.000000000000000,508.000000000000000,37.206427689999998,374.000000000000000,0,0.000000000000000,100451.000000000000000,119.038925169999999,0,76298.000000000000000,90.416542050000004, , ,M,Yes,M,1,Minority,42552.270973200000299,851.151853513999981
"Block Group 2, Census Tract 4224.02, Norfolk County, Massachusetts",250214224022,N,Weymouth,979.000000000000000,839.000000000000000,14.300306440000000,529.000000000000000,0,0.000000000000000,47969.000000000000000,56.845409390000000,0,85536.000000000000000,101.363983149999996,I, , ,Yes,I,1,Income,677551.459220999968238,4489.962464520000140
"Block Group 1, Census Tract 4225.02, Norfolk County, Massachusetts",250214225021,N,Weymouth,1146.000000000000000,752.000000000000000,34.380453750000001,467.000000000000000,54,11.563169479999999,64112.000000000000000,75.975585940000002,0,85536.000000000000000,101.363983149999996, , ,M,Yes,M,1,Minority,567992.336030000005849,3619.953738029999840
"Block Group 3, Census Tract 4431.04, Norfolk County, Massachusetts",250214431043,N,Bellingham,1043.000000000000000,770.000000000000000,26.174496640000001,309.000000000000000,0,0.000000000000000,142750.000000000000000,169.165130620000014,0,103258.000000000000000,122.365348819999994, , ,M,Yes,M,1,Minority,3210305.134819999802858,11064.757842200000596
"Block Group 2, Census Tract 4431.06, Norfolk County, Massachusetts",250214431062,N,Bellingham,1959.000000000000000,1642.000000000000000,16.181725369999999,1034.000000000000000,0,0.000000000000000,51167.000000000000000,60.635185239999998,0,103258.000000000000000,122.365348819999994,I, , ,Yes,I,1,Income,4315037.413329999893904,10214.830027899999550
"Block Group 2, Census Tract 4225.01, Norfolk County, Massachusetts",250214225012,N,Weymouth,2061.000000000000000,1374.000000000000000,33.333333330000002,1078.000000000000000,34,3.153988840000000,57368.000000000000000,67.983642579999994,0,85536.000000000000000,101.363983149999996, , ,M,Yes,M,1,Minority,1070625.408629999961704,5202.868896510000013
"Block Group 3, Census Tract 4225.02, Norfolk County, Massachusetts",250214225023,N,Weymouth,1879.000000000000000,1350.000000000000000,28.153273020000000,1039.000000000000000,25,2.406159880000000,77247.000000000000000,91.541152949999997,0,85536.000000000000000,101.363983149999996, , ,M,Yes,M,1,Minority,1180206.538089999929070,4625.834006670000235
"Block Group 1, Census Tract 5116.02, Plymouth County, Massachusetts",250235116021,N,Brockton,1509.000000000000000,673.000000000000000,55.400927770000003,430.000000000000000,23,5.348837380000000,96336.000000000000000,114.162467960000001,0,62249.000000000000000,73.767852779999998, , ,M,Yes,M,1,Minority,2522080.524459999985993,7199.158048450000024
"Block Group 3, Census Tract 5116.02, Plymouth County, Massachusetts",250235116023,N,Brockton,1064.000000000000000,368.000000000000000,65.413533830000006,236.000000000000000,0,0.000000000000000,54000.000000000000000,62.905536650000002,1,62249.000000000000000,73.767852779999998,I, ,M,Yes,MI,2,Minority and income,369175.912428000010550,2494.116210099999989
"Block Group 2, Census Tract 5105.05, Plymouth County, Massachusetts",250235105052,N,Brockton,2251.000000000000000,552.000000000000000,75.477565530000007,824.000000000000000,190,23.058252329999998,31250.000000000000000,37.032646180000000,0,62249.000000000000000,73.767852779999998,I, ,M,Yes,MI,2,Minority and income,1310112.153500000014901,5035.104822260000219
"Block Group 2, Census Tract 2.02, Suffolk County, Massachusetts",250250002022,N,Boston,804.000000000000000,564.000000000000000,29.850746269999998,389.000000000000000,31,7.969151500000000,101450.000000000000000,120.222785950000002,0,76298.000000000000000,90.416542050000004, , ,M,Yes,M,1,Minority,123031.409299999999348,1496.889596210000036
"Block Group 3, Census Tract 2.02, Suffolk County, Massachusetts",250250002023,N,Boston,2516.000000000000000,1246.000000000000000,50.476947539999998,827.000000000000000,117,14.147521019999999,74375.000000000000000,88.137702939999997,0,76298.000000000000000,90.416542050000004, , ,M,Yes,M,1,Minority,347290.744543000007980,3361.558893270000226
"Block Group 1, Census Tract 3.01, Suffolk County, Massachusetts",250250003011,N,Boston,715.000000000000000,475.000000000000000,33.566433570000001,272.000000000000000,8,2.941176410000000,111875.000000000000000,132.576873780000000,0,76298.000000000000000,90.416542050000004, , ,M,Yes,M,1,Minority,221941.863725000002887,2714.891687060000095
"Block Group 4, Census Tract 3.01, Suffolk County, Massachusetts",250250003014,N,Boston,934.000000000000000,617.000000000000000,33.940042830000003,287.000000000000000,20,6.968641280000000,106359.000000000000000,126.040176389999999,0,76298.000000000000000,90.416542050000004, , ,M,Yes,M,1,Minority,126497.063911999997799,1566.156260360000033
"Block Group 1, Census Tract 4561.01, Norfolk County, Massachusetts",250214561011,N,Stoughton,2299.000000000000000,1339.000000000000000,41.757285779999997,620.000000000000000,17,2.741935490000000,112365.000000000000000,133.157546999999994,0,90201.000000000000000,106.892219539999999, , ,M,Yes,M,1,Minority,3457943.971410000231117,8459.266987540000628
"Block Group 3, Census Tract 4561.02, Norfolk County, Massachusetts",250214561023,N,Stoughton,1081.000000000000000,648.000000000000000,40.055504159999998,338.000000000000000,58,17.159763340000001,68333.000000000000000,80.977661130000001,0,90201.000000000000000,106.892219539999999, , ,M,Yes,M,1,Minority,493891.990463999973144,3622.737291039999945
"Block Group 2, Census Tract 4562, Norfolk County, Massachusetts",250214562002,N,Stoughton,2386.000000000000000,1507.000000000000000,36.839899410000001,874.000000000000000,6,0.686498880000000,115439.000000000000000,136.800384519999994,0,90201.000000000000000,106.892219539999999, , ,M,Yes,M,1,Minority,3302455.521939999889582,10982.437636099999509
"Block Group 4, Census Tract 4225.02, Norfolk County, Massachusetts",250214225024,N,Weymouth,1212.000000000000000,795.000000000000000,34.405940590000000,481.000000000000000,0,0.000000000000000,60917.000000000000000,72.189369200000002,0,85536.000000000000000,101.363983149999996, , ,M,Yes,M,1,Minority,748228.557203999953344,4195.020750259999659
"Block Group 2, Census Tract 4225.02, Norfolk County, Massachusetts",250214225022,N,Weymouth,1353.000000000000000,986.000000000000000,27.124907610000001,579.000000000000000,35,6.044905190000000,79236.000000000000000,93.898200990000007,0,85536.000000000000000,101.363983149999996, , ,M,Yes,M,1,Minority,531709.873688000021502,3260.250859700000092
"Block Group 4, Census Tract 4227, Norfolk County, Massachusetts",250214227004,N,Weymouth,638.000000000000000,472.000000000000000,26.018808780000001,277.000000000000000,0,0.000000000000000,87061.000000000000000,103.171180730000003,0,85536.000000000000000,101.363983149999996, , ,M,Yes,M,1,Minority,781733.553904999978840,3531.614679520000209
"Block Group 1, Census Tract 5106, Plymouth County, Massachusetts",250235106001,N,Brockton,842.000000000000000,436.000000000000000,48.218527320000000,271.000000000000000,0,0.000000000000000,149205.000000000000000,176.814605709999995,0,62249.000000000000000,73.767852779999998, , ,M,Yes,M,1,Minority,939757.317481999984011,6754.542244170000231
"Block Group 2, Census Tract 5106, Plymouth County, Massachusetts",250235106002,N,Brockton,1224.000000000000000,742.000000000000000,39.379084970000001,245.000000000000000,0,0.000000000000000,115298.000000000000000,136.633285519999987,0,62249.000000000000000,73.767852779999998, , ,M,Yes,M,1,Minority,1878245.554960000095889,6164.142955119999897
"Block Group 1, Census Tract 5108, Plymouth County, Massachusetts",250235108001,N,Brockton,877.000000000000000,62.000000000000000,92.930444699999995,129.000000000000000,41,31.782945630000000,0.000000000000000,0.000000000000000,0,62249.000000000000000,73.767852779999998, ,E,M,Yes,ME,2,Minority and English isolation,173098.530874999996740,1821.805144989999917
"Block Group 3, Census Tract 5106, Plymouth County, Massachusetts",250235106003,N,Brockton,1177.000000000000000,596.000000000000000,49.362786749999998,471.000000000000000,0,0.000000000000000,124391.000000000000000,147.408905030000000,0,62249.000000000000000,73.767852779999998, , ,M,Yes,M,1,Minority,2534719.135689999908209,6633.369553440000345
"Block Group 2, Census Tract 5303, Plymouth County, Massachusetts",250235303002,N,Plymouth,1373.000000000000000,1171.000000000000000,14.712308810000000,578.000000000000000,26,4.498270030000000,46053.000000000000000,54.574863430000001,0,92757.000000000000000,109.921195979999993,I, , ,Yes,I,1,Income,2339952.765199999790639,7598.463897179999549
"Block Group 5, Census Tract 5306, Plymouth County, Massachusetts",250235306005,N,Plymouth,1710.000000000000000,1052.000000000000000,38.479532159999998,356.000000000000000,0,0.000000000000000,138929.000000000000000,164.637084960000010,0,92757.000000000000000,109.921195979999993, , ,M,Yes,M,1,Minority,9564631.128200000151992,16307.671567499999583
"Block Group 3, Census Tract 5423.02, Plymouth County, Massachusetts",250235423023,N,Middleborough,1751.000000000000000,1454.000000000000000,16.961736150000000,561.000000000000000,0,0.000000000000000,50634.000000000000000,60.003555300000002,0,77450.000000000000000,91.781715390000002,I, , ,Yes,I,1,Income,1768656.240669999970123,5846.179698029999599
"Block Group 1, Census Tract 5442, Plymouth County, Massachusetts",250235442001,N,Carver,1844.000000000000000,1677.000000000000000,9.056399130000001,875.000000000000000,0,0.000000000000000,47109.000000000000000,55.826271060000003,0,61374.000000000000000,72.730934140000002,I, , ,Yes,I,1,Income,30572588.702899999916553,25408.678841100001591
"Block Group 3, Census Tract 5442, Plymouth County, Massachusetts",250235442003,N,Carver,1293.000000000000000,1181.000000000000000,8.662026300000001,406.000000000000000,31,7.635468010000000,44000.000000000000000,52.141967770000001,0,61374.000000000000000,72.730934140000002,I, , ,Yes,I,1,Income,13959804.801599999889731,17922.849850499998865
"Block Group 4, Census Tract 5454, Plymouth County, Massachusetts",250235454004,N,Wareham,831.000000000000000,654.000000000000000,21.299638989999998,384.000000000000000,0,0.000000000000000,45588.000000000000000,54.023818970000001,0,66695.000000000000000,79.036560059999999,I, , ,Yes,I,1,Income,1412839.071519999997690,6104.173004919999585
"Block Group 1, Census Tract 4563.01, Norfolk County, Massachusetts",250214563011,N,Stoughton,1219.000000000000000,458.000000000000000,62.428219849999998,381.000000000000000,79,20.734909060000000,58466.000000000000000,69.284828189999999,0,90201.000000000000000,106.892219539999999, , ,M,Yes,M,1,Minority,431768.004925000015646,3050.454530110000178
"Block Group 2, Census Tract 4563.01, Norfolk County, Massachusetts",250214563012,N,Stoughton,798.000000000000000,432.000000000000000,45.864661650000002,549.000000000000000,20,3.642987250000000,74208.000000000000000,87.939796450000003,0,90201.000000000000000,106.892219539999999, , ,M,Yes,M,1,Minority,791382.568592000054196,4427.646386229999734
"Block Group 2, Census Tract 4563.02, Norfolk County, Massachusetts",250214563022,N,Stoughton,1196.000000000000000,759.000000000000000,36.538461540000000,334.000000000000000,55,16.467065810000001,75208.000000000000000,89.124847410000001,0,90201.000000000000000,106.892219539999999, , ,M,Yes,M,1,Minority,834772.919458999997005,3737.708803670000179
"Block Group 1, Census Tract 3852.01, Middlesex County, Massachusetts",250173852011,N,Ashland,2837.000000000000000,1950.000000000000000,31.265421220000000,1195.000000000000000,50,4.184100630000000,97875.000000000000000,115.986251830000000,0,118348.000000000000000,140.247680659999986, , ,M,Yes,M,1,Minority,6354571.442900000140071,10604.911561200000506
"Block Group 2, Census Tract 3703.02, Middlesex County, Massachusetts",250173703022,N,Watertown,1266.000000000000000,873.000000000000000,31.042654030000001,683.000000000000000,84,12.298682210000001,67373.000000000000000,79.840019229999996,0,100434.000000000000000,119.018783569999997, , ,M,Yes,M,1,Minority,736152.301379999960773,4758.611689209999895
"Block Group 2, Census Tract 3704.02, Middlesex County, Massachusetts",250173704022,N,Watertown,904.000000000000000,625.000000000000000,30.862831860000000,445.000000000000000,0,0.000000000000000,126008.000000000000000,149.325119019999988,0,100434.000000000000000,119.018783569999997, , ,M,Yes,M,1,Minority,205381.088725000008708,2820.274739510000018
"Block Group 1, Census Tract 3704.02, Middlesex County, Massachusetts",250173704021,N,Watertown,616.000000000000000,457.000000000000000,25.811688310000001,263.000000000000000,0,0.000000000000000,109206.000000000000000,129.414001460000009,0,100434.000000000000000,119.018783569999997, , ,M,Yes,M,1,Minority,524381.340423000045121,5073.612977079999837
"Block Group 6, Census Tract 4171, Norfolk County, Massachusetts",250214171006,N,Quincy,1541.000000000000000,1068.000000000000000,30.694354319999999,705.000000000000000,93,13.191489219999999,52827.000000000000000,62.602359770000000,0,80462.000000000000000,95.351066590000002,I, ,M,Yes,MI,2,Minority and income,405965.562684000004083,2752.959769120000146
"Block Group 1, Census Tract 4177.03, Norfolk County, Massachusetts",250214177031,N,Quincy,730.000000000000000,435.000000000000000,40.410958899999997,426.000000000000000,67,15.727699280000000,24706.000000000000000,29.277715680000000,0,80462.000000000000000,95.351066590000002,I, ,M,Yes,MI,2,Minority and income,227198.709312999999383,2076.634187010000005
"Block Group 3, Census Tract 4193, Norfolk County, Massachusetts",250214193003,N,Braintree,731.000000000000000,341.000000000000000,53.351573190000003,266.000000000000000,24,9.022556300000000,27500.000000000000000,32.588729860000001,0,101544.000000000000000,120.334182740000003,I, ,M,Yes,MI,2,Minority and income,192252.575317999988329,2667.568502350000017
"Block Group 2, Census Tract 3840.03, Middlesex County, Massachusetts",250173840032,N,Framingham,937.000000000000000,634.000000000000000,32.337246530000002,321.000000000000000,0,0.000000000000000,190368.000000000000000,225.594589229999997,0,86322.000000000000000,102.295433040000006, , ,M,Yes,M,1,Minority,2596327.102859999984503,7700.965660480000224
"Block Group 1, Census Tract 3826.02, Middlesex County, Massachusetts",250173826021,N,Natick,925.000000000000000,642.000000000000000,30.594594590000000,314.000000000000000,25,7.961783410000000,171111.000000000000000,202.774185179999989,0,115652.000000000000000,137.052795409999987, , ,M,Yes,M,1,Minority,741872.450293999980204,3557.026253510000060
"Block Group 2, Census Tract 4001, Norfolk County, Massachusetts",250214001002,N,Brookline,1071.000000000000000,655.000000000000000,38.842203550000001,705.000000000000000,34,4.822695260000000,92050.000000000000000,109.083366389999995,0,113642.000000000000000,134.670852660000008, , ,M,Yes,M,1,Minority,132152.697044000000460,1859.328854600000113
"Block Group 1, Census Tract 4002.02, Norfolk County, Massachusetts",250214002021,N,Brookline,1774.000000000000000,789.000000000000000,55.524239010000002,557.000000000000000,247,44.344703670000001,31074.000000000000000,36.824081419999999,0,113642.000000000000000,134.670852660000008,I,E,M,Yes,MIE,3,"Minority, income and English isolation",124375.087755000000470,1490.744612039999993
"Block Group 1, Census Tract 4003, Norfolk County, Massachusetts",250214003001,N,Brookline,1055.000000000000000,745.000000000000000,29.383886260000001,375.000000000000000,0,0.000000000000000,153438.000000000000000,181.830886840000005,0,113642.000000000000000,134.670852660000008, , ,M,Yes,M,1,Minority,95526.469929300001240,1421.254169929999989
"Block Group 3, Census Tract 4005, Norfolk County, Massachusetts",250214005003,N,Brookline,836.000000000000000,580.000000000000000,30.622009569999999,283.000000000000000,0,0.000000000000000,149132.000000000000000,176.728088380000003,0,113642.000000000000000,134.670852660000008, , ,M,Yes,M,1,Minority,75082.611092999999528,1706.701601590000109
"Block Group 2, Census Tract 4201.02, Norfolk County, Massachusetts",250214201022,N,Randolph,1605.000000000000000,523.000000000000000,67.414330219999997,981.000000000000000,75,7.645259860000000,88048.000000000000000,104.340820309999998,0,87803.000000000000000,104.050483700000001, , ,M,Yes,M,1,Minority,1737518.829290000023320,6148.422896789999868
"Block Group 1, Census Tract 9504, Nantucket County, Massachusetts",250199504001,N,Nantucket,2045.000000000000000,1462.000000000000000,28.508557459999999,403.000000000000000,0,0.000000000000000,126932.000000000000000,150.420104979999991,0,112306.000000000000000,133.087631230000000, , ,M,Yes,M,1,Minority,6181301.299200000241399,10973.523749399999360
"Block Group 2, Census Tract 9504, Nantucket County, Massachusetts",250199504002,N,Nantucket,1526.000000000000000,833.000000000000000,45.412844040000003,299.000000000000000,4,1.337792630000000,188518.000000000000000,223.402267459999990,0,112306.000000000000000,133.087631230000000, , ,M,Yes,M,1,Minority,9355304.185839999467134,15194.990660900000876
"Block Group 1, Census Tract 4001, Norfolk County, Massachusetts",250214001001,N,Brookline,1248.000000000000000,845.000000000000000,32.291666669999998,420.000000000000000,33,7.857142930000000,64545.000000000000000,76.488716130000000,0,113642.000000000000000,134.670852660000008, , ,M,Yes,M,1,Minority,105323.746939000004204,1324.984121290000076
"Block Group 3, Census Tract 4001, Norfolk County, Massachusetts",250214001003,N,Boston,777.000000000000000,504.000000000000000,35.135135140000003,256.000000000000000,0,0.000000000000000,147353.000000000000000,174.619903560000012,0,76298.000000000000000,90.416542050000004, , ,M,Yes,M,1,Minority,117795.927486999993562,1410.706432160000077
"Block Group 5, Census Tract 4171, Norfolk County, Massachusetts",250214171005,N,Quincy,830.000000000000000,436.000000000000000,47.469879519999999,314.000000000000000,19,6.050955300000000,98750.000000000000000,117.023170469999997,0,80462.000000000000000,95.351066590000002, , ,M,Yes,M,1,Minority,168810.341836000006879,2008.870832639999890
"Block Group 1, Census Tract 4178.02, Norfolk County, Massachusetts",250214178021,N,Quincy,1727.000000000000000,853.000000000000000,50.607990739999998,586.000000000000000,81,13.822525980000000,53571.000000000000000,63.484031680000001,0,80462.000000000000000,95.351066590000002,I, ,M,Yes,MI,2,Minority and income,991709.033749999944121,6946.532663050000338
"Block Group 2, Census Tract 4201.01, Norfolk County, Massachusetts",250214201012,N,Randolph,2586.000000000000000,620.000000000000000,76.024748650000006,928.000000000000000,106,11.422413830000000,95926.000000000000000,113.676597599999994,0,87803.000000000000000,104.050483700000001, , ,M,Yes,M,1,Minority,1053214.611700000008568,4778.486292020000292
"Block Group 2, Census Tract 4178.02, Norfolk County, Massachusetts",250214178022,N,Quincy,1490.000000000000000,480.000000000000000,67.785234900000006,642.000000000000000,186,28.971961980000000,22444.000000000000000,26.597143169999999,0,80462.000000000000000,95.351066590000002,I,E,M,Yes,MIE,3,"Minority, income and English isolation",1272003.466370000038296,9815.591267780000635
"Block Group 1, Census Tract 4111.01, Norfolk County, Massachusetts",250214111011,N,Walpole,2067.000000000000000,1290.000000000000000,37.590711180000000,516.000000000000000,40,7.751937870000000,135694.000000000000000,160.803466799999995,0,126489.000000000000000,149.895126339999990, , ,M,Yes,M,1,Minority,2748624.754670000169426,8785.519115769999189
"Block Group 4, Census Tract 4181.01, Norfolk County, Massachusetts",250214181014,N,Quincy,1247.000000000000000,612.000000000000000,50.922213309999997,709.000000000000000,31,4.372355460000000,102313.000000000000000,121.245483399999998,0,80462.000000000000000,95.351066590000002, , ,M,Yes,M,1,Minority,482484.148326999973506,3953.357027349999953
"Block Group 1, Census Tract 3741, Middlesex County, Massachusetts",250173741001,N,Newton,2146.000000000000000,1235.000000000000000,42.451071759999998,845.000000000000000,72,8.520709990000000,120859.000000000000000,143.223327640000008,0,154398.000000000000000,182.968536379999989, , ,M,Yes,M,1,Minority,1208454.363129999954253,6230.869808849999572
"Block Group 3, Census Tract 3741, Middlesex County, Massachusetts",250173741003,N,Newton,1132.000000000000000,661.000000000000000,41.607773850000001,561.000000000000000,57,10.160428050000000,145491.000000000000000,172.413345340000006,0,154398.000000000000000,182.968536379999989, , ,M,Yes,M,1,Minority,517558.349080000014510,4531.523691649999819
"Block Group 1, Census Tract 4006, Norfolk County, Massachusetts",250214006001,N,Brookline,1588.000000000000000,1080.000000000000000,31.989924429999999,693.000000000000000,11,1.587301610000000,98603.000000000000000,116.848968510000006,0,113642.000000000000000,134.670852660000008, , ,M,Yes,M,1,Minority,174682.588149999995949,2177.211256070000218
"Block Group 2, Census Tract 4006, Norfolk County, Massachusetts",250214006002,N,Brookline,811.000000000000000,536.000000000000000,33.908754620000003,226.000000000000000,11,4.867256640000000,250000.000000000000000,291.229339600000003,1,113642.000000000000000,134.670852660000008, , ,M,Yes,M,1,Minority,513109.758422999992035,3212.574805379999816
"Block Group 3, Census Tract 4006, Norfolk County, Massachusetts",250214006003,N,Brookline,1477.000000000000000,1061.000000000000000,28.165199730000001,716.000000000000000,0,0.000000000000000,132941.000000000000000,157.541030879999994,0,113642.000000000000000,134.670852660000008, , ,M,Yes,M,1,Minority,171567.359629000013229,2260.074600670000109
"Block Group 2, Census Tract 4007, Norfolk County, Massachusetts",250214007002,N,Brookline,1504.000000000000000,1009.000000000000000,32.912234040000001,534.000000000000000,22,4.119850160000000,153529.000000000000000,181.938735960000002,0,113642.000000000000000,134.670852660000008, , ,M,Yes,M,1,Minority,157796.147243000013987,1824.379295980000052
"Block Group 4, Census Tract 4001, Norfolk County, Massachusetts",250214001004,N,Brookline,649.000000000000000,359.000000000000000,44.684129429999999,234.000000000000000,0,0.000000000000000,123359.000000000000000,146.185928340000004,0,113642.000000000000000,134.670852660000008, , ,M,Yes,M,1,Minority,160636.070088999986183,1805.326433210000005
"Block Group 5, Census Tract 4001, Norfolk County, Massachusetts",250214001005,N,Brookline,1803.000000000000000,1203.000000000000000,33.277870219999997,729.000000000000000,0,0.000000000000000,123359.000000000000000,143.703033449999992,1,113642.000000000000000,134.670852660000008, , ,M,Yes,M,1,Minority,357717.699575999984518,2798.548514980000164
"Block Group 1, Census Tract 4002.01, Norfolk County, Massachusetts",250214002011,N,Brookline,3047.000000000000000,2043.000000000000000,32.950443059999998,1728.000000000000000,342,19.791666029999998,80909.000000000000000,95.880783080000000,0,113642.000000000000000,134.670852660000008, , ,M,Yes,M,1,Minority,219575.682851999998093,2356.629094290000012
"Block Group 2, Census Tract 4002.02, Norfolk County, Massachusetts",250214002022,N,Brookline,1851.000000000000000,1099.000000000000000,40.626688280000003,802.000000000000000,50,6.234414100000000,144167.000000000000000,170.844345089999990,0,113642.000000000000000,134.670852660000008, , ,M,Yes,M,1,Minority,188691.233386000007158,2273.696998299999905
"Block Group 1, Census Tract 4172.02, Norfolk County, Massachusetts",250214172021,N,Quincy,891.000000000000000,225.000000000000000,74.747474749999995,237.000000000000000,29,12.236287120000000,105688.000000000000000,123.117782590000004,1,80462.000000000000000,95.351066590000002, , ,M,Yes,M,1,Minority,164146.063988000008976,1685.151935090000052
"Block Group 1, Census Tract 4162, Norfolk County, Massachusetts",250214162001,N,Milton,1132.000000000000000,296.000000000000000,73.851590110000004,479.000000000000000,0,0.000000000000000,126184.000000000000000,149.533691409999989,0,141050.000000000000000,167.150558469999993, , ,M,Yes,M,1,Minority,249849.631438000011258,2558.931047089999993
"Block Group 3, Census Tract 4171, Norfolk County, Massachusetts",250214171003,N,Quincy,957.000000000000000,438.000000000000000,54.231974919999999,409.000000000000000,0,0.000000000000000,72485.000000000000000,85.897964479999999,0,80462.000000000000000,95.351066590000002, , ,M,Yes,M,1,Minority,223710.629638000013074,2473.904930359999980
"Block Group 2, Census Tract 3741, Middlesex County, Massachusetts",250173741002,N,Newton,1687.000000000000000,994.000000000000000,41.078838169999997,504.000000000000000,17,3.373015880000000,118750.000000000000000,140.724060059999999,0,154398.000000000000000,182.968536379999989, , ,M,Yes,M,1,Minority,563375.881210000021383,3530.824970000000121
"Block Group 2, Census Tract 3745, Middlesex County, Massachusetts",250173745002,N,Newton,1353.000000000000000,811.000000000000000,40.059127859999997,614.000000000000000,42,6.840390680000000,116250.000000000000000,137.761444089999998,0,154398.000000000000000,182.968536379999989, , ,M,Yes,M,1,Minority,470725.557642000028864,2994.527243760000147
"Block Group 3, Census Tract 4007, Norfolk County, Massachusetts",250214007003,N,Brookline,1039.000000000000000,733.000000000000000,29.451395569999999,375.000000000000000,0,0.000000000000000,130729.000000000000000,154.919708250000014,0,113642.000000000000000,134.670852660000008, , ,M,Yes,M,1,Minority,229424.070726000005379,1998.162978620000104
"Block Group 2, Census Tract 4008, Norfolk County, Massachusetts",250214008002,N,Brookline,1163.000000000000000,700.000000000000000,39.810834049999997,336.000000000000000,11,3.273809430000000,110385.000000000000000,130.811157229999992,0,113642.000000000000000,134.670852660000008, , ,M,Yes,M,1,Minority,180930.780598000012105,2544.310607710000113
"Block Group 3, Census Tract 4008, Norfolk County, Massachusetts",250214008003,N,Brookline,1846.000000000000000,1119.000000000000000,39.382448539999999,829.000000000000000,62,7.478890420000000,85625.000000000000000,101.469451899999996,0,113642.000000000000000,134.670852660000008, , ,M,Yes,M,1,Minority,105158.506427000000258,1637.352186860000074
"Block Group 1, Census Tract 4009, Norfolk County, Massachusetts",250214009001,N,Brookline,1799.000000000000000,774.000000000000000,56.976097830000000,796.000000000000000,80,10.050251010000000,89375.000000000000000,105.913375849999994,0,113642.000000000000000,134.670852660000008, , ,M,Yes,M,1,Minority,129753.515677999996115,2020.680888079999932
"Block Group 3, Census Tract 4021.02, Norfolk County, Massachusetts",250214021023,N,Dedham,2306.000000000000000,1436.000000000000000,37.727666960000001,895.000000000000000,8,0.893854740000000,83225.000000000000000,98.625350949999998,0,101780.000000000000000,120.613853449999993, , ,M,Yes,M,1,Minority,833743.190512000001036,4390.910582700000305
"Block Group 1, Census Tract 4071.01, Norfolk County, Massachusetts",250214071011,N,Millis,1413.000000000000000,1255.000000000000000,11.181882520000000,542.000000000000000,142,26.199262619999999,157500.000000000000000,186.644546509999998,1,114255.000000000000000,135.397293090000005, ,E, ,Yes,E,1,English isolation,13323596.773399999365211,20355.569311200000811
"Block Group 2, Census Tract 4172.02, Norfolk County, Massachusetts",250214172022,N,Quincy,944.000000000000000,326.000000000000000,65.466101690000002,285.000000000000000,19,6.666666510000000,64119.000000000000000,75.983886720000001,0,80462.000000000000000,95.351066590000002, , ,M,Yes,M,1,Minority,140453.942353999998886,1890.438956649999909
"Block Group 1, Census Tract 4177.04, Norfolk County, Massachusetts",250214177041,N,Quincy,1931.000000000000000,1146.000000000000000,40.652511650000001,821.000000000000000,70,8.526187900000000,86058.000000000000000,101.982582089999994,0,80462.000000000000000,95.351066590000002, , ,M,Yes,M,1,Minority,329362.326433999987785,2583.571919829999842
"Block Group 2, Census Tract 4003, Norfolk County, Massachusetts",250214003002,N,Brookline,1571.000000000000000,1043.000000000000000,33.609166139999999,626.000000000000000,37,5.910542960000000,113929.000000000000000,135.010955810000013,0,113642.000000000000000,134.670852660000008, , ,M,Yes,M,1,Minority,184261.934799000009662,2035.857445740000003
"Block Group 2, Census Tract 4151.03, Norfolk County, Massachusetts",250214151032,N,Canton,2486.000000000000000,1783.000000000000000,28.278358810000000,957.000000000000000,93,9.717868800000000,113750.000000000000000,134.798843379999994,0,107442.000000000000000,127.323577880000002, , ,M,Yes,M,1,Minority,1741827.063830000115559,5667.605371210000158
"Block Group 2, Census Tract 4103, Norfolk County, Massachusetts",250214103002,N,Foxborough,1373.000000000000000,1035.000000000000000,24.617625640000000,669.000000000000000,30,4.484304900000000,100481.000000000000000,119.074478150000004,0,92978.000000000000000,110.183090210000003, , ,M,Yes,M,1,Minority,2468656.366880000103265,8684.023776890000590
"Block Group 1, Census Tract 3832, Middlesex County, Massachusetts",250173832001,N,Framingham,1955.000000000000000,411.000000000000000,78.976982100000001,712.000000000000000,109,15.308988570000000,35700.000000000000000,42.306098939999998,0,86322.000000000000000,102.295433040000006,I, ,M,Yes,MI,2,Minority and income,554287.001218999968842,5066.240694809999695
"Block Group 1, Census Tract 3825, Middlesex County, Massachusetts",250173825001,N,Natick,1360.000000000000000,916.000000000000000,32.647058819999998,429.000000000000000,0,0.000000000000000,88015.000000000000000,104.301712039999998,0,115652.000000000000000,137.052795409999987, , ,M,Yes,M,1,Minority,603267.404662000015378,5919.930618919999688
"Block Group 3, Census Tract 4009, Norfolk County, Massachusetts",250214009003,N,Brookline,1924.000000000000000,1243.000000000000000,35.395010399999997,742.000000000000000,9,1.212937950000000,140278.000000000000000,166.235702510000010,0,113642.000000000000000,134.670852660000008, , ,M,Yes,M,1,Minority,172098.295627000014065,1662.120523379999895
"Block Group 1, Census Tract 4010, Norfolk County, Massachusetts",250214010001,N,Brookline,1057.000000000000000,694.000000000000000,34.342478710000002,276.000000000000000,0,0.000000000000000,157188.000000000000000,186.274810790000004,0,113642.000000000000000,134.670852660000008, , ,M,Yes,M,1,Minority,174666.783216999989236,2507.741539659999944
"Block Group 2, Census Tract 4011, Norfolk County, Massachusetts",250214011002,N,Brookline,1187.000000000000000,829.000000000000000,30.160067399999999,343.000000000000000,0,0.000000000000000,203542.000000000000000,241.206375119999990,0,113642.000000000000000,134.670852660000008, , ,M,Yes,M,1,Minority,993866.173446999979205,4590.318734340000447
"Block Group 3, Census Tract 4003, Norfolk County, Massachusetts",250214003003,N,Brookline,1684.000000000000000,1152.000000000000000,31.591448929999999,577.000000000000000,60,10.398613930000000,109018.000000000000000,129.191207889999987,0,113642.000000000000000,134.670852660000008, , ,M,Yes,M,1,Minority,246205.009121999988565,2346.543619569999919
"Block Group 1, Census Tract 4004.01, Norfolk County, Massachusetts",250214004011,N,Brookline,2414.000000000000000,1723.000000000000000,28.624689310000001,973.000000000000000,81,8.324769020000000,102604.000000000000000,121.590332029999999,0,113642.000000000000000,134.670852660000008, , ,M,Yes,M,1,Minority,233806.996007999987341,2937.108204529999966
"Block Group 1, Census Tract 4005, Norfolk County, Massachusetts",250214005001,N,Brookline,1673.000000000000000,1231.000000000000000,26.419605499999999,656.000000000000000,0,0.000000000000000,160509.000000000000000,190.210342410000010,0,113642.000000000000000,134.670852660000008, , ,M,Yes,M,1,Minority,250879.519704000005731,2598.185056069999973
"Block Group 1, Census Tract 4180.04, Norfolk County, Massachusetts",250214180041,N,Quincy,1597.000000000000000,778.000000000000000,51.283656860000001,508.000000000000000,116,22.834646220000000,55278.000000000000000,65.506904599999999,0,80462.000000000000000,95.351066590000002, , ,M,Yes,M,1,Minority,428812.806715000013355,4115.700349099999585
"Block Group 1, Census Tract 4151.03, Norfolk County, Massachusetts",250214151031,N,Canton,1302.000000000000000,837.000000000000000,35.714285709999999,511.000000000000000,0,0.000000000000000,86985.000000000000000,103.081115720000000,0,107442.000000000000000,127.323577880000002, , ,M,Yes,M,1,Minority,758983.589709999971092,4199.992191500000445
"Block Group 4, Census Tract 3824, Middlesex County, Massachusetts",250173824004,N,Natick,962.000000000000000,748.000000000000000,22.245322250000001,373.000000000000000,7,1.876675610000000,31472.000000000000000,37.295726780000003,0,115652.000000000000000,137.052795409999987,I, , ,Yes,I,1,Income,592854.071947999997064,3851.236128829999871
"Block Group 2, Census Tract 3831.01, Middlesex County, Massachusetts",250173831012,N,Framingham,1934.000000000000000,354.000000000000000,81.695966909999996,566.000000000000000,261,46.113075260000002,51354.000000000000000,60.856788639999998,0,86322.000000000000000,102.295433040000006,I,E,M,Yes,MIE,3,"Minority, income and English isolation",1189229.894950000103563,5128.062977560000036
"Block Group 2, Census Tract 3831.02, Middlesex County, Massachusetts",250173831022,N,Framingham,2744.000000000000000,352.000000000000000,87.172011659999995,1137.000000000000000,221,19.437114720000000,38300.000000000000000,45.387214659999998,0,86322.000000000000000,102.295433040000006,I, ,M,Yes,MI,2,Minority and income,342587.461425999994390,2531.400814059999902
"Block Group 1, Census Tract 4021.02, Norfolk County, Massachusetts",250214021021,N,Dedham,1305.000000000000000,844.000000000000000,35.325670500000001,537.000000000000000,0,0.000000000000000,71595.000000000000000,84.843276979999999,0,101780.000000000000000,120.613853449999993, , ,M,Yes,M,1,Minority,735843.873166000004858,3748.792347099999915
"Block Group 1, Census Tract 4022, Norfolk County, Massachusetts",250214022001,N,Dedham,870.000000000000000,634.000000000000000,27.126436779999999,352.000000000000000,4,1.136363630000000,72361.000000000000000,85.751022340000006,0,101780.000000000000000,120.613853449999993, , ,M,Yes,M,1,Minority,447636.562351999979001,3497.937880099999802
"Block Group 3, Census Tract 4091.01, Norfolk County, Massachusetts",250214091013,N,Norfolk,1484.000000000000000,564.000000000000000,61.994609160000003,0.000000000000000,0,0.000000000000000,131250.000000000000000,155.537124629999994,0,159914.000000000000000,189.505249020000008, , ,M,Yes,M,1,Minority,792971.269582999986596,6365.957724629999575
"Block Group 2, Census Tract 4151.04, Norfolk County, Massachusetts",250214151042,N,Canton,1370.000000000000000,1029.000000000000000,24.890510949999999,604.000000000000000,19,3.145695450000000,101184.000000000000000,119.907569890000005,0,107442.000000000000000,127.323577880000002, , ,M,Yes,M,1,Minority,1308255.060069999890402,5187.475285020000229
"Block Group 2, Census Tract 4004.01, Norfolk County, Massachusetts",250214004012,N,Brookline,1476.000000000000000,1043.000000000000000,29.336043360000001,1017.000000000000000,55,5.408062930000000,73625.000000000000000,87.248916629999997,0,113642.000000000000000,134.670852660000008, , ,M,Yes,M,1,Minority,96808.271780399998534,1938.905399949999946
"Block Group 1, Census Tract 4008, Norfolk County, Massachusetts",250214008001,N,Brookline,1973.000000000000000,1241.000000000000000,37.100861629999997,639.000000000000000,22,3.442879440000000,112011.000000000000000,132.738052369999991,0,113642.000000000000000,134.670852660000008, , ,M,Yes,M,1,Minority,221156.469922999996925,2309.108757599999990
"Block Group 1, Census Tract 4180.02, Norfolk County, Massachusetts",250214180021,N,Quincy,2026.000000000000000,959.000000000000000,52.665350439999997,664.000000000000000,13,1.957831380000000,92900.000000000000000,110.090652469999995,0,80462.000000000000000,95.351066590000002, , ,M,Yes,M,1,Minority,1004484.215599999995902,4347.696215570000277
"Block Group 4, Census Tract 4175.01, Norfolk County, Massachusetts",250214175014,N,Quincy,1568.000000000000000,433.000000000000000,72.385204079999994,334.000000000000000,106,31.736526489999999,109063.000000000000000,129.244537350000002,0,80462.000000000000000,95.351066590000002, ,E,M,Yes,ME,2,Minority and English isolation,213784.316610000008950,2179.740557499999795
"Block Group 2, Census Tract 4175.02, Norfolk County, Massachusetts",250214175022,N,Quincy,1059.000000000000000,365.000000000000000,65.533522189999999,439.000000000000000,95,21.640090940000000,61422.000000000000000,72.787818909999999,0,80462.000000000000000,95.351066590000002, , ,M,Yes,M,1,Minority,301219.353608999983408,2453.098172689999956
"Block Group 4, Census Tract 4175.02, Norfolk County, Massachusetts",250214175024,N,Quincy,1634.000000000000000,790.000000000000000,51.652386780000000,580.000000000000000,48,8.275861740000000,86397.000000000000000,102.384307860000007,0,80462.000000000000000,95.351066590000002, , ,M,Yes,M,1,Minority,225275.769514000014169,2128.288679849999880
"Block Group 2, Census Tract 3832, Middlesex County, Massachusetts",250173832002,N,Framingham,1254.000000000000000,596.000000000000000,52.472089310000001,404.000000000000000,51,12.623762129999999,126379.000000000000000,149.764770510000005,0,86322.000000000000000,102.295433040000006, , ,M,Yes,M,1,Minority,810606.024357000016607,4141.949026819999744
"Block Group 3, Census Tract 3826.01, Middlesex County, Massachusetts",250173826013,N,Natick,1011.000000000000000,515.000000000000000,49.060336300000003,536.000000000000000,64,11.940298080000000,98708.000000000000000,116.973396300000005,0,115652.000000000000000,137.052795409999987, , ,M,Yes,M,1,Minority,308574.665824000025168,2760.661234530000002
"Block Group 1, Census Tract 3831.01, Middlesex County, Massachusetts",250173831011,N,Framingham,2215.000000000000000,547.000000000000000,75.304740409999994,539.000000000000000,239,44.341373439999998,45521.000000000000000,53.944419860000004,0,86322.000000000000000,102.295433040000006,I,E,M,Yes,MIE,3,"Minority, income and English isolation",1635956.858220000052825,6578.015562829999908
"Block Group 2, Census Tract 4113.02, Norfolk County, Massachusetts",250214113022,N,Walpole,1206.000000000000000,863.000000000000000,28.441127689999998,543.000000000000000,33,6.077348230000000,68094.000000000000000,80.694435119999994,0,126489.000000000000000,149.895126339999990, , ,M,Yes,M,1,Minority,962185.551989999949001,5601.129251870000189
"Block Group 4, Census Tract 4131, Norfolk County, Massachusetts",250214131004,N,Norwood,1194.000000000000000,771.000000000000000,35.427135679999999,300.000000000000000,17,5.666666510000000,73750.000000000000000,87.397048949999999,0,90341.000000000000000,107.058128359999998, , ,M,Yes,M,1,Minority,612612.868635999970138,4220.057170770000084
"Block Group 1, Census Tract 4135, Norfolk County, Massachusetts",250214135001,N,Norwood,1650.000000000000000,1070.000000000000000,35.151515150000002,646.000000000000000,58,8.978327750000000,84571.000000000000000,100.220420840000003,0,90341.000000000000000,107.058128359999998, , ,M,Yes,M,1,Minority,2752623.061819999944419,7992.186608899999555
"Block Group 1, Census Tract 4004.02, Norfolk County, Massachusetts",250214004021,N,Brookline,1188.000000000000000,795.000000000000000,33.080808079999997,303.000000000000000,0,0.000000000000000,128750.000000000000000,152.574508670000000,0,113642.000000000000000,134.670852660000008, , ,M,Yes,M,1,Minority,210419.823536999989301,1965.468679199999997
"Block Group 4, Census Tract 4006, Norfolk County, Massachusetts",250214006004,N,Brookline,1616.000000000000000,1160.000000000000000,28.217821780000001,821.000000000000000,0,0.000000000000000,146042.000000000000000,173.066299439999995,0,113642.000000000000000,134.670852660000008, , ,M,Yes,M,1,Minority,367214.368268000020180,3785.363737449999917
"Block Group 3, Census Tract 4012.01, Norfolk County, Massachusetts",250214012013,N,Brookline,788.000000000000000,491.000000000000000,37.690355330000003,323.000000000000000,0,0.000000000000000,190452.000000000000000,221.860839840000011,1,113642.000000000000000,134.670852660000008, , ,M,Yes,M,1,Minority,891312.085814999998547,4317.126317539999945
"Block Group 3, Census Tract 4175.02, Norfolk County, Massachusetts",250214175023,N,Quincy,917.000000000000000,273.000000000000000,70.229007629999998,235.000000000000000,68,28.936170579999999,54760.000000000000000,64.893051150000005,0,80462.000000000000000,95.351066590000002,I,E,M,Yes,MIE,3,"Minority, income and English isolation",160829.443426000012551,1675.818566039999951
"Block Group 2, Census Tract 4171, Norfolk County, Massachusetts",250214171002,N,Quincy,860.000000000000000,531.000000000000000,38.255813949999997,318.000000000000000,47,14.779873850000000,111250.000000000000000,131.836227420000000,0,80462.000000000000000,95.351066590000002, , ,M,Yes,M,1,Minority,221172.906354000006104,1912.159044620000032
"Block Group 1, Census Tract 4193, Norfolk County, Massachusetts",250214193001,N,Braintree,1289.000000000000000,674.000000000000000,47.711404190000003,498.000000000000000,100,20.080320360000002,93514.000000000000000,110.818275450000002,0,101544.000000000000000,120.334182740000003, , ,M,Yes,M,1,Minority,765817.602992999949493,4035.897504739999931
"Block Group 2, Census Tract 4194, Norfolk County, Massachusetts",250214194002,N,Braintree,1064.000000000000000,780.000000000000000,26.691729320000000,432.000000000000000,0,0.000000000000000,71000.000000000000000,84.138175959999998,0,101544.000000000000000,120.334182740000003, , ,M,Yes,M,1,Minority,622968.154545000055805,3609.963786090000212
"Block Group 2, Census Tract 3835.01, Middlesex County, Massachusetts",250173835012,N,Framingham,1575.000000000000000,684.000000000000000,56.571428570000002,805.000000000000000,162,20.124223709999999,20417.000000000000000,24.195058820000000,0,86322.000000000000000,102.295433040000006,I, ,M,Yes,MI,2,Minority and income,852789.937813999946229,3857.906827960000101
"Block Group 3, Census Tract 3832, Middlesex County, Massachusetts",250173832003,N,Framingham,1265.000000000000000,341.000000000000000,73.043478260000001,380.000000000000000,74,19.473684309999999,71887.000000000000000,85.189308170000004,0,86322.000000000000000,102.295433040000006, , ,M,Yes,M,1,Minority,347645.786306000023615,2764.273192749999907
"Block Group 4, Census Tract 3832, Middlesex County, Massachusetts",250173832004,N,Framingham,2117.000000000000000,916.000000000000000,56.731223430000000,549.000000000000000,23,4.189435480000000,91038.000000000000000,107.884101869999995,0,86322.000000000000000,102.295433040000006, , ,M,Yes,M,1,Minority,999379.457095999969169,4706.198430389999885
"Block Group 2, Census Tract 4135, Norfolk County, Massachusetts",250214135002,N,Norwood,1413.000000000000000,712.000000000000000,49.610757249999999,490.000000000000000,77,15.714285850000000,85610.000000000000000,101.451683040000006,0,90341.000000000000000,107.058128359999998, , ,M,Yes,M,1,Minority,1831006.241489999927580,7338.354904130000250
"Block Group 3, Census Tract 4135, Norfolk County, Massachusetts",250214135003,N,Norwood,1589.000000000000000,985.000000000000000,38.011327880000003,711.000000000000000,221,31.082981109999999,61767.000000000000000,73.196655269999994,0,90341.000000000000000,107.058128359999998, ,E,M,Yes,ME,2,Minority and English isolation,1207075.341879999963567,6057.458793030000379
"Block Group 2, Census Tract 4152.02, Norfolk County, Massachusetts",250214152022,N,Canton,1523.000000000000000,1060.000000000000000,30.400525280000000,314.000000000000000,0,0.000000000000000,88833.000000000000000,105.271080019999999,0,107442.000000000000000,127.323577880000002, , ,M,Yes,M,1,Minority,3754893.260670000221580,11928.807548799999495
"Block Group 2, Census Tract 4162, Norfolk County, Massachusetts",250214162002,N,Milton,860.000000000000000,451.000000000000000,47.558139529999998,168.000000000000000,0,0.000000000000000,163750.000000000000000,194.051071170000000,0,141050.000000000000000,167.150558469999993, , ,M,Yes,M,1,Minority,166409.106748999998672,1692.803175060000058
"Block Group 2, Census Tract 4005, Norfolk County, Massachusetts",250214005002,N,Brookline,1463.000000000000000,1044.000000000000000,28.639781270000000,588.000000000000000,0,0.000000000000000,87181.000000000000000,103.313385010000005,0,113642.000000000000000,134.670852660000008, , ,M,Yes,M,1,Minority,123414.069657999993069,2005.461525530000017
"Block Group 4, Census Tract 4005, Norfolk County, Massachusetts",250214005004,N,Brookline,1586.000000000000000,1184.000000000000000,25.346784360000001,741.000000000000000,51,6.882591250000000,104712.000000000000000,124.088401790000006,0,113642.000000000000000,134.670852660000008, , ,M,Yes,M,1,Minority,107648.346822000006796,1750.442329949999930
"Block Group 1, Census Tract 4012.01, Norfolk County, Massachusetts",250214012011,N,Brookline,2018.000000000000000,997.000000000000000,50.594648169999999,819.000000000000000,100,12.210012440000000,116659.000000000000000,138.246139529999994,0,113642.000000000000000,134.670852660000008, , ,M,Yes,M,1,Minority,643280.112883000052534,4387.524483369999871
"Block Group 1, Census Tract 4172.01, Norfolk County, Massachusetts",250214172011,N,Quincy,1002.000000000000000,310.000000000000000,69.061876249999997,372.000000000000000,87,23.387096410000002,59472.000000000000000,70.476982120000002,0,80462.000000000000000,95.351066590000002, , ,M,Yes,M,1,Minority,220529.318678000010550,2927.839658190000137
"Block Group 5, Census Tract 4179.01, Norfolk County, Massachusetts",250214179015,N,Quincy,1579.000000000000000,886.000000000000000,43.888537049999996,1067.000000000000000,223,20.899719240000000,41221.000000000000000,48.848728180000002,0,80462.000000000000000,95.351066590000002,I, ,M,Yes,MI,2,Minority and income,188526.172487000003457,1764.416720469999973
"Block Group 3, Census Tract 4181.02, Norfolk County, Massachusetts",250214181023,N,Quincy,1054.000000000000000,500.000000000000000,52.561669830000000,581.000000000000000,0,0.000000000000000,77981.000000000000000,92.410972599999994,0,80462.000000000000000,95.351066590000002, , ,M,Yes,M,1,Minority,235968.477130000013858,2156.155663489999824
"Block Group 4, Census Tract 4172.01, Norfolk County, Massachusetts",250214172014,N,Quincy,808.000000000000000,280.000000000000000,65.346534649999995,528.000000000000000,23,4.356060500000000,104804.000000000000000,124.197425839999994,0,80462.000000000000000,95.351066590000002, , ,M,Yes,M,1,Minority,786063.316755000036210,4075.405403270000079
"Block Group 2, Census Tract 3833, Middlesex County, Massachusetts",250173833002,N,Framingham,1430.000000000000000,997.000000000000000,30.279720279999999,813.000000000000000,0,0.000000000000000,97060.000000000000000,115.020439150000001,0,86322.000000000000000,102.295433040000006, , ,M,Yes,M,1,Minority,2215256.911150000058115,7908.942926519999673
"Block Group 1, Census Tract 3835.01, Middlesex County, Massachusetts",250173835011,N,Framingham,1985.000000000000000,766.000000000000000,61.410579349999999,877.000000000000000,153,17.445838930000001,86065.000000000000000,101.990875239999994,0,86322.000000000000000,102.295433040000006, , ,M,Yes,M,1,Minority,714084.583509000018239,4149.695115309999892
"Block Group 1, Census Tract 3835.02, Middlesex County, Massachusetts",250173835021,N,Framingham,1181.000000000000000,754.000000000000000,36.155800169999999,525.000000000000000,39,7.428571220000000,61687.000000000000000,73.101852420000000,0,86322.000000000000000,102.295433040000006, , ,M,Yes,M,1,Minority,728519.264882000046782,3767.761464520000118
"Block Group 2, Census Tract 4163, Norfolk County, Massachusetts",250214163002,N,Milton,890.000000000000000,496.000000000000000,44.269662920000002,327.000000000000000,5,1.529052020000000,150268.000000000000000,178.074295040000010,0,141050.000000000000000,167.150558469999993, , ,M,Yes,M,1,Minority,232385.452821999992011,2182.345921160000216
"Block Group 5, Census Tract 4163, Norfolk County, Massachusetts",250214163005,N,Milton,787.000000000000000,463.000000000000000,41.168996190000001,409.000000000000000,30,7.334963320000000,23301.000000000000000,27.612728120000000,0,141050.000000000000000,167.150558469999993,I, ,M,Yes,MI,2,Minority and income,419542.770262999983970,5153.973818860000392
"Block Group 1, Census Tract 4171, Norfolk County, Massachusetts",250214171001,N,Quincy,776.000000000000000,296.000000000000000,61.855670099999998,280.000000000000000,37,13.214285850000000,187625.000000000000000,222.344024660000002,0,80462.000000000000000,95.351066590000002, , ,M,Yes,M,1,Minority,143306.365622999990592,1539.567922850000059
"Block Group 4, Census Tract 4171, Norfolk County, Massachusetts",250214171004,N,Quincy,1046.000000000000000,741.000000000000000,29.158699810000002,355.000000000000000,48,13.521126750000001,128412.000000000000000,152.173965449999997,0,80462.000000000000000,95.351066590000002, , ,M,Yes,M,1,Minority,561693.310534000047483,4309.430121719999988
"Block Group 2, Census Tract 4172.01, Norfolk County, Massachusetts",250214172012,N,Quincy,655.000000000000000,233.000000000000000,64.427480919999994,158.000000000000000,39,24.683544160000000,0.000000000000000,0.000000000000000,0,80462.000000000000000,95.351066590000002, ,E,M,Yes,ME,2,Minority and English isolation,175022.862415999989025,1853.910082439999996
"Block Group 1, Census Tract 4007, Norfolk County, Massachusetts",250214007001,N,Brookline,1443.000000000000000,937.000000000000000,35.065835069999999,458.000000000000000,44,9.606987000000000,140192.000000000000000,166.133789059999998,0,113642.000000000000000,134.670852660000008, , ,M,Yes,M,1,Minority,218666.248869000002742,2235.174505850000060
"Block Group 4, Census Tract 4008, Norfolk County, Massachusetts",250214008004,N,Brookline,1095.000000000000000,731.000000000000000,33.242009130000000,483.000000000000000,102,21.118011469999999,66250.000000000000000,77.175773620000001,1,113642.000000000000000,134.670852660000008, , ,M,Yes,M,1,Minority,77509.644398799995543,1122.984608819999949
"Block Group 2, Census Tract 4009, Norfolk County, Massachusetts",250214009002,N,Brookline,631.000000000000000,329.000000000000000,47.860538830000003,308.000000000000000,75,24.350648880000001,14038.000000000000000,16.635658260000000,0,113642.000000000000000,134.670852660000008,I, ,M,Yes,MI,2,Minority and income,96198.519349499998498,1577.691427100000055
"Block Group 2, Census Tract 4010, Norfolk County, Massachusetts",250214010002,N,Brookline,775.000000000000000,563.000000000000000,27.354838709999999,250.000000000000000,0,0.000000000000000,198125.000000000000000,234.786987299999993,0,113642.000000000000000,134.670852660000008, , ,M,Yes,M,1,Minority,241445.508316999999806,2641.228589450000072
"Block Group 1, Census Tract 4011, Norfolk County, Massachusetts",250214011001,N,Brookline,2045.000000000000000,1423.000000000000000,30.415647920000001,496.000000000000000,20,4.032258030000000,141136.000000000000000,167.252471920000005,0,113642.000000000000000,134.670852660000008, , ,M,Yes,M,1,Minority,2539226.342999999877065,7422.900943509999706
"Block Group 1, Census Tract 4176.01, Norfolk County, Massachusetts",250214176011,N,Quincy,773.000000000000000,500.000000000000000,35.316946960000003,275.000000000000000,6,2.181818250000000,99054.000000000000000,117.383422850000002,0,80462.000000000000000,95.351066590000002, , ,M,Yes,M,1,Minority,415096.070697000017390,3937.924413660000027
"Block Group 2, Census Tract 4176.01, Norfolk County, Massachusetts",250214176012,N,Quincy,1884.000000000000000,1039.000000000000000,44.851380040000002,354.000000000000000,11,3.107344630000000,117143.000000000000000,138.819702150000012,0,80462.000000000000000,95.351066590000002, , ,M,Yes,M,1,Minority,311999.796684000000823,2615.504284900000130
"Block Group 4, Census Tract 4176.01, Norfolk County, Massachusetts",250214176014,N,Quincy,1360.000000000000000,495.000000000000000,63.602941180000002,671.000000000000000,213,31.743665700000001,60108.000000000000000,71.230667109999999,0,80462.000000000000000,95.351066590000002, ,E,M,Yes,ME,2,Minority and English isolation,251087.019633999996586,2724.876406790000146
"Block Group 2, Census Tract 3836, Middlesex County, Massachusetts",250173836002,N,Framingham,722.000000000000000,122.000000000000000,83.102493069999994,280.000000000000000,28,10.000000000000000,75805.000000000000000,89.832313540000001,0,86322.000000000000000,102.295433040000006, , ,M,Yes,M,1,Minority,1027121.257620000047609,4657.316214129999935
"Block Group 2, Census Tract 3835.02, Middlesex County, Massachusetts",250173835022,N,Framingham,544.000000000000000,344.000000000000000,36.764705880000001,442.000000000000000,13,2.941176410000000,136429.000000000000000,161.674468990000008,0,86322.000000000000000,102.295433040000006, , ,M,Yes,M,1,Minority,408157.902386999980081,2811.095913560000099
"Block Group 3, Census Tract 4172.01, Norfolk County, Massachusetts",250214172013,N,Quincy,1991.000000000000000,643.000000000000000,67.704671020000006,802.000000000000000,197,24.563590999999999,79375.000000000000000,94.062927250000001,0,80462.000000000000000,95.351066590000002, ,E,M,Yes,ME,2,Minority and English isolation,492788.641694999998435,3044.514861789999941
"Block Group 3, Census Tract 4172.02, Norfolk County, Massachusetts",250214172023,N,Quincy,1069.000000000000000,448.000000000000000,58.091674460000000,444.000000000000000,51,11.486486429999999,110591.000000000000000,131.055282589999990,0,80462.000000000000000,95.351066590000002, , ,M,Yes,M,1,Minority,293210.620834000001196,2379.066079109999919
"Block Group 2, Census Tract 4175.01, Norfolk County, Massachusetts",250214175012,N,Quincy,1424.000000000000000,717.000000000000000,49.648876399999999,534.000000000000000,89,16.666666029999998,114500.000000000000000,135.687622070000003,0,80462.000000000000000,95.351066590000002, , ,M,Yes,M,1,Minority,1102624.257729999953881,6012.440165230000275
"Block Group 3, Census Tract 4175.01, Norfolk County, Massachusetts",250214175013,N,Quincy,1502.000000000000000,724.000000000000000,51.797603199999998,840.000000000000000,78,9.285714150000000,66795.000000000000000,79.155059809999997,0,80462.000000000000000,95.351066590000002, , ,M,Yes,M,1,Minority,460743.195802000002004,3641.492161109999870
"Block Group 1, Census Tract 4175.02, Norfolk County, Massachusetts",250214175021,N,Quincy,1106.000000000000000,435.000000000000000,60.669077760000000,533.000000000000000,121,22.701688770000001,49476.000000000000000,58.631275180000003,0,80462.000000000000000,95.351066590000002,I, ,M,Yes,MI,2,Minority and income,208461.837605000007898,2313.286195289999796
"Block Group 3, Census Tract 4010, Norfolk County, Massachusetts",250214010003,N,Brookline,1702.000000000000000,952.000000000000000,44.065804940000000,704.000000000000000,70,9.943181989999999,81591.000000000000000,96.688987729999994,0,113642.000000000000000,134.670852660000008, , ,M,Yes,M,1,Minority,229150.382224000000861,2576.798903750000136
"Block Group 4, Census Tract 4024, Norfolk County, Massachusetts",250214024004,N,Dedham,2075.000000000000000,1515.000000000000000,26.987951809999998,1254.000000000000000,0,0.000000000000000,90938.000000000000000,107.765594480000004,0,101780.000000000000000,120.613853449999993, , ,M,Yes,M,1,Minority,2240766.930670000147074,6436.186629400000129
"Block Group 3, Census Tract 4042.02, Norfolk County, Massachusetts",250214042023,N,Wellesley,1671.000000000000000,852.000000000000000,49.012567320000002,0.000000000000000,0,0.000000000000000,230556.000000000000000,273.219177249999973,0,213684.000000000000000,253.225097659999989, , ,M,Yes,M,1,Minority,482028.538424000027589,2978.524833959999796
"Block Group 3, Census Tract 4112, Norfolk County, Massachusetts",250214112003,N,Walpole,1861.000000000000000,1215.000000000000000,34.712520150000003,479.000000000000000,0,0.000000000000000,179010.000000000000000,212.134857180000012,0,126489.000000000000000,149.895126339999990, , ,M,Yes,M,1,Minority,2126525.180420000106096,6843.277391509999688
"Block Group 1, Census Tract 4179.01, Norfolk County, Massachusetts",250214179011,N,Quincy,2217.000000000000000,1316.000000000000000,40.640505189999999,944.000000000000000,99,10.487288480000000,68750.000000000000000,81.471824650000002,0,80462.000000000000000,95.351066590000002, , ,M,Yes,M,1,Minority,945648.715843999991193,5237.287610590000440
"Block Group 2, Census Tract 4179.01, Norfolk County, Massachusetts",250214179012,N,Quincy,1738.000000000000000,1017.000000000000000,41.484464899999999,559.000000000000000,67,11.985689160000000,37113.000000000000000,43.980564119999997,0,80462.000000000000000,95.351066590000002,I, ,M,Yes,MI,2,Minority and income,253096.588802000012947,2315.801428950000172
"Block Group 1, Census Tract 3836, Middlesex County, Massachusetts",250173836001,N,Framingham,1612.000000000000000,1048.000000000000000,34.987593050000001,643.000000000000000,13,2.021772860000000,120391.000000000000000,142.668716429999989,0,86322.000000000000000,102.295433040000006, , ,M,Yes,M,1,Minority,1537234.157260000007227,7258.607913429999826
"Block Group 4, Census Tract 3836, Middlesex County, Massachusetts",250173836004,N,Framingham,1865.000000000000000,1293.000000000000000,30.670241290000000,789.000000000000000,0,0.000000000000000,110603.000000000000000,131.069503779999991,0,86322.000000000000000,102.295433040000006, , ,M,Yes,M,1,Minority,2168101.748240000102669,9205.688133929999822
"Block Group 3, Census Tract 4176.01, Norfolk County, Massachusetts",250214176013,N,Quincy,1232.000000000000000,523.000000000000000,57.548701299999998,670.000000000000000,218,32.537311549999998,49255.000000000000000,58.369377139999997,0,80462.000000000000000,95.351066590000002,I,E,M,Yes,MIE,3,"Minority, income and English isolation",216284.490113000007113,2226.037398890000077
"Block Group 2, Census Tract 4177.03, Norfolk County, Massachusetts",250214177032,N,Quincy,954.000000000000000,472.000000000000000,50.524109009999997,293.000000000000000,0,0.000000000000000,44453.000000000000000,52.678794860000004,0,80462.000000000000000,95.351066590000002,I, ,M,Yes,MI,2,Minority and income,134512.556475999997929,1613.880863200000022
"Block Group 3, Census Tract 4177.03, Norfolk County, Massachusetts",250214177033,N,Quincy,1320.000000000000000,762.000000000000000,42.272727269999997,412.000000000000000,137,33.252426149999998,18676.000000000000000,22.131895069999999,0,80462.000000000000000,95.351066590000002,I,E,M,Yes,MIE,3,"Minority, income and English isolation",323637.326477999973577,2474.923407310000130
"Block Group 2, Census Tract 4177.04, Norfolk County, Massachusetts",250214177042,N,Quincy,1758.000000000000000,852.000000000000000,51.535836179999997,880.000000000000000,82,9.318181989999999,91395.000000000000000,108.307167050000004,0,80462.000000000000000,95.351066590000002, , ,M,Yes,M,1,Minority,537680.879818000015803,3148.439998410000044
"Block Group 3, Census Tract 4011, Norfolk County, Massachusetts",250214011003,N,Brookline,1595.000000000000000,1035.000000000000000,35.109717869999997,476.000000000000000,9,1.890756250000000,250000.000000000000000,291.229339600000003,1,113642.000000000000000,134.670852660000008, , ,M,Yes,M,1,Minority,706970.134489999967627,3634.802896579999924
"Block Group 2, Census Tract 4012.01, Norfolk County, Massachusetts",250214012012,N,Brookline,1319.000000000000000,942.000000000000000,28.582259290000000,428.000000000000000,5,1.168224330000000,244167.000000000000000,289.348815919999993,0,113642.000000000000000,134.670852660000008, , ,M,Yes,M,1,Minority,777037.536314000026323,3919.937950850000107
"Block Group 1, Census Tract 4012.02, Norfolk County, Massachusetts",250214012021,N,Brookline,1707.000000000000000,1196.000000000000000,29.935559460000000,620.000000000000000,74,11.935483930000000,107167.000000000000000,126.997688289999999,0,113642.000000000000000,134.670852660000008, , ,M,Yes,M,1,Minority,3951253.560450000222772,9861.577420409999831
"Block Group 2, Census Tract 4180.03, Norfolk County, Massachusetts",250214180032,N,Quincy,1209.000000000000000,629.000000000000000,47.973531840000000,370.000000000000000,16,4.324324130000000,142632.000000000000000,169.025299069999988,0,80462.000000000000000,95.351066590000002, , ,M,Yes,M,1,Minority,877929.034817000036128,5069.587909629999558
"Block Group 1, Census Tract 4173, Norfolk County, Massachusetts",250214173001,N,Quincy,3660.000000000000000,2662.000000000000000,27.267759559999998,1783.000000000000000,155,8.693213460000001,104438.000000000000000,123.763702390000006,0,80462.000000000000000,95.351066590000002, , ,M,Yes,M,1,Minority,4188644.908720000181347,9254.602682180000556
"Block Group 3, Census Tract 3837, Middlesex County, Massachusetts",250173837003,N,Framingham,2662.000000000000000,1590.000000000000000,40.270473330000002,1121.000000000000000,79,7.047279360000000,95637.000000000000000,113.334121699999997,0,86322.000000000000000,102.295433040000006, , ,M,Yes,M,1,Minority,1863370.293760000029579,6661.730930929999886
"Block Group 5, Census Tract 3838, Middlesex County, Massachusetts",250173838005,N,Framingham,959.000000000000000,683.000000000000000,28.779979139999998,456.000000000000000,0,0.000000000000000,102174.000000000000000,121.080757140000003,0,86322.000000000000000,102.295433040000006, , ,M,Yes,M,1,Minority,449258.494853999989573,4358.314630179999767
"Block Group 3, Census Tract 4179.01, Norfolk County, Massachusetts",250214179013,N,Quincy,748.000000000000000,365.000000000000000,51.203208560000000,394.000000000000000,94,23.857868190000001,22209.000000000000000,26.318658830000000,0,80462.000000000000000,95.351066590000002,I, ,M,Yes,MI,2,Minority and income,123895.049536000005901,1862.963494480000008
"Block Group 4, Census Tract 4179.01, Norfolk County, Massachusetts",250214179014,N,Quincy,1147.000000000000000,538.000000000000000,53.095030510000001,304.000000000000000,9,2.960526230000000,64130.000000000000000,75.996917719999999,0,80462.000000000000000,95.351066590000002, , ,M,Yes,M,1,Minority,230461.957416999997804,2444.318201349999981
"Block Group 1, Census Tract 4179.02, Norfolk County, Massachusetts",250214179021,N,Quincy,1344.000000000000000,642.000000000000000,52.232142860000003,434.000000000000000,86,19.815668110000001,95083.000000000000000,112.677612300000007,0,80462.000000000000000,95.351066590000002, , ,M,Yes,M,1,Minority,215431.037321000010706,1964.049427140000034
"Block Group 2, Census Tract 4179.02, Norfolk County, Massachusetts",250214179022,N,Quincy,1432.000000000000000,741.000000000000000,48.254189940000003,629.000000000000000,63,10.015898699999999,66411.000000000000000,78.700004579999998,0,80462.000000000000000,95.351066590000002, , ,M,Yes,M,1,Minority,281429.565515999973286,2635.038070829999924
"Block Group 4, Census Tract 4012.01, Norfolk County, Massachusetts",250214012014,N,Brookline,1066.000000000000000,774.000000000000000,27.392120080000002,347.000000000000000,8,2.305475470000000,242083.000000000000000,286.879180910000002,0,113642.000000000000000,134.670852660000008, , ,M,Yes,M,1,Minority,466357.341231999977026,3257.035052199999882
"Block Group 3, Census Tract 4104, Norfolk County, Massachusetts",250214104003,N,Foxborough,2280.000000000000000,1602.000000000000000,29.736842110000001,1019.000000000000000,0,0.000000000000000,60163.000000000000000,71.295845029999995,0,92978.000000000000000,110.183090210000003, , ,M,Yes,M,1,Minority,1655205.838539999909699,5175.219153689999985
"Block Group 1, Census Tract 4132.01, Norfolk County, Massachusetts",250214132011,N,Norwood,1263.000000000000000,999.000000000000000,20.902612829999999,524.000000000000000,0,0.000000000000000,49000.000000000000000,58.067192079999998,0,90341.000000000000000,107.058128359999998,I, , ,Yes,I,1,Income,712720.332510999985971,3797.388217449999956
"Block Group 4, Census Tract 4172.02, Norfolk County, Massachusetts",250214172024,N,Quincy,1155.000000000000000,692.000000000000000,40.086580089999998,519.000000000000000,128,24.662813190000001,60304.000000000000000,71.462936400000004,0,80462.000000000000000,95.351066590000002, ,E,M,Yes,ME,2,Minority and English isolation,339219.110747000027914,2695.073400960000072
"Block Group 1, Census Tract 4196.01, Norfolk County, Massachusetts",250214196011,N,Braintree,1600.000000000000000,967.000000000000000,39.562500000000000,595.000000000000000,20,3.361344580000000,153906.000000000000000,182.385498049999995,0,101544.000000000000000,120.334182740000003, , ,M,Yes,M,1,Minority,1484180.671640000073239,5098.199090780000006
"Block Group 4, Census Tract 4161.01, Norfolk County, Massachusetts",250214161014,N,Milton,1320.000000000000000,1077.000000000000000,18.409090910000000,510.000000000000000,0,0.000000000000000,51563.000000000000000,61.104461669999999,0,141050.000000000000000,167.150558469999993,I, , ,Yes,I,1,Income,3741508.955279999878258,8284.380581859999438
"Block Group 3, Census Tract 4180.04, Norfolk County, Massachusetts",250214180043,N,Quincy,2169.000000000000000,1045.000000000000000,51.821115720000002,825.000000000000000,136,16.484848020000001,60721.000000000000000,71.957099909999997,0,80462.000000000000000,95.351066590000002, , ,M,Yes,M,1,Minority,531905.809408999979496,4480.221687330000350
"Block Group 2, Census Tract 3839.02, Middlesex County, Massachusetts",250173839022,N,Framingham,1342.000000000000000,1002.000000000000000,25.335320419999999,558.000000000000000,0,0.000000000000000,161136.000000000000000,190.953369140000007,0,86322.000000000000000,102.295433040000006, , ,M,Yes,M,1,Minority,2034145.569510000059381,6732.915600960000120
"Block Group 3, Census Tract 3840.03, Middlesex County, Massachusetts",250173840033,N,Framingham,2782.000000000000000,1264.000000000000000,54.565061110000002,1788.000000000000000,37,2.069351200000000,69620.000000000000000,82.502815249999998,0,86322.000000000000000,102.295433040000006, , ,M,Yes,M,1,Minority,903215.386807000031695,5923.927510960000291
"Block Group 3, Census Tract 4179.02, Norfolk County, Massachusetts",250214179023,N,Quincy,1010.000000000000000,536.000000000000000,46.930693069999997,380.000000000000000,29,7.631578920000000,85714.000000000000000,101.574920649999996,0,80462.000000000000000,95.351066590000002, , ,M,Yes,M,1,Minority,193532.226182000013068,1831.478778709999915
"Block Group 2, Census Tract 4180.02, Norfolk County, Massachusetts",250214180022,N,Quincy,761.000000000000000,497.000000000000000,34.691195800000003,244.000000000000000,13,5.327868940000000,86250.000000000000000,102.210105900000002,0,80462.000000000000000,95.351066590000002, , ,M,Yes,M,1,Minority,205716.929272000008496,2184.810489949999919
"Block Group 3, Census Tract 4180.02, Norfolk County, Massachusetts",250214180023,N,Quincy,1150.000000000000000,732.000000000000000,36.347826089999998,589.000000000000000,15,2.546689270000000,83224.000000000000000,98.624160770000003,0,80462.000000000000000,95.351066590000002, , ,M,Yes,M,1,Minority,227476.023329999996349,2380.389564560000053
"Block Group 4, Census Tract 4180.02, Norfolk County, Massachusetts",250214180024,N,Quincy,3507.000000000000000,1190.000000000000000,66.067864270000001,1540.000000000000000,237,15.389610290000000,84211.000000000000000,99.793800349999998,0,80462.000000000000000,95.351066590000002, , ,M,Yes,M,1,Minority,636642.852980999974534,5018.581738830000177
"Block Group 2, Census Tract 4021.02, Norfolk County, Massachusetts",250214021022,N,Dedham,791.000000000000000,488.000000000000000,38.305941850000004,376.000000000000000,0,0.000000000000000,58056.000000000000000,68.798957819999998,0,101780.000000000000000,120.613853449999993, , ,M,Yes,M,1,Minority,379314.519070999987889,4178.316204769999786
"Block Group 1, Census Tract 4024, Norfolk County, Massachusetts",250214024001,N,Dedham,1018.000000000000000,664.000000000000000,34.774066800000000,555.000000000000000,0,0.000000000000000,63490.000000000000000,75.238487239999998,0,101780.000000000000000,120.613853449999993, , ,M,Yes,M,1,Minority,757147.449075000011362,3759.225888490000216
"Block Group 1, Census Tract 4133, Norfolk County, Massachusetts",250214133001,N,Norwood,2716.000000000000000,1946.000000000000000,28.350515460000000,1171.000000000000000,13,1.110162260000000,118059.000000000000000,139.905197140000013,0,90341.000000000000000,107.058128359999998, , ,M,Yes,M,1,Minority,1032760.309480000054464,4675.240839359999882
"Block Group 1, Census Tract 4134.02, Norfolk County, Massachusetts",250214134021,N,Norwood,1435.000000000000000,1030.000000000000000,28.222996519999999,424.000000000000000,45,10.613207820000000,76250.000000000000000,90.359657290000001,0,90341.000000000000000,107.058128359999998, , ,M,Yes,M,1,Minority,1242303.628010000102222,6338.658220549999896
"Block Group 2, Census Tract 4134.02, Norfolk County, Massachusetts",250214134022,N,Norwood,2231.000000000000000,791.000000000000000,64.545047060000002,932.000000000000000,92,9.871244430000001,95741.000000000000000,113.457366940000000,0,90341.000000000000000,107.058128359999998, , ,M,Yes,M,1,Minority,461580.020524999999907,3061.473992900000212
"Block Group 3, Census Tract 4141, Norfolk County, Massachusetts",250214141003,N,Sharon,2245.000000000000000,1127.000000000000000,49.799554569999998,834.000000000000000,172,20.623500820000000,151838.000000000000000,179.934829710000002,0,144142.000000000000000,170.814712520000000, , ,M,Yes,M,1,Minority,10095798.711899999529123,17627.891160700000910
"Block Group 1, Census Tract 3840.04, Middlesex County, Massachusetts",250173840041,N,Framingham,1459.000000000000000,967.000000000000000,33.721727209999997,543.000000000000000,0,0.000000000000000,108693.000000000000000,128.806060790000004,0,86322.000000000000000,102.295433040000006, , ,M,Yes,M,1,Minority,1904224.681919999886304,6284.384192389999953
"Block Group 3, Census Tract 3851.02, Middlesex County, Massachusetts",250173851023,N,Ashland,2063.000000000000000,1518.000000000000000,26.417838100000001,708.000000000000000,7,0.988700570000000,136154.000000000000000,161.348587040000012,0,118348.000000000000000,140.247680659999986, , ,M,Yes,M,1,Minority,6859983.436759999953210,11675.473693100000673
"Block Group 2, Census Tract 3852.03, Middlesex County, Massachusetts",250173852032,N,Ashland,1811.000000000000000,1288.000000000000000,28.879072340000000,801.000000000000000,22,2.746566770000000,89760.000000000000000,106.369613650000005,0,118348.000000000000000,140.247680659999986, , ,M,Yes,M,1,Minority,1442265.939289999892935,6900.923812510000062
"Block Group 3, Census Tract 3852.03, Middlesex County, Massachusetts",250173852033,N,Ashland,1660.000000000000000,1006.000000000000000,39.397590360000002,767.000000000000000,28,3.650586610000000,118646.000000000000000,140.600814820000011,0,118348.000000000000000,140.247680659999986, , ,M,Yes,M,1,Minority,1699293.318900000071153,6368.060792229999606
"Block Group 2, Census Tract 4180.04, Norfolk County, Massachusetts",250214180042,N,Quincy,1277.000000000000000,569.000000000000000,55.442443230000002,539.000000000000000,33,6.122448920000000,77847.000000000000000,92.252174380000000,0,80462.000000000000000,95.351066590000002, , ,M,Yes,M,1,Minority,356248.171062999987043,2591.468083790000037
"Block Group 1, Census Tract 4181.01, Norfolk County, Massachusetts",250214181011,N,Quincy,1619.000000000000000,1040.000000000000000,35.762816549999997,734.000000000000000,0,0.000000000000000,120000.000000000000000,142.205368039999996,0,80462.000000000000000,95.351066590000002, , ,M,Yes,M,1,Minority,746222.106034999946132,4305.950767579999592
"Block Group 3, Census Tract 4181.01, Norfolk County, Massachusetts",250214181013,N,Quincy,1423.000000000000000,952.000000000000000,33.099086440000001,586.000000000000000,87,14.846416469999999,31912.000000000000000,37.817146299999997,0,80462.000000000000000,95.351066590000002,I, ,M,Yes,MI,2,Minority and income,312733.409985999984201,2975.720062509999934
"Block Group 1, Census Tract 4192, Norfolk County, Massachusetts",250214192001,N,Braintree,2244.000000000000000,1633.000000000000000,27.228163989999999,859.000000000000000,32,3.725261930000000,96688.000000000000000,114.579605099999995,0,101544.000000000000000,120.334182740000003, , ,M,Yes,M,1,Minority,1435523.931499999947846,6963.406018310000036
"Block Group 2, Census Tract 4193, Norfolk County, Massachusetts",250214193002,N,Braintree,770.000000000000000,561.000000000000000,27.142857140000000,318.000000000000000,38,11.949685100000000,69000.000000000000000,81.768089290000006,0,101544.000000000000000,120.334182740000003, , ,M,Yes,M,1,Minority,242876.687644999998156,2694.888650060000145
"Block Group 7, Census Tract 4131, Norfolk County, Massachusetts",250214131007,N,Norwood,1644.000000000000000,1200.000000000000000,27.007299270000001,381.000000000000000,18,4.724409580000000,60875.000000000000000,72.139595029999995,0,90341.000000000000000,107.058128359999998, , ,M,Yes,M,1,Minority,2979601.459700000006706,13460.808478400000240
"Block Group 2, Census Tract 4152.01, Norfolk County, Massachusetts",250214152012,N,Canton,2613.000000000000000,1412.000000000000000,45.962495220000001,773.000000000000000,12,1.552393320000000,106386.000000000000000,126.072166440000004,0,107442.000000000000000,127.323577880000002, , ,M,Yes,M,1,Minority,6048481.381500000134110,11049.910118100000545
"Block Group 1, Census Tract 4175.01, Norfolk County, Massachusetts",250214175011,N,Quincy,797.000000000000000,455.000000000000000,42.910915930000002,322.000000000000000,149,46.273292540000000,96667.000000000000000,114.554718019999996,0,80462.000000000000000,95.351066590000002, ,E,M,Yes,ME,2,Minority and English isolation,160325.844366000004811,1936.923668740000039
"Block Group 2, Census Tract 4177.02, Norfolk County, Massachusetts",250214177022,N,Quincy,1054.000000000000000,665.000000000000000,36.907020869999997,437.000000000000000,47,10.755148889999999,65417.000000000000000,77.522071839999995,0,80462.000000000000000,95.351066590000002, , ,M,Yes,M,1,Minority,1089824.437350000021979,4400.684801829999742
"Block Group 1, Census Tract 3852.04, Middlesex County, Massachusetts",250173852041,N,Ashland,3357.000000000000000,2040.000000000000000,39.231456659999999,1058.000000000000000,0,0.000000000000000,144833.000000000000000,171.633590700000013,0,118348.000000000000000,140.247680659999986, , ,M,Yes,M,1,Minority,3779312.951570000033826,9197.941682459999356
"Block Group 5, Census Tract 3872.01, Middlesex County, Massachusetts",250173872015,N,Holliston,1177.000000000000000,684.000000000000000,41.886151230000003,338.000000000000000,0,0.000000000000000,73611.000000000000000,87.232330320000003,0,137589.000000000000000,163.049118039999996, , ,M,Yes,M,1,Minority,3449176.867480000015348,7719.243260569999620
"Block Group 1, Census Tract 3881, Middlesex County, Massachusetts",250173881001,N,Boxborough,2917.000000000000000,2002.000000000000000,31.367843680000000,1001.000000000000000,29,2.897102830000000,132276.000000000000000,156.752975459999988,0,126597.000000000000000,150.023101809999986, , ,M,Yes,M,1,Minority,13042123.901200000196695,16856.992192599998816
"Block Group 2, Census Tract 3881, Middlesex County, Massachusetts",250173881002,N,Boxborough,1589.000000000000000,1013.000000000000000,36.249213339999997,711.000000000000000,0,0.000000000000000,143250.000000000000000,169.757659910000001,0,126597.000000000000000,150.023101809999986, , ,M,Yes,M,1,Minority,8729951.158490000292659,12835.871942899999340
"Block Group 2, Census Tract 3882, Middlesex County, Massachusetts",250173882002,N,Shirley,3264.000000000000000,1922.000000000000000,41.115196079999997,994.000000000000000,23,2.313883300000000,69342.000000000000000,82.173370360000007,0,89247.000000000000000,105.761688230000004, , ,M,Yes,M,1,Minority,7364068.156220000237226,13670.859994899999947
"Block Group 1, Census Tract 3883, Middlesex County, Massachusetts",250173883001,N,Lowell,1273.000000000000000,234.000000000000000,81.618224670000004,815.000000000000000,267,32.760734560000003,12141.000000000000000,14.387628560000000,0,62196.000000000000000,73.705039979999995,I,E,M,Yes,MIE,3,"Minority, income and English isolation",194829.592662999988534,2135.183470729999954
"Block Group 2, Census Tract 3883, Middlesex County, Massachusetts",250173883002,N,Lowell,2445.000000000000000,1386.000000000000000,43.312883440000000,701.000000000000000,86,12.268188479999999,39375.000000000000000,46.661136630000001,0,62196.000000000000000,73.705039979999995,I, ,M,Yes,MI,2,Minority and income,306643.378963000024669,2822.517251369999940
"Block Group 2, Census Tract 4181.02, Norfolk County, Massachusetts",250214181022,N,Quincy,1471.000000000000000,746.000000000000000,49.286199860000004,810.000000000000000,73,9.012345310000001,95132.000000000000000,112.735671999999994,0,80462.000000000000000,95.351066590000002, , ,M,Yes,M,1,Minority,269131.302489000023343,2478.742014120000022
"Block Group 1, Census Tract 4191, Norfolk County, Massachusetts",250214191001,N,Braintree,1657.000000000000000,1205.000000000000000,27.278213640000001,502.000000000000000,12,2.390438320000000,76786.000000000000000,90.994842530000000,0,101544.000000000000000,120.334182740000003, , ,M,Yes,M,1,Minority,763650.557284999988042,4477.317365810000410
"Block Group 3, Census Tract 4151.03, Norfolk County, Massachusetts",250214151033,N,Canton,961.000000000000000,703.000000000000000,26.847034340000000,552.000000000000000,64,11.594203000000000,57813.000000000000000,68.510993959999993,0,107442.000000000000000,127.323577880000002, , ,M,Yes,M,1,Minority,922619.492054000031203,4109.343534710000313
"Block Group 1, Census Tract 4152.01, Norfolk County, Massachusetts",250214152011,N,Canton,1407.000000000000000,853.000000000000000,39.374555790000002,587.000000000000000,0,0.000000000000000,122377.000000000000000,145.022216799999995,0,107442.000000000000000,127.323577880000002, , ,M,Yes,M,1,Minority,4234843.825799999758601,9374.380482649999976
"Block Group 4, Census Tract 4044, Norfolk County, Massachusetts",250214044004,N,Wellesley,1967.000000000000000,911.000000000000000,53.685815959999999,0.000000000000000,0,0.000000000000000,147083.000000000000000,174.299942020000003,0,213684.000000000000000,253.225097659999989, , ,M,Yes,M,1,Minority,846558.737654000055045,4827.230052120000437
"Block Group 5, Census Tract 4162, Norfolk County, Massachusetts",250214162005,N,Milton,824.000000000000000,386.000000000000000,53.155339810000001,200.000000000000000,18,9.000000000000000,118500.000000000000000,140.427795409999987,0,141050.000000000000000,167.150558469999993, , ,M,Yes,M,1,Minority,662501.885818999959156,3833.396105360000092
"Block Group 6, Census Tract 4162, Norfolk County, Massachusetts",250214162006,N,Milton,974.000000000000000,427.000000000000000,56.160164270000003,395.000000000000000,12,3.037974600000000,141454.000000000000000,167.629318240000003,0,141050.000000000000000,167.150558469999993, , ,M,Yes,M,1,Minority,896318.804389999946579,4344.139923050000107
"Block Group 7, Census Tract 4162, Norfolk County, Massachusetts",250214162007,N,Milton,1291.000000000000000,377.000000000000000,70.797831140000000,571.000000000000000,39,6.830122470000000,106890.000000000000000,126.669433589999997,0,141050.000000000000000,167.150558469999993, , ,M,Yes,M,1,Minority,499389.105134000012185,6157.463470659999984
"Block Group 3, Census Tract 4163, Norfolk County, Massachusetts",250214163003,N,Boston,862.000000000000000,591.000000000000000,31.438515079999998,239.000000000000000,0,0.000000000000000,186406.000000000000000,220.899444579999994,0,76298.000000000000000,90.416542050000004, , ,M,Yes,M,1,Minority,278005.438536999979988,2730.264850550000119
"Block Group 3, Census Tract 3883, Middlesex County, Massachusetts",250173883003,N,Lowell,2687.000000000000000,1465.000000000000000,45.478228510000001,352.000000000000000,56,15.909091000000000,0.000000000000000,0.000000000000000,0,62196.000000000000000,73.705039979999995, , ,M,Yes,M,1,Minority,344442.942602999974042,2777.457130289999895
"Block Group 1, Census Tract 9502.01, Nantucket County, Massachusetts",250199502011,N,Nantucket,1886.000000000000000,1077.000000000000000,42.895015909999998,454.000000000000000,11,2.422907590000000,65833.000000000000000,78.015052800000007,0,112306.000000000000000,133.087631230000000, , ,M,Yes,M,1,Minority,1241825.117189999902621,4661.463856029999988
"Block Group 3, Census Tract 3881, Middlesex County, Massachusetts",250173881003,N,Boxborough,1000.000000000000000,679.000000000000000,32.100000000000001,547.000000000000000,14,2.559415100000000,57981.000000000000000,68.710075380000006,0,126597.000000000000000,150.023101809999986, , ,M,Yes,M,1,Minority,5181283.029009999707341,11071.248696299999210
"Block Group 2, Census Tract 9502.01, Nantucket County, Massachusetts",250199502012,N,Nantucket,1797.000000000000000,1294.000000000000000,27.991096270000000,519.000000000000000,0,0.000000000000000,157574.000000000000000,186.732238770000009,0,112306.000000000000000,133.087631230000000, , ,M,Yes,M,1,Minority,2021683.026289999950677,5972.081346750000193
"Block Group 1, Census Tract 9502.02, Nantucket County, Massachusetts",250199502021,N,Nantucket,1876.000000000000000,1022.000000000000000,45.522388059999997,384.000000000000000,0,0.000000000000000,62315.000000000000000,73.846061710000001,0,112306.000000000000000,133.087631230000000, , ,M,Yes,M,1,Minority,1920271.758470000000671,6424.125989660000414
"Block Group 2, Census Tract 9502.02, Nantucket County, Massachusetts",250199502022,N,Nantucket,1120.000000000000000,695.000000000000000,37.946428570000002,333.000000000000000,0,0.000000000000000,144228.000000000000000,170.916625979999992,0,112306.000000000000000,133.087631230000000, , ,M,Yes,M,1,Minority,10417137.333599999547005,19891.062902599998779
"Block Group 4, Census Tract 4191, Norfolk County, Massachusetts",250214191004,N,Braintree,1704.000000000000000,1280.000000000000000,24.882629110000000,561.000000000000000,17,3.030303000000000,137648.000000000000000,163.119033809999991,0,101544.000000000000000,120.334182740000003, , ,M,Yes,M,1,Minority,747777.350256999954581,4531.983751939999820
"Block Group 1, Census Tract 4196.02, Norfolk County, Massachusetts",250214196021,N,Braintree,1233.000000000000000,930.000000000000000,24.574209249999999,503.000000000000000,44,8.747514720000000,77328.000000000000000,91.637138370000002,0,101544.000000000000000,120.334182740000003, , ,M,Yes,M,1,Minority,1292363.720879999920726,6040.605662730000404
"Block Group 2, Census Tract 4197, Norfolk County, Massachusetts",250214197002,N,Braintree,2691.000000000000000,1925.000000000000000,28.465254550000001,1097.000000000000000,6,0.546946230000000,155820.000000000000000,184.653671260000010,0,101544.000000000000000,120.334182740000003, , ,M,Yes,M,1,Minority,2902593.809100000187755,8150.434298559999661
"Block Group 1, Census Tract 4198, Norfolk County, Massachusetts",250214198001,N,Braintree,1787.000000000000000,1306.000000000000000,26.916620030000001,553.000000000000000,0,0.000000000000000,97083.000000000000000,115.047698969999999,0,101544.000000000000000,120.334182740000003, , ,M,Yes,M,1,Minority,2659224.630969999823719,10050.552495899999485
"Block Group 1, Census Tract 4201.01, Norfolk County, Massachusetts",250214201011,N,Randolph,973.000000000000000,261.000000000000000,73.175745120000002,235.000000000000000,12,5.106382850000000,123052.000000000000000,145.822128300000003,0,87803.000000000000000,104.050483700000001, , ,M,Yes,M,1,Minority,371007.123482999973930,2581.302294919999895
"Block Group 1, Census Tract 4182.01, Norfolk County, Massachusetts",250214182011,N,Quincy,2006.000000000000000,1082.000000000000000,46.061814560000002,722.000000000000000,20,2.770083190000000,52000.000000000000000,61.622325900000000,0,80462.000000000000000,95.351066590000002,I, ,M,Yes,MI,2,Minority and income,690932.969448999967426,4535.290998870000294
"Block Group 2, Census Tract 4182.01, Norfolk County, Massachusetts",250214182012,N,Quincy,1995.000000000000000,1109.000000000000000,44.411027570000002,1022.000000000000000,63,6.164383410000000,97500.000000000000000,115.541862490000000,0,80462.000000000000000,95.351066590000002, , ,M,Yes,M,1,Minority,1607727.001339999958873,7225.368372439999803
"Block Group 3, Census Tract 4176.02, Norfolk County, Massachusetts",250214176023,N,Quincy,2160.000000000000000,1011.000000000000000,53.194444439999998,921.000000000000000,193,20.955482480000001,46250.000000000000000,54.808319089999998,0,80462.000000000000000,95.351066590000002,I, ,M,Yes,MI,2,Minority and income,482356.656722999992780,3685.523674059999848
"Block Group 2, Census Tract 4192, Norfolk County, Massachusetts",250214192002,N,Braintree,888.000000000000000,636.000000000000000,28.378378380000001,280.000000000000000,5,1.785714270000000,68750.000000000000000,81.471824650000002,0,101544.000000000000000,120.334182740000003, , ,M,Yes,M,1,Minority,335414.742475999984890,2959.682957900000019
"Block Group 1, Census Tract 4142, Norfolk County, Massachusetts",250214142001,N,Sharon,911.000000000000000,538.000000000000000,40.944017559999999,227.000000000000000,14,6.167400840000000,138359.000000000000000,163.961608890000008,0,144142.000000000000000,170.814712520000000, , ,M,Yes,M,1,Minority,1431823.298870000056922,4975.866637379999702
"Block Group 3, Census Tract 4134.02, Norfolk County, Massachusetts",250214134023,N,Norwood,1235.000000000000000,898.000000000000000,27.287449389999999,434.000000000000000,25,5.760368820000000,111250.000000000000000,131.836227420000000,0,90341.000000000000000,107.058128359999998, , ,M,Yes,M,1,Minority,615911.189470999990590,3418.288691379999818
"Block Group 3, Census Tract 3689.02, Middlesex County, Massachusetts",250173689023,N,Waltham,847.000000000000000,401.000000000000000,52.656434470000001,339.000000000000000,12,3.539823060000000,70066.000000000000000,83.031341549999993,0,95851.000000000000000,113.587722779999993, , ,M,Yes,M,1,Minority,412980.421542000025511,2804.436375440000120
"Block Group 2, Census Tract 3701.01, Middlesex County, Massachusetts",250173701012,N,Watertown,940.000000000000000,705.000000000000000,25.000000000000000,384.000000000000000,0,0.000000000000000,126167.000000000000000,149.513534550000003,0,100434.000000000000000,119.018783569999997, , ,M,Yes,M,1,Minority,201226.248298999998951,2544.341334230000029
"Block Group 3, Census Tract 3701.01, Middlesex County, Massachusetts",250173701013,N,Watertown,1712.000000000000000,1255.000000000000000,26.693925230000001,668.000000000000000,17,2.544910190000000,103777.000000000000000,122.980384830000006,0,100434.000000000000000,119.018783569999997, , ,M,Yes,M,1,Minority,305380.996805000002496,2794.538113940000130
"Block Group 4, Census Tract 3701.01, Middlesex County, Massachusetts",250173701014,N,Watertown,840.000000000000000,627.000000000000000,25.357142860000000,460.000000000000000,0,0.000000000000000,85156.000000000000000,100.913665769999994,0,100434.000000000000000,119.018783569999997, , ,M,Yes,M,1,Minority,240653.866241000010632,2450.491751250000107
"Block Group 3, Census Tract 9811, Suffolk County, Massachusetts",250259811003,N,Boston,91.000000000000000,27.000000000000000,70.329670329999999,0.000000000000000,0,0.000000000000000,44423.000000000000000,51.749122620000001,1,76298.000000000000000,90.416542050000004,I, ,M,Yes,MI,2,Minority and income,572469.046592999948189,4328.628653329999906
"Block Group 1, Census Tract 9813, Suffolk County, Massachusetts",250259813001,N,Boston,79.000000000000000,54.000000000000000,31.645569620000000,5.000000000000000,0,0.000000000000000,128000.000000000000000,149.109420779999994,1,76298.000000000000000,90.416542050000004, , ,M,Yes,M,1,Minority,9018701.556980000808835,16051.259410200000275
"Block Group 1, Census Tract 7073, Worcester County, Massachusetts",250277073001,N,Gardner,1168.000000000000000,972.000000000000000,16.780821920000001,545.000000000000000,20,3.669724700000000,30972.000000000000000,36.703205109999999,0,51708.000000000000000,61.276294710000002,I, , ,Yes,I,1,Income,303320.512156000011601,3083.832992130000093
"Block Group 4, Census Tract 1006.01, Suffolk County, Massachusetts",250251006014,N,Boston,2050.000000000000000,392.000000000000000,80.878048780000000,878.000000000000000,94,10.706150050000000,93487.000000000000000,110.786277769999998,0,76298.000000000000000,90.416542050000004, , ,M,Yes,M,1,Minority,139107.023155000002589,1585.784886039999947
"Block Group 1, Census Tract 1006.03, Suffolk County, Massachusetts",250251006031,N,Boston,1483.000000000000000,953.000000000000000,35.738368170000001,646.000000000000000,29,4.489163880000000,94474.000000000000000,111.955917360000001,0,76298.000000000000000,90.416542050000004, , ,M,Yes,M,1,Minority,447814.417546999990009,4038.896903700000166
"Block Group 2, Census Tract 1006.03, Suffolk County, Massachusetts",250251006032,N,Boston,689.000000000000000,438.000000000000000,36.429608129999998,208.000000000000000,6,2.884615420000000,87647.000000000000000,103.865615840000004,0,76298.000000000000000,90.416542050000004, , ,M,Yes,M,1,Minority,768280.068580999970436,4678.758451140000034
"Block Group 5, Census Tract 1005, Suffolk County, Massachusetts",250251005005,N,Boston,1429.000000000000000,65.000000000000000,95.451364589999997,504.000000000000000,102,20.238094329999999,46312.000000000000000,54.881790160000001,0,76298.000000000000000,90.416542050000004,I, ,M,Yes,MI,2,Minority and income,165409.193048999994062,1758.185464709999906
"Block Group 3, Census Tract 1104.03, Suffolk County, Massachusetts",250251104033,N,Boston,731.000000000000000,272.000000000000000,62.790697670000000,213.000000000000000,0,0.000000000000000,114250.000000000000000,135.391357419999991,0,76298.000000000000000,90.416542050000004, , ,M,Yes,M,1,Minority,160776.969038999988697,1821.313228810000055
"Block Group 3, Census Tract 1105.01, Suffolk County, Massachusetts",250251105013,N,Boston,916.000000000000000,658.000000000000000,28.165938860000001,357.000000000000000,0,0.000000000000000,124485.000000000000000,147.520294189999987,0,76298.000000000000000,90.416542050000004, , ,M,Yes,M,1,Minority,162028.618768999993335,1748.542165500000010
"Block Group 3, Census Tract 1106.07, Suffolk County, Massachusetts",250251106073,N,Boston,1586.000000000000000,1196.000000000000000,24.590163929999999,634.000000000000000,0,0.000000000000000,121154.000000000000000,143.572906490000008,0,76298.000000000000000,90.416542050000004, , ,M,Yes,M,1,Minority,363559.889983000000939,2866.484786500000155
"Block Group 1, Census Tract 1201.04, Suffolk County, Massachusetts",250251201041,N,Boston,908.000000000000000,676.000000000000000,25.550660789999998,474.000000000000000,0,0.000000000000000,110776.000000000000000,131.274520870000003,0,76298.000000000000000,90.416542050000004, , ,M,Yes,M,1,Minority,103274.568186000004061,1545.058065160000069
"Block Group 3, Census Tract 1605.01, Suffolk County, Massachusetts",250251605013,N,Chelsea,1009.000000000000000,95.000000000000000,90.584737360000005,320.000000000000000,52,16.250000000000000,101875.000000000000000,120.726432799999998,0,60370.000000000000000,71.541152949999997, , ,M,Yes,M,1,Minority,63862.038540599998669,998.633119886000031
"Block Group 4, Census Tract 1605.01, Suffolk County, Massachusetts",250251605014,N,Chelsea,721.000000000000000,135.000000000000000,81.276005549999994,464.000000000000000,257,55.387931819999999,11630.000000000000000,13.782070160000000,0,60370.000000000000000,71.541152949999997,I,E,M,Yes,MIE,3,"Minority, income and English isolation",30204.352925200000755,739.621721817999969
"Block Group 5, Census Tract 1605.01, Suffolk County, Massachusetts",250251605015,N,Chelsea,878.000000000000000,113.000000000000000,87.129840549999997,277.000000000000000,0,0.000000000000000,49464.000000000000000,58.617053990000002,0,60370.000000000000000,71.541152949999997,I, ,M,Yes,MI,2,Minority and income,44361.320416199996544,874.514617779999980
"Block Group 1, Census Tract 1605.02, Suffolk County, Massachusetts",250251605021,N,Chelsea,1820.000000000000000,242.000000000000000,86.703296699999996,472.000000000000000,145,30.720338819999998,28333.000000000000000,33.575874329999998,0,60370.000000000000000,71.541152949999997,I,E,M,Yes,MIE,3,"Minority, income and English isolation",92406.384657999995397,1672.148385749999989
"Block Group 3, Census Tract 1605.02, Suffolk County, Massachusetts",250251605023,N,Chelsea,1616.000000000000000,323.000000000000000,80.012376239999995,504.000000000000000,73,14.484127040000001,60479.000000000000000,71.670318600000002,0,60370.000000000000000,71.541152949999997, , ,M,Yes,M,1,Minority,804640.073460999992676,4930.417101050000383
"Block Group 4, Census Tract 1605.02, Suffolk County, Massachusetts",250251605024,N,Chelsea,1263.000000000000000,288.000000000000000,77.197149640000006,488.000000000000000,130,26.639345169999999,51322.000000000000000,60.818866730000003,0,60370.000000000000000,71.541152949999997,I,E,M,Yes,MIE,3,"Minority, income and English isolation",92501.725949200001196,1418.890543700000080
"Block Group 2, Census Tract 7073, Worcester County, Massachusetts",250277073002,N,Gardner,1829.000000000000000,1493.000000000000000,18.370694369999999,843.000000000000000,10,1.186239600000000,36219.000000000000000,42.921134950000003,0,51708.000000000000000,61.276294710000002,I, , ,Yes,I,1,Income,2788526.219519999809563,7515.889362060000167
"Block Group 2, Census Tract 7092.01, Worcester County, Massachusetts",250277092012,N,Leominster,1183.000000000000000,774.000000000000000,34.573119190000000,628.000000000000000,0,0.000000000000000,48654.000000000000000,57.657165530000000,0,63119.000000000000000,74.798835749999995,I, ,M,Yes,MI,2,Minority and income,551538.241420999984257,3001.362329770000088
"Block Group 3, Census Tract 1006.01, Suffolk County, Massachusetts",250251006013,N,Boston,1320.000000000000000,370.000000000000000,71.969696970000001,503.000000000000000,0,0.000000000000000,76287.000000000000000,90.403511050000006,0,76298.000000000000000,90.416542050000004, , ,M,Yes,M,1,Minority,108555.616823999996996,1450.316502379999974
"Block Group 2, Census Tract 1007, Suffolk County, Massachusetts",250251007002,N,Boston,1008.000000000000000,830.000000000000000,17.658730160000001,527.000000000000000,0,0.000000000000000,31293.000000000000000,37.083606719999999,0,76298.000000000000000,90.416542050000004,I, , ,Yes,I,1,Income,749106.646992000052705,4077.338050469999871
"Block Group 1, Census Tract 1008, Suffolk County, Massachusetts",250251008001,N,Boston,716.000000000000000,273.000000000000000,61.871508380000002,236.000000000000000,31,13.135593410000000,63514.000000000000000,75.266929630000007,0,76298.000000000000000,90.416542050000004, , ,M,Yes,M,1,Minority,121551.008382999993046,1606.126964439999938
"Block Group 2, Census Tract 1008, Suffolk County, Massachusetts",250251008002,N,Boston,983.000000000000000,575.000000000000000,41.505595120000002,598.000000000000000,100,16.722408290000001,94295.000000000000000,111.743789669999998,0,76298.000000000000000,90.416542050000004, , ,M,Yes,M,1,Minority,136902.266479000012623,2000.521069269999998
"Block Group 2, Census Tract 1202.01, Suffolk County, Massachusetts",250251202012,N,Boston,1872.000000000000000,861.000000000000000,54.006410260000003,907.000000000000000,145,15.986769680000000,63068.000000000000000,74.738403320000003,0,76298.000000000000000,90.416542050000004, , ,M,Yes,M,1,Minority,324726.928416999988258,2354.136201750000055
"Block Group 1, Census Tract 1203.01, Suffolk County, Massachusetts",250251203011,N,Boston,1212.000000000000000,470.000000000000000,61.221122110000003,369.000000000000000,22,5.962059500000000,138365.000000000000000,163.968719480000004,0,76298.000000000000000,90.416542050000004, , ,M,Yes,M,1,Minority,141678.040561000001617,1648.114879479999900
"Block Group 1, Census Tract 1204, Suffolk County, Massachusetts",250251204001,N,Boston,906.000000000000000,681.000000000000000,24.834437090000002,369.000000000000000,0,0.000000000000000,106619.000000000000000,126.348281860000000,0,76298.000000000000000,90.416542050000004, , ,M,Yes,M,1,Minority,164200.324525000003632,1953.018835609999996
"Block Group 4, Census Tract 1204, Suffolk County, Massachusetts",250251204004,N,Boston,1923.000000000000000,1357.000000000000000,29.433177329999999,934.000000000000000,36,3.854389670000000,111053.000000000000000,131.602767940000007,0,76298.000000000000000,90.416542050000004, , ,M,Yes,M,1,Minority,251366.037489000009373,2259.346703350000098
"Block Group 5, Census Tract 1605.02, Suffolk County, Massachusetts",250251605025,N,Chelsea,905.000000000000000,195.000000000000000,78.453038669999998,363.000000000000000,88,24.242424010000001,67818.000000000000000,80.367362979999996,0,60370.000000000000000,71.541152949999997, , ,M,Yes,M,1,Minority,368345.533467000001110,2906.225119090000135
"Block Group 3, Census Tract 1606.01, Suffolk County, Massachusetts",250251606013,N,Chelsea,1784.000000000000000,359.000000000000000,79.876681610000006,593.000000000000000,98,16.526138310000000,75664.000000000000000,89.665222170000007,0,60370.000000000000000,71.541152949999997, , ,M,Yes,M,1,Minority,308227.103834000008646,3809.733226370000011
"Block Group 4, Census Tract 1606.01, Suffolk County, Massachusetts",250251606014,N,Chelsea,1150.000000000000000,286.000000000000000,75.130434780000002,292.000000000000000,56,19.178081509999998,111932.000000000000000,132.644424439999995,0,60370.000000000000000,71.541152949999997, , ,M,Yes,M,1,Minority,127130.093003000001772,2538.058747649999987
"Block Group 1, Census Tract 7094, Worcester County, Massachusetts",250277094001,N,Leominster,2231.000000000000000,1009.000000000000000,54.773644109999999,916.000000000000000,83,9.061135289999999,53008.000000000000000,62.816852570000002,0,63119.000000000000000,74.798835749999995,I, ,M,Yes,MI,2,Minority and income,745325.796313000028022,6074.938842900000054
"Block Group 1, Census Tract 7095.02, Worcester County, Massachusetts",250277095021,N,Leominster,1262.000000000000000,781.000000000000000,38.114104599999997,488.000000000000000,0,0.000000000000000,58750.000000000000000,69.621376040000001,0,63119.000000000000000,74.798835749999995, , ,M,Yes,M,1,Minority,1207517.943310000002384,7615.020846569999776
"Block Group 3, Census Tract 1008, Suffolk County, Massachusetts",250251008003,N,Boston,924.000000000000000,559.000000000000000,39.502164499999999,549.000000000000000,0,0.000000000000000,98304.000000000000000,116.494636540000002,0,76298.000000000000000,90.416542050000004, , ,M,Yes,M,1,Minority,136790.581796999991639,1508.137767709999935
"Block Group 1, Census Tract 1009, Suffolk County, Massachusetts",250251009001,N,Boston,730.000000000000000,247.000000000000000,66.164383560000005,300.000000000000000,0,0.000000000000000,77500.000000000000000,91.840965269999998,0,76298.000000000000000,90.416542050000004, , ,M,Yes,M,1,Minority,166353.760829000006197,1794.729903160000049
"Block Group 4, Census Tract 1008, Suffolk County, Massachusetts",250251008004,N,Boston,1033.000000000000000,705.000000000000000,31.752178120000000,667.000000000000000,50,7.496252060000000,79554.000000000000000,94.275047299999997,0,76298.000000000000000,90.416542050000004, , ,M,Yes,M,1,Minority,931825.491002000053413,5103.115279429999646
"Block Group 5, Census Tract 1008, Suffolk County, Massachusetts",250251008005,N,Boston,907.000000000000000,464.000000000000000,48.842337379999996,516.000000000000000,18,3.488372090000000,70862.000000000000000,83.974639890000006,0,76298.000000000000000,90.416542050000004, , ,M,Yes,M,1,Minority,401098.244087000028230,2648.916734550000001
"Block Group 5, Census Tract 1204, Suffolk County, Massachusetts",250251204005,N,Boston,1551.000000000000000,1067.000000000000000,31.205673760000000,858.000000000000000,51,5.944056030000000,87333.000000000000000,103.493515009999996,0,76298.000000000000000,90.416542050000004, , ,M,Yes,M,1,Minority,251174.890518000000156,2377.058049610000126
"Block Group 1, Census Tract 1205, Suffolk County, Massachusetts",250251205001,N,Boston,923.000000000000000,307.000000000000000,66.738894909999999,379.000000000000000,63,16.622692109999999,81583.000000000000000,96.679504390000005,0,76298.000000000000000,90.416542050000004, , ,M,Yes,M,1,Minority,96799.363586399995256,1831.692745099999911
"Block Group 2, Census Tract 1205, Suffolk County, Massachusetts",250251205002,N,Boston,758.000000000000000,351.000000000000000,53.693931399999997,481.000000000000000,223,46.361747739999998,212813.000000000000000,252.192932130000003,0,76298.000000000000000,90.416542050000004, ,E,M,Yes,ME,2,Minority and English isolation,63630.540713100002904,1186.779784650000011
"Block Group 2, Census Tract 1207, Suffolk County, Massachusetts",250251207002,N,Boston,1139.000000000000000,740.000000000000000,35.030728709999998,622.000000000000000,19,3.054662470000000,104000.000000000000000,123.244651790000006,0,76298.000000000000000,90.416542050000004, , ,M,Yes,M,1,Minority,82400.588698000006843,1146.624690220000048
"Block Group 4, Census Tract 1303, Suffolk County, Massachusetts",250251303004,N,Boston,1025.000000000000000,645.000000000000000,37.073170730000001,365.000000000000000,0,0.000000000000000,88967.000000000000000,105.429878230000000,0,76298.000000000000000,90.416542050000004, , ,M,Yes,M,1,Minority,240597.650033999991138,1981.087598569999955
"Block Group 2, Census Tract 1606.02, Suffolk County, Massachusetts",250251606022,N,Chelsea,968.000000000000000,305.000000000000000,68.491735539999993,252.000000000000000,23,9.126984600000000,78182.000000000000000,92.649169920000006,0,60370.000000000000000,71.541152949999997, , ,M,Yes,M,1,Minority,139502.557394000003114,1534.202729180000006
"Block Group 3, Census Tract 1403, Suffolk County, Massachusetts",250251403003,N,Boston,1478.000000000000000,243.000000000000000,83.558863329999994,825.000000000000000,86,10.424242019999999,60192.000000000000000,71.330215449999997,0,76298.000000000000000,90.416542050000004, , ,M,Yes,M,1,Minority,418633.606481000024360,3088.461951870000121
"Block Group 5, Census Tract 1403, Suffolk County, Massachusetts",250251403005,N,Boston,1233.000000000000000,148.000000000000000,87.996755879999995,540.000000000000000,110,20.370370860000001,73857.000000000000000,87.523849490000003,0,76298.000000000000000,90.416542050000004, , ,M,Yes,M,1,Minority,250135.149391999992076,3236.483121830000073
"Block Group 3, Census Tract 7095.02, Worcester County, Massachusetts",250277095023,N,Leominster,1990.000000000000000,1373.000000000000000,31.005025130000000,869.000000000000000,0,0.000000000000000,56554.000000000000000,67.019020080000004,0,63119.000000000000000,74.798835749999995, , ,M,Yes,M,1,Minority,1009067.823929999954998,4771.979929299999640
"Block Group 2, Census Tract 7096, Worcester County, Massachusetts",250277096002,N,Leominster,748.000000000000000,472.000000000000000,36.898395720000003,319.000000000000000,28,8.777429580000000,61750.000000000000000,73.176513670000006,0,63119.000000000000000,74.798835749999995, , ,M,Yes,M,1,Minority,1193782.559080000035465,4779.393964820000292
"Block Group 6, Census Tract 1008, Suffolk County, Massachusetts",250251008006,N,Boston,1228.000000000000000,513.000000000000000,58.224755700000003,288.000000000000000,98,34.027778630000000,61731.000000000000000,73.153999330000005,0,76298.000000000000000,90.416542050000004, ,E,M,Yes,ME,2,Minority and English isolation,191305.719348999991780,1947.503420649999953
"Block Group 2, Census Tract 1009, Suffolk County, Massachusetts",250251009002,N,Boston,578.000000000000000,157.000000000000000,72.837370239999998,247.000000000000000,21,8.502024649999999,92797.000000000000000,109.968597410000001,0,76298.000000000000000,90.416542050000004, , ,M,Yes,M,1,Minority,136326.263719000009587,1491.414564010000049
"Block Group 3, Census Tract 1009, Suffolk County, Massachusetts",250251009003,N,Boston,1011.000000000000000,195.000000000000000,80.712166170000003,417.000000000000000,0,0.000000000000000,130150.000000000000000,154.233566279999991,0,76298.000000000000000,90.416542050000004, , ,M,Yes,M,1,Minority,242928.137217999988934,2416.535031439999784
"Block Group 1, Census Tract 1010.01, Suffolk County, Massachusetts",250251010011,N,Boston,680.000000000000000,11.000000000000000,98.382352940000004,195.000000000000000,19,9.743589399999999,0.000000000000000,0.000000000000000,0,76298.000000000000000,90.416542050000004, , ,M,Yes,M,1,Minority,265930.354884999978822,3581.243554430000131
"Block Group 4, Census Tract 1010.01, Suffolk County, Massachusetts",250251010014,N,Boston,970.000000000000000,34.000000000000000,96.494845359999999,350.000000000000000,0,0.000000000000000,33275.000000000000000,39.432365419999996,0,76298.000000000000000,90.416542050000004,I, ,M,Yes,MI,2,Minority and income,195249.905762000009418,2425.291161759999795
"Block Group 1, Census Tract 1304.02, Suffolk County, Massachusetts",250251304021,N,Boston,1050.000000000000000,763.000000000000000,27.333333329999999,510.000000000000000,0,0.000000000000000,67826.000000000000000,80.376846310000005,0,76298.000000000000000,90.416542050000004, , ,M,Yes,M,1,Minority,426285.147126000025310,3462.643207929999789
"Block Group 2, Census Tract 1304.02, Suffolk County, Massachusetts",250251304022,N,Boston,906.000000000000000,637.000000000000000,29.690949230000001,459.000000000000000,0,0.000000000000000,127167.000000000000000,148.139038090000014,1,76298.000000000000000,90.416542050000004, , ,M,Yes,M,1,Minority,228286.610488000005716,2270.149194260000058
"Block Group 3, Census Tract 1304.02, Suffolk County, Massachusetts",250251304023,N,Boston,977.000000000000000,725.000000000000000,25.793244630000000,272.000000000000000,14,5.147058960000000,132031.000000000000000,156.462646479999989,0,76298.000000000000000,90.416542050000004, , ,M,Yes,M,1,Minority,290638.619040000019595,2557.868273399999907
"Block Group 1, Census Tract 1304.06, Suffolk County, Massachusetts",250251304061,N,Boston,2092.000000000000000,168.000000000000000,91.969407270000005,987.000000000000000,244,24.721378330000000,41696.000000000000000,49.411624910000000,0,76298.000000000000000,90.416542050000004,I,E,M,Yes,MIE,3,"Minority, income and English isolation",245015.200929000013275,2260.273713990000033
"Block Group 6, Census Tract 1403, Suffolk County, Massachusetts",250251403006,N,Boston,1420.000000000000000,90.000000000000000,93.661971829999999,377.000000000000000,124,32.891246799999998,67396.000000000000000,79.867271419999994,0,76298.000000000000000,90.416542050000004, ,E,M,Yes,ME,2,Minority and English isolation,277127.763366999977734,2153.559562599999936
"Block Group 2, Census Tract 1603, Suffolk County, Massachusetts",250251603002,N,Chelsea,2025.000000000000000,1164.000000000000000,42.518518520000001,936.000000000000000,166,17.735042570000001,51429.000000000000000,60.945667270000001,0,60370.000000000000000,71.541152949999997,I, ,M,Yes,MI,2,Minority and income,545565.901905999984592,3274.114083020000180
"Block Group 1, Census Tract 1604, Suffolk County, Massachusetts",250251604001,N,Chelsea,1209.000000000000000,151.000000000000000,87.510339119999998,353.000000000000000,129,36.543910980000000,47330.000000000000000,56.088169100000002,0,60370.000000000000000,71.541152949999997,I,E,M,Yes,MIE,3,"Minority, income and English isolation",86094.778545099994517,1536.312538189999941
"Block Group 2, Census Tract 7108, Worcester County, Massachusetts",250277108002,N,Fitchburg,1229.000000000000000,582.000000000000000,52.644426359999997,382.000000000000000,0,0.000000000000000,40690.000000000000000,48.219470979999997,0,54683.000000000000000,64.801803590000006,I, ,M,Yes,MI,2,Minority and income,651191.760248000035062,3709.632356479999999
"Block Group 2, Census Tract 7110, Worcester County, Massachusetts",250277110002,N,Fitchburg,881.000000000000000,412.000000000000000,53.234960270000002,259.000000000000000,20,7.722007750000000,88125.000000000000000,104.432067869999997,0,54683.000000000000000,64.801803590000006, , ,M,Yes,M,1,Minority,215671.315326000010828,2073.880866670000160
"Block Group 3, Census Tract 7110, Worcester County, Massachusetts",250277110003,N,Fitchburg,981.000000000000000,361.000000000000000,63.200815489999997,334.000000000000000,9,2.694610830000000,0.000000000000000,0.000000000000000,0,54683.000000000000000,64.801803590000006, , ,M,Yes,M,1,Minority,161835.134285000007367,2158.760900610000135
"Block Group 2, Census Tract 7231, Worcester County, Massachusetts",250277231002,N,Hardwick,856.000000000000000,751.000000000000000,12.266355140000000,355.000000000000000,0,0.000000000000000,39205.000000000000000,46.459678650000001,0,60703.000000000000000,71.935768130000000,I, , ,Yes,I,1,Income,5122035.316019999794662,13764.266028100000767
"Block Group 3, Census Tract 7241, Worcester County, Massachusetts",250277241003,N,West Brookfield,1387.000000000000000,1237.000000000000000,10.814708000000000,535.000000000000000,0,0.000000000000000,36913.000000000000000,43.743556980000001,0,75742.000000000000000,89.757659910000001,I, , ,Yes,I,1,Income,15128105.954199999570847,25712.527847199999087
"Block Group 4, Census Tract 1009, Suffolk County, Massachusetts",250251009004,N,Boston,1829.000000000000000,394.000000000000000,78.458173869999996,705.000000000000000,44,6.241134640000000,89205.000000000000000,105.711914059999998,0,76298.000000000000000,90.416542050000004, , ,M,Yes,M,1,Minority,443978.035987999988720,4437.069692770000074
"Block Group 2, Census Tract 1010.01, Suffolk County, Massachusetts",250251010012,N,Boston,764.000000000000000,13.000000000000000,98.298429319999997,208.000000000000000,14,6.730769160000000,0.000000000000000,0.000000000000000,0,76298.000000000000000,90.416542050000004, , ,M,Yes,M,1,Minority,205580.173975000012433,1804.154239530000041
"Block Group 3, Census Tract 1010.01, Suffolk County, Massachusetts",250251010013,N,Boston,845.000000000000000,11.000000000000000,98.698224850000003,444.000000000000000,79,17.792793270000001,70189.000000000000000,83.177101140000005,0,76298.000000000000000,90.416542050000004, , ,M,Yes,M,1,Minority,142865.391685000009602,1750.712025549999908
"Block Group 5, Census Tract 1010.01, Suffolk County, Massachusetts",250251010015,N,Boston,985.000000000000000,10.000000000000000,98.984771570000007,478.000000000000000,54,11.297071460000000,78838.000000000000000,93.426559449999999,0,76298.000000000000000,90.416542050000004, , ,M,Yes,M,1,Minority,128086.779410999995889,1498.996626679999963
"Block Group 3, Census Tract 1304.06, Suffolk County, Massachusetts",250251304063,N,Boston,569.000000000000000,267.000000000000000,53.075571179999997,230.000000000000000,79,34.347827909999999,68125.000000000000000,80.731170649999996,0,76298.000000000000000,90.416542050000004, ,E,M,Yes,ME,2,Minority and English isolation,162260.678057000011904,1708.874049710000008
"Block Group 1, Census Tract 1401.02, Suffolk County, Massachusetts",250251401021,N,Boston,1201.000000000000000,176.000000000000000,85.345545380000004,479.000000000000000,38,7.933194160000000,120491.000000000000000,142.787231450000007,0,76298.000000000000000,90.416542050000004, , ,M,Yes,M,1,Minority,204069.809451999986777,1907.194554930000095
"Block Group 3, Census Tract 1401.02, Suffolk County, Massachusetts",250251401023,N,Boston,1050.000000000000000,489.000000000000000,53.428571429999998,340.000000000000000,31,9.117647170000000,109444.000000000000000,129.696029659999994,0,76298.000000000000000,90.416542050000004, , ,M,Yes,M,1,Minority,513504.126609999977518,2960.676419299999907
"Block Group 2, Census Tract 1604, Suffolk County, Massachusetts",250251604002,N,Chelsea,931.000000000000000,91.000000000000000,90.225563910000005,276.000000000000000,146,52.898551939999997,35069.000000000000000,41.558334350000003,0,60370.000000000000000,71.541152949999997,I,E,M,Yes,MIE,3,"Minority, income and English isolation",801814.492798999999650,4520.472317249999833
"Block Group 1, Census Tract 1606.01, Suffolk County, Massachusetts",250251606011,N,Chelsea,296.000000000000000,219.000000000000000,26.013513509999999,0.000000000000000,0,0.000000000000000,53200.000000000000000,63.044380189999998,0,60370.000000000000000,71.541152949999997,I, ,M,Yes,MI,2,Minority and income,91193.540180299998610,1706.860239170000114
"Block Group 2, Census Tract 1606.01, Suffolk County, Massachusetts",250251606012,N,Chelsea,1101.000000000000000,341.000000000000000,69.028156220000000,631.000000000000000,130,20.602218629999999,61417.000000000000000,72.781890869999998,0,60370.000000000000000,71.541152949999997, , ,M,Yes,M,1,Minority,149714.938903000002028,1971.828659000000016
"Block Group 2, Census Tract 1704, Suffolk County, Massachusetts",250251704002,N,Revere,1266.000000000000000,644.000000000000000,49.131121640000003,384.000000000000000,83,21.614583970000002,27356.000000000000000,32.418083189999997,0,68331.000000000000000,80.975288390000003,I, ,M,Yes,MI,2,Minority and income,446973.114210999978241,3016.568995900000118
"Block Group 3, Census Tract 1704, Suffolk County, Massachusetts",250251704003,N,Revere,1356.000000000000000,477.000000000000000,64.823008849999994,395.000000000000000,95,24.050632480000001,46420.000000000000000,55.009777069999998,0,68331.000000000000000,80.975288390000003,I, ,M,Yes,MI,2,Minority and income,184104.802533999987645,1862.199754149999990
"Block Group 4, Census Tract 1704, Suffolk County, Massachusetts",250251704004,N,Revere,447.000000000000000,230.000000000000000,48.545861299999999,144.000000000000000,59,40.972221370000000,71687.000000000000000,84.952301030000001,0,68331.000000000000000,80.975288390000003, ,E,M,Yes,ME,2,Minority and English isolation,117550.274644000004628,1671.134077590000061
"Block Group 1, Census Tract 1705.02, Suffolk County, Massachusetts",250251705021,N,Revere,1122.000000000000000,795.000000000000000,29.144385029999999,443.000000000000000,25,5.643341060000000,122266.000000000000000,144.890686039999991,0,68331.000000000000000,80.975288390000003, , ,M,Yes,M,1,Minority,457565.471475999976974,2843.853755659999933
"Block Group 6, Census Tract 1010.01, Suffolk County, Massachusetts",250251010016,N,Boston,1351.000000000000000,28.000000000000000,97.927461140000005,594.000000000000000,56,9.427609439999999,112200.000000000000000,132.962020870000003,0,76298.000000000000000,90.416542050000004, , ,M,Yes,M,1,Minority,368283.451776999980211,2567.988626360000126
"Block Group 1, Census Tract 1011.01, Suffolk County, Massachusetts",250251011011,N,Boston,1033.000000000000000,25.000000000000000,97.579864470000004,377.000000000000000,12,3.183023930000000,54141.000000000000000,64.159507750000003,0,76298.000000000000000,90.416542050000004,I, ,M,Yes,MI,2,Minority and income,142056.930083000013838,1516.463540660000035
"Block Group 1, Census Tract 1011.02, Suffolk County, Massachusetts",250251011021,N,Boston,841.000000000000000,7.000000000000000,99.167657550000001,293.000000000000000,73,24.914676669999999,54844.000000000000000,64.992591860000005,0,76298.000000000000000,90.416542050000004,I,E,M,Yes,MIE,3,"Minority, income and English isolation",83064.094987300006323,1237.636682329999985
"Block Group 2, Census Tract 1011.02, Suffolk County, Massachusetts",250251011022,N,Boston,1579.000000000000000,21.000000000000000,98.670044329999996,510.000000000000000,46,9.019607540000001,56250.000000000000000,66.658767699999999,0,76298.000000000000000,90.416542050000004, , ,M,Yes,M,1,Minority,160964.972785999998450,1832.533335520000037
"Block Group 3, Census Tract 1011.02, Suffolk County, Massachusetts",250251011023,N,Boston,777.000000000000000,8.000000000000000,98.970398970000005,444.000000000000000,17,3.828828810000000,53207.000000000000000,63.052673339999998,0,76298.000000000000000,90.416542050000004,I, ,M,Yes,MI,2,Minority and income,164601.883854999992764,2456.751411409999946
"Block Group 1, Census Tract 1304.04, Suffolk County, Massachusetts",250251304041,N,Boston,2039.000000000000000,1126.000000000000000,44.776851399999998,934.000000000000000,50,5.353319170000000,57500.000000000000000,68.140075679999995,0,76298.000000000000000,90.416542050000004, , ,M,Yes,M,1,Minority,1228047.946969999931753,4840.856508290000420
"Block Group 2, Census Tract 1304.04, Suffolk County, Massachusetts",250251304042,N,Boston,1034.000000000000000,703.000000000000000,32.011605420000002,399.000000000000000,34,8.521303180000000,104679.000000000000000,124.049301150000005,0,76298.000000000000000,90.416542050000004, , ,M,Yes,M,1,Minority,408652.705247999983840,2867.009447379999983
"Block Group 1, Census Tract 1606.02, Suffolk County, Massachusetts",250251606021,N,Chelsea,1415.000000000000000,301.000000000000000,78.727915190000004,489.000000000000000,101,20.654396060000000,62708.000000000000000,74.311782840000006,0,60370.000000000000000,71.541152949999997, , ,M,Yes,M,1,Minority,209624.873568000009982,2771.654762350000055
"Block Group 4, Census Tract 1606.02, Suffolk County, Massachusetts",250251606024,N,Chelsea,877.000000000000000,106.000000000000000,87.913340939999998,201.000000000000000,90,44.776119229999999,22455.000000000000000,26.610179899999999,0,60370.000000000000000,71.541152949999997,I,E,M,Yes,MIE,3,"Minority, income and English isolation",125190.033957000006922,1738.796203780000042
"Block Group 5, Census Tract 1606.02, Suffolk County, Massachusetts",250251606025,N,Chelsea,1108.000000000000000,341.000000000000000,69.223826709999997,344.000000000000000,30,8.720930100000000,72938.000000000000000,86.434791559999994,0,60370.000000000000000,71.541152949999997, , ,M,Yes,M,1,Minority,98778.121038900004351,1388.023036110000021
"Block Group 1, Census Tract 1701.01, Suffolk County, Massachusetts",250251701011,N,Revere,1909.000000000000000,833.000000000000000,56.364588789999999,477.000000000000000,91,19.077568050000000,65642.000000000000000,77.788703920000003,0,68331.000000000000000,80.975288390000003, , ,M,Yes,M,1,Minority,259068.558672000013757,3186.970304999999826
"Block Group 3, Census Tract 7307, Worcester County, Massachusetts",250277307003,N,Worcester,2747.000000000000000,1809.000000000000000,34.146341460000002,1085.000000000000000,0,0.000000000000000,44099.000000000000000,52.259288789999999,0,51647.000000000000000,61.204006200000002,I, ,M,Yes,MI,2,Minority and income,4155963.083469999954104,9771.213249750000614
"Block Group 2, Census Tract 7309.01, Worcester County, Massachusetts",250277309012,N,Worcester,1538.000000000000000,1093.000000000000000,28.933680100000000,431.000000000000000,67,15.545243259999999,69306.000000000000000,82.130706790000005,0,51647.000000000000000,61.204006200000002, , ,M,Yes,M,1,Minority,349697.771523999981582,3814.567429860000175
"Block Group 4, Census Tract 1011.02, Suffolk County, Massachusetts",250251011024,N,Boston,1569.000000000000000,23.000000000000000,98.534098150000005,496.000000000000000,103,20.766128540000000,28333.000000000000000,33.575874329999998,0,76298.000000000000000,90.416542050000004,I, ,M,Yes,MI,2,Minority and income,152519.858930999995209,1836.998865680000108
"Block Group 1, Census Tract 1101.04, Suffolk County, Massachusetts",250251101041,N,Boston,820.000000000000000,313.000000000000000,61.829268290000002,202.000000000000000,10,4.950495240000000,47244.000000000000000,55.986251830000000,0,76298.000000000000000,90.416542050000004,I, ,M,Yes,MI,2,Minority and income,127637.693153000000166,1934.512358460000087
"Block Group 2, Census Tract 1101.04, Suffolk County, Massachusetts",250251101042,N,Boston,1357.000000000000000,120.000000000000000,91.156963890000000,407.000000000000000,121,29.729730610000001,57583.000000000000000,68.238433839999999,0,76298.000000000000000,90.416542050000004, ,E,M,Yes,ME,2,Minority and English isolation,174281.846116000000620,2494.468491579999863
"Block Group 1, Census Tract 1101.05, Suffolk County, Massachusetts",250251101051,N,Boston,2120.000000000000000,1233.000000000000000,41.839622640000002,1172.000000000000000,0,0.000000000000000,109412.000000000000000,129.658111569999988,0,76298.000000000000000,90.416542050000004, , ,M,Yes,M,1,Minority,348050.253505999979097,3001.222988739999892
"Block Group 2, Census Tract 1304.06, Suffolk County, Massachusetts",250251304062,N,Boston,2978.000000000000000,1178.000000000000000,60.443250499999998,1151.000000000000000,224,19.461338040000001,61524.000000000000000,72.908691410000003,0,76298.000000000000000,90.416542050000004, , ,M,Yes,M,1,Minority,650836.388106000027619,3777.631732889999967
"Block Group 4, Census Tract 1304.02, Suffolk County, Massachusetts",250251304024,N,Boston,1900.000000000000000,1269.000000000000000,33.210526320000000,1016.000000000000000,92,9.055118560000000,47275.000000000000000,56.022991179999998,0,76298.000000000000000,90.416542050000004,I, ,M,Yes,MI,2,Minority and income,950632.889122999971732,7307.779661049999959
"Block Group 2, Census Tract 1401.02, Suffolk County, Massachusetts",250251401022,N,Boston,1188.000000000000000,479.000000000000000,59.680134680000002,507.000000000000000,24,4.733727930000000,76422.000000000000000,90.563491819999996,0,76298.000000000000000,90.416542050000004, , ,M,Yes,M,1,Minority,607759.184707000036724,4171.168125680000230
"Block Group 2, Census Tract 1701.01, Suffolk County, Massachusetts",250251701012,N,Revere,1258.000000000000000,572.000000000000000,54.531001590000002,287.000000000000000,35,12.195121770000000,103036.000000000000000,122.102272029999995,0,68331.000000000000000,80.975288390000003, , ,M,Yes,M,1,Minority,221022.454694999993080,2720.743900519999897
"Block Group 3, Census Tract 1701.01, Suffolk County, Massachusetts",250251701013,N,Revere,856.000000000000000,363.000000000000000,57.593457940000000,257.000000000000000,0,0.000000000000000,135898.000000000000000,161.045211789999996,0,68331.000000000000000,80.975288390000003, , ,M,Yes,M,1,Minority,300998.841876999998931,4090.958985480000138
"Block Group 1, Census Tract 1701.02, Suffolk County, Massachusetts",250251701021,N,Revere,950.000000000000000,389.000000000000000,59.052631580000003,340.000000000000000,86,25.294116970000001,104186.000000000000000,123.465072629999995,0,68331.000000000000000,80.975288390000003, ,E,M,Yes,ME,2,Minority and English isolation,129658.522842999998829,2039.194246419999899
"Block Group 2, Census Tract 1701.02, Suffolk County, Massachusetts",250251701022,N,Revere,1423.000000000000000,586.000000000000000,58.819395640000003,319.000000000000000,0,0.000000000000000,84567.000000000000000,100.215675349999998,0,68331.000000000000000,80.975288390000003, , ,M,Yes,M,1,Minority,192367.680613000004087,2179.887642589999814
"Block Group 3, Census Tract 1701.02, Suffolk County, Massachusetts",250251701023,N,Revere,940.000000000000000,388.000000000000000,58.723404260000002,281.000000000000000,0,0.000000000000000,75548.000000000000000,89.527763370000002,0,68331.000000000000000,80.975288390000003, , ,M,Yes,M,1,Minority,157056.990090000006603,1641.198458909999999
"Block Group 4, Census Tract 1701.02, Suffolk County, Massachusetts",250251701024,N,Revere,1702.000000000000000,515.000000000000000,69.741480609999996,402.000000000000000,74,18.407960889999998,39107.000000000000000,45.556423189999997,1,68331.000000000000000,80.975288390000003,I, ,M,Yes,MI,2,Minority and income,205066.787180999992415,1925.865645820000054
"Block Group 1, Census Tract 7309.02, Worcester County, Massachusetts",250277309021,N,Worcester,2321.000000000000000,1708.000000000000000,26.411029729999999,353.000000000000000,0,0.000000000000000,98073.000000000000000,116.220893860000004,0,51647.000000000000000,61.204006200000002, , ,M,Yes,M,1,Minority,800526.154153999988921,3839.459413359999871
"Block Group 2, Census Tract 7310.02, Worcester County, Massachusetts",250277310022,N,Worcester,2272.000000000000000,957.000000000000000,57.878521130000003,1273.000000000000000,129,10.133543010000000,41745.000000000000000,49.469692230000000,0,51647.000000000000000,61.204006200000002,I, ,M,Yes,MI,2,Minority and income,1338501.837920000078157,8230.724025100000290
"Block Group 3, Census Tract 7311.02, Worcester County, Massachusetts",250277311023,N,Worcester,900.000000000000000,574.000000000000000,36.222222219999999,339.000000000000000,0,0.000000000000000,118750.000000000000000,140.724060059999999,0,51647.000000000000000,61.204006200000002, , ,M,Yes,M,1,Minority,226329.654483999998774,2461.334942070000125
"Block Group 2, Census Tract 7312.03, Worcester County, Massachusetts",250277312032,N,Worcester,1616.000000000000000,655.000000000000000,59.467821780000001,432.000000000000000,24,5.555555340000000,32567.000000000000000,38.593353270000001,0,51647.000000000000000,61.204006200000002,I, ,M,Yes,MI,2,Minority and income,175045.228364999988116,2183.896777349999866
"Block Group 5, Census Tract 7315, Worcester County, Massachusetts",250277315005,N,Worcester,1330.000000000000000,498.000000000000000,62.556390980000003,770.000000000000000,115,14.935065270000001,0.000000000000000,0.000000000000000,0,51647.000000000000000,61.204006200000002, , ,M,Yes,M,1,Minority,205685.910020000010263,2059.277168760000222
"Block Group 1, Census Tract 1101.06, Suffolk County, Massachusetts",250251101061,N,Boston,662.000000000000000,255.000000000000000,61.480362540000002,243.000000000000000,16,6.584362030000000,85341.000000000000000,101.132904049999993,0,76298.000000000000000,90.416542050000004, , ,M,Yes,M,1,Minority,105281.696670999997878,1711.208269319999999
"Block Group 2, Census Tract 1101.06, Suffolk County, Massachusetts",250251101062,N,Boston,694.000000000000000,455.000000000000000,34.438040350000001,584.000000000000000,0,0.000000000000000,83421.000000000000000,98.857620240000003,0,76298.000000000000000,90.416542050000004, , ,M,Yes,M,1,Minority,107369.627825000003213,1517.242912709999928
"Block Group 1, Census Tract 1102.01, Suffolk County, Massachusetts",250251102011,N,Boston,2091.000000000000000,339.000000000000000,83.787661409999998,905.000000000000000,117,12.928176880000001,55240.000000000000000,65.461868289999998,0,76298.000000000000000,90.416542050000004,I, ,M,Yes,MI,2,Minority and income,348187.132753000012599,3132.414596170000095
"Block Group 1, Census Tract 1103.01, Suffolk County, Massachusetts",250251103011,N,Boston,1137.000000000000000,253.000000000000000,77.748460859999994,480.000000000000000,47,9.791666980000000,68345.000000000000000,80.991882320000002,0,76298.000000000000000,90.416542050000004, , ,M,Yes,M,1,Minority,417046.282614999974612,3341.975506260000202
"Block Group 4, Census Tract 1401.02, Suffolk County, Massachusetts",250251401024,N,Boston,1519.000000000000000,418.000000000000000,72.481895980000004,523.000000000000000,18,3.441682580000000,108155.000000000000000,128.168518070000005,0,76298.000000000000000,90.416542050000004, , ,M,Yes,M,1,Minority,837623.383151000016369,4324.299792419999903
"Block Group 1, Census Tract 1401.05, Suffolk County, Massachusetts",250251401051,N,Boston,2353.000000000000000,1035.000000000000000,56.013599659999997,851.000000000000000,51,5.992949490000000,77316.000000000000000,91.622917180000002,0,76298.000000000000000,90.416542050000004, , ,M,Yes,M,1,Minority,730488.973745999974199,3578.514865510000163
"Block Group 2, Census Tract 1401.05, Suffolk County, Massachusetts",250251401052,N,Boston,1239.000000000000000,96.000000000000000,92.251815980000003,467.000000000000000,0,0.000000000000000,97390.000000000000000,115.411506650000007,0,76298.000000000000000,90.416542050000004, , ,M,Yes,M,1,Minority,278706.206558000005316,2352.799691960000018
"Block Group 1, Census Tract 1702, Suffolk County, Massachusetts",250251702001,N,Revere,1336.000000000000000,794.000000000000000,40.568862279999998,547.000000000000000,34,6.215722080000000,21378.000000000000000,25.333887099999998,0,68331.000000000000000,80.975288390000003,I, ,M,Yes,MI,2,Minority and income,292535.742663000011817,2579.472161220000089
"Block Group 2, Census Tract 1702, Suffolk County, Massachusetts",250251702002,N,Revere,1593.000000000000000,753.000000000000000,52.730696799999997,515.000000000000000,137,26.601942059999999,53393.000000000000000,63.273094180000001,0,68331.000000000000000,80.975288390000003,I,E,M,Yes,MIE,3,"Minority, income and English isolation",223530.956730000005336,2632.233780089999982
"Block Group 4, Census Tract 1702, Suffolk County, Massachusetts",250251702004,N,Revere,1572.000000000000000,917.000000000000000,41.666666669999998,421.000000000000000,6,1.425178170000000,45139.000000000000000,53.491733549999999,0,68331.000000000000000,80.975288390000003,I, ,M,Yes,MI,2,Minority and income,345972.940081999986432,2835.394630069999948
"Block Group 1, Census Tract 1706.01, Suffolk County, Massachusetts",250251706011,N,Revere,1747.000000000000000,739.000000000000000,57.698912419999999,442.000000000000000,105,23.755655290000000,56875.000000000000000,67.399421689999997,0,68331.000000000000000,80.975288390000003, , ,M,Yes,M,1,Minority,374567.139520999975502,2882.932399150000037
"Block Group 3, Census Tract 1706.01, Suffolk County, Massachusetts",250251706013,N,Revere,1609.000000000000000,644.000000000000000,59.975139839999997,366.000000000000000,46,12.568305970000001,79224.000000000000000,93.883987430000005,0,68331.000000000000000,80.975288390000003, , ,M,Yes,M,1,Minority,225111.666815000004135,2133.524103480000122
"Block Group 4, Census Tract 1706.01, Suffolk County, Massachusetts",250251706014,N,Revere,1172.000000000000000,511.000000000000000,56.399317410000002,365.000000000000000,69,18.904109949999999,53098.000000000000000,62.923503879999998,0,68331.000000000000000,80.975288390000003,I, ,M,Yes,MI,2,Minority and income,245626.281676999991760,2397.508904459999940
"Block Group 3, Census Tract 1707.02, Suffolk County, Massachusetts",250251707023,N,Revere,2015.000000000000000,409.000000000000000,79.702233250000006,351.000000000000000,36,10.256410600000001,49260.000000000000000,58.375305179999998,0,68331.000000000000000,80.975288390000003,I, ,M,Yes,MI,2,Minority and income,188428.426841000007698,2123.567470899999989
"Block Group 2, Census Tract 1103.01, Suffolk County, Massachusetts",250251103012,N,Boston,1363.000000000000000,769.000000000000000,43.580337489999998,525.000000000000000,40,7.619047640000000,103125.000000000000000,122.207740779999995,0,76298.000000000000000,90.416542050000004, , ,M,Yes,M,1,Minority,400829.460785000002943,3242.396840540000085
"Block Group 1, Census Tract 1104.01, Suffolk County, Massachusetts",250251104011,N,Boston,1967.000000000000000,446.000000000000000,77.325876969999996,801.000000000000000,250,31.210987090000000,64115.000000000000000,75.979141240000004,0,76298.000000000000000,90.416542050000004, ,E,M,Yes,ME,2,Minority and English isolation,214216.867682999989484,2165.209135279999828
"Block Group 1, Census Tract 1104.03, Suffolk County, Massachusetts",250251104031,N,Boston,945.000000000000000,269.000000000000000,71.534391529999994,550.000000000000000,124,22.545454029999998,52917.000000000000000,62.709011080000003,0,76298.000000000000000,90.416542050000004,I, ,M,Yes,MI,2,Minority and income,165965.174922000005608,1885.981657569999925
"Block Group 4, Census Tract 1104.03, Suffolk County, Massachusetts",250251104034,N,Boston,1014.000000000000000,622.000000000000000,38.658777120000003,395.000000000000000,31,7.848101140000000,132039.000000000000000,156.472122189999993,0,76298.000000000000000,90.416542050000004, , ,M,Yes,M,1,Minority,206579.568920999998227,2071.221552949999932
"Block Group 1, Census Tract 1401.06, Suffolk County, Massachusetts",250251401061,N,Boston,1465.000000000000000,268.000000000000000,81.706484639999999,696.000000000000000,79,11.350574490000000,53750.000000000000000,63.696155550000000,0,76298.000000000000000,90.416542050000004,I, ,M,Yes,MI,2,Minority and income,222574.056758999999147,2333.583140329999878
"Block Group 2, Census Tract 1401.06, Suffolk County, Massachusetts",250251401062,N,Boston,713.000000000000000,59.000000000000000,91.725105189999994,344.000000000000000,74,21.511627200000000,17500.000000000000000,20.738283160000002,0,76298.000000000000000,90.416542050000004,I, ,M,Yes,MI,2,Minority and income,59361.786127300001681,978.289440937999984
"Block Group 1, Census Tract 1401.07, Suffolk County, Massachusetts",250251401071,N,Boston,1976.000000000000000,549.000000000000000,72.216599189999997,809.000000000000000,116,14.338689799999999,78125.000000000000000,92.581619259999997,0,76298.000000000000000,90.416542050000004, , ,M,Yes,M,1,Minority,492598.338216000003740,4021.397870839999996
"Block Group 2, Census Tract 1401.07, Suffolk County, Massachusetts",250251401072,N,Boston,802.000000000000000,198.000000000000000,75.311720699999995,295.000000000000000,27,9.152542110000001,78047.000000000000000,92.489189150000001,0,76298.000000000000000,90.416542050000004, , ,M,Yes,M,1,Minority,134717.433732000004966,1654.182699069999899
"Block Group 1, Census Tract 1402.01, Suffolk County, Massachusetts",250251402011,N,Boston,1207.000000000000000,316.000000000000000,73.819386910000006,476.000000000000000,137,28.781513210000000,71806.000000000000000,85.093322749999999,0,76298.000000000000000,90.416542050000004, ,E,M,Yes,ME,2,Minority and English isolation,604651.891280999989249,5261.113071710000440
"Block Group 2, Census Tract 1402.01, Suffolk County, Massachusetts",250251402012,N,Boston,1104.000000000000000,451.000000000000000,59.148550720000003,494.000000000000000,3,0.607287470000000,109500.000000000000000,129.762405400000006,0,76298.000000000000000,90.416542050000004, , ,M,Yes,M,1,Minority,817348.550095999962650,4122.054839569999785
"Block Group 1, Census Tract 1703.01, Suffolk County, Massachusetts",250251703011,N,Revere,2795.000000000000000,1639.000000000000000,41.359570660000003,717.000000000000000,86,11.994421010000000,106756.000000000000000,126.510635379999997,0,68331.000000000000000,80.975288390000003, , ,M,Yes,M,1,Minority,864119.742434000014327,4542.071981850000157
"Block Group 2, Census Tract 1703.01, Suffolk County, Massachusetts",250251703012,N,Revere,1901.000000000000000,1089.000000000000000,42.714360859999999,481.000000000000000,29,6.029106140000000,76080.000000000000000,90.158203130000004,0,68331.000000000000000,80.975288390000003, , ,M,Yes,M,1,Minority,353491.886459000001196,2485.300827999999910
"Block Group 3, Census Tract 1703.01, Suffolk County, Massachusetts",250251703013,N,Revere,1503.000000000000000,785.000000000000000,47.771124420000000,597.000000000000000,19,3.182579520000000,73715.000000000000000,87.355575560000005,0,68331.000000000000000,80.975288390000003, , ,M,Yes,M,1,Minority,237345.301387999992585,2232.507300310000119
"Block Group 3, Census Tract 7096, Worcester County, Massachusetts",250277096003,N,Leominster,1037.000000000000000,400.000000000000000,61.427193830000000,363.000000000000000,33,9.090909000000000,52135.000000000000000,61.782306669999997,0,63119.000000000000000,74.798835749999995,I, ,M,Yes,MI,2,Minority and income,866490.827367000048980,7710.416302069999801
"Block Group 1, Census Tract 7097.02, Worcester County, Massachusetts",250277097021,N,Leominster,1235.000000000000000,859.000000000000000,30.445344129999999,496.000000000000000,7,1.411290290000000,72744.000000000000000,86.204895019999995,0,63119.000000000000000,74.798835749999995, , ,M,Yes,M,1,Minority,914593.348534999997355,4013.374213520000012
"Block Group 5, Census Tract 1104.03, Suffolk County, Massachusetts",250251104035,N,Boston,936.000000000000000,505.000000000000000,46.047008550000001,415.000000000000000,26,6.265060420000000,109676.000000000000000,129.970962520000000,0,76298.000000000000000,90.416542050000004, , ,M,Yes,M,1,Minority,215719.125058000005083,2313.279252280000037
"Block Group 1, Census Tract 1105.01, Suffolk County, Massachusetts",250251105011,N,Boston,844.000000000000000,555.000000000000000,34.241706160000000,364.000000000000000,23,6.318681240000000,102927.000000000000000,121.973098750000005,0,76298.000000000000000,90.416542050000004, , ,M,Yes,M,1,Minority,153996.441137999994680,1751.835131210000100
"Block Group 2, Census Tract 1105.01, Suffolk County, Massachusetts",250251105012,N,Boston,1542.000000000000000,1024.000000000000000,33.592736709999997,668.000000000000000,38,5.688622950000000,94250.000000000000000,111.690467830000003,0,76298.000000000000000,90.416542050000004, , ,M,Yes,M,1,Minority,331767.588952000020072,2540.976954109999951
"Block Group 1, Census Tract 1105.02, Suffolk County, Massachusetts",250251105021,N,Boston,1382.000000000000000,829.000000000000000,40.014471780000001,609.000000000000000,82,13.464695930000000,124313.000000000000000,147.316467289999991,0,76298.000000000000000,90.416542050000004, , ,M,Yes,M,1,Minority,223199.535336000000825,2313.856600139999955
"Block Group 2, Census Tract 1105.02, Suffolk County, Massachusetts",250251105022,N,Boston,1861.000000000000000,970.000000000000000,47.877485219999997,910.000000000000000,81,8.901099210000000,90197.000000000000000,106.887481690000001,0,76298.000000000000000,90.416542050000004, , ,M,Yes,M,1,Minority,312420.834930000011809,3049.224544229999992
"Block Group 1, Census Tract 1402.02, Suffolk County, Massachusetts",250251402021,N,Boston,971.000000000000000,238.000000000000000,75.489186410000002,338.000000000000000,33,9.763313289999999,84167.000000000000000,99.741661070000006,0,76298.000000000000000,90.416542050000004, , ,M,Yes,M,1,Minority,238134.817500000004657,2134.660250999999789
"Block Group 2, Census Tract 1402.02, Suffolk County, Massachusetts",250251402022,N,Boston,1428.000000000000000,238.000000000000000,83.333333330000002,553.000000000000000,72,13.019891740000000,41964.000000000000000,49.729217530000000,0,76298.000000000000000,90.416542050000004,I, ,M,Yes,MI,2,Minority and income,265336.586614000028931,2351.038675719999901
"Block Group 3, Census Tract 1402.02, Suffolk County, Massachusetts",250251402023,N,Boston,1120.000000000000000,500.000000000000000,55.357142860000003,363.000000000000000,62,17.079889300000001,102697.000000000000000,121.700538640000005,0,76298.000000000000000,90.416542050000004, , ,M,Yes,M,1,Minority,352820.249667000025511,2752.871715199999926
"Block Group 4, Census Tract 1402.02, Suffolk County, Massachusetts",250251402024,N,Boston,1535.000000000000000,587.000000000000000,61.758957649999999,628.000000000000000,36,5.732483860000000,99750.000000000000000,118.208213810000004,0,76298.000000000000000,90.416542050000004, , ,M,Yes,M,1,Minority,411653.655568999995012,2784.238334000000123
"Block Group 4, Census Tract 1703.01, Suffolk County, Massachusetts",250251703014,N,Revere,846.000000000000000,543.000000000000000,35.815602839999997,155.000000000000000,0,0.000000000000000,91563.000000000000000,106.663330079999994,1,68331.000000000000000,80.975288390000003, , ,M,Yes,M,1,Minority,128411.200312999993912,1568.536812800000007
"Block Group 1, Census Tract 1703.02, Suffolk County, Massachusetts",250251703021,N,Revere,1184.000000000000000,585.000000000000000,50.591216220000000,300.000000000000000,28,9.333333020000000,120446.000000000000000,142.733901980000013,0,68331.000000000000000,80.975288390000003, , ,M,Yes,M,1,Minority,731059.424635999952443,5087.503311139999823
"Block Group 2, Census Tract 1703.02, Suffolk County, Massachusetts",250251703022,N,Revere,1355.000000000000000,527.000000000000000,61.107011069999999,512.000000000000000,84,16.406250000000000,85865.000000000000000,100.025627139999997,1,68331.000000000000000,80.975288390000003, , ,M,Yes,M,1,Minority,197652.567654000013135,2210.724436699999842
"Block Group 3, Census Tract 1703.02, Suffolk County, Massachusetts",250251703023,N,Revere,1512.000000000000000,616.000000000000000,59.259259260000000,535.000000000000000,94,17.570093150000002,79120.000000000000000,93.760742190000002,0,68331.000000000000000,80.975288390000003, , ,M,Yes,M,1,Minority,1992605.822540000081062,8021.522899190000317
"Block Group 2, Census Tract 7317, Worcester County, Massachusetts",250277317002,N,Worcester,1559.000000000000000,840.000000000000000,46.119307249999999,233.000000000000000,27,11.587983130000000,34856.000000000000000,41.305919650000000,0,51647.000000000000000,61.204006200000002,I, ,M,Yes,MI,2,Minority and income,807431.582557999994606,3946.658053699999982
"Block Group 1, Census Tract 7319, Worcester County, Massachusetts",250277319001,N,Worcester,1195.000000000000000,373.000000000000000,68.786610879999998,340.000000000000000,65,19.117647170000001,33804.000000000000000,40.059253689999998,0,51647.000000000000000,61.204006200000002,I, ,M,Yes,MI,2,Minority and income,440595.407636000018101,4016.400714240000070
"Block Group 3, Census Tract 7319, Worcester County, Massachusetts",250277319003,N,Worcester,1001.000000000000000,255.000000000000000,74.525474529999997,194.000000000000000,34,17.525773999999998,43646.000000000000000,51.722461699999997,0,51647.000000000000000,61.204006200000002,I, ,M,Yes,MI,2,Minority and income,161513.670890999987023,1754.280204559999902
"Block Group 3, Census Tract 1105.02, Suffolk County, Massachusetts",250251105023,N,Boston,757.000000000000000,379.000000000000000,49.933949800000001,268.000000000000000,48,17.910448070000001,0.000000000000000,0.000000000000000,0,76298.000000000000000,90.416542050000004, , ,M,Yes,M,1,Minority,148632.257137000007788,2010.935509689999890
"Block Group 2, Census Tract 1106.07, Suffolk County, Massachusetts",250251106072,N,Boston,1600.000000000000000,1198.000000000000000,25.125000000000000,675.000000000000000,0,0.000000000000000,125347.000000000000000,148.541809080000007,0,76298.000000000000000,90.416542050000004, , ,M,Yes,M,1,Minority,315124.602658000017982,2568.134818529999848
"Block Group 2, Census Tract 1201.04, Suffolk County, Massachusetts",250251201042,N,Boston,1465.000000000000000,894.000000000000000,38.976109219999998,599.000000000000000,42,7.011686330000000,100331.000000000000000,118.896720889999997,0,76298.000000000000000,90.416542050000004, , ,M,Yes,M,1,Minority,302499.079544999985956,3290.530724929999906
"Block Group 5, Census Tract 1402.02, Suffolk County, Massachusetts",250251402025,N,Boston,770.000000000000000,447.000000000000000,41.948051950000000,279.000000000000000,0,0.000000000000000,131375.000000000000000,155.685256960000004,0,76298.000000000000000,90.416542050000004, , ,M,Yes,M,1,Minority,287667.754643000022043,2173.286023799999839
"Block Group 1, Census Tract 1403, Suffolk County, Massachusetts",250251403001,N,Boston,1036.000000000000000,148.000000000000000,85.714285709999999,502.000000000000000,84,16.733068469999999,88090.000000000000000,104.390594480000004,0,76298.000000000000000,90.416542050000004, , ,M,Yes,M,1,Minority,214722.182185999990907,2302.565595789999861
"Block Group 2, Census Tract 1403, Suffolk County, Massachusetts",250251403002,N,Boston,923.000000000000000,183.000000000000000,80.173347780000000,317.000000000000000,40,12.618296620000001,91681.000000000000000,108.646087649999998,0,76298.000000000000000,90.416542050000004, , ,M,Yes,M,1,Minority,247606.990721999987727,2334.831287229999816
"Block Group 4, Census Tract 1403, Suffolk County, Massachusetts",250251403004,N,Boston,753.000000000000000,108.000000000000000,85.657370520000001,209.000000000000000,0,0.000000000000000,150823.000000000000000,178.731994630000003,0,76298.000000000000000,90.416542050000004, , ,M,Yes,M,1,Minority,179277.680923000007169,1928.942561280000064
"Block Group 1, Census Tract 1404, Suffolk County, Massachusetts",250251404001,N,Boston,684.000000000000000,32.000000000000000,95.321637429999996,402.000000000000000,127,31.592039110000002,0.000000000000000,0.000000000000000,0,76298.000000000000000,90.416542050000004, ,E,M,Yes,ME,2,Minority and English isolation,74465.116673800002900,1219.165143649999891
"Block Group 5, Census Tract 1704, Suffolk County, Massachusetts",250251704005,N,Revere,1294.000000000000000,569.000000000000000,56.027820710000000,464.000000000000000,106,22.844827649999999,105875.000000000000000,125.466613769999995,0,68331.000000000000000,80.975288390000003, , ,M,Yes,M,1,Minority,230340.024035000009462,3243.110643510000045
"Block Group 2, Census Tract 1705.02, Suffolk County, Massachusetts",250251705022,N,Revere,1424.000000000000000,934.000000000000000,34.410112359999999,613.000000000000000,54,8.809135440000000,28018.000000000000000,33.202583310000001,0,68331.000000000000000,80.975288390000003,I, ,M,Yes,MI,2,Minority and income,767877.868301999988034,3731.926514199999929
"Block Group 3, Census Tract 1705.02, Suffolk County, Massachusetts",250251705023,N,Revere,861.000000000000000,517.000000000000000,39.953542390000003,267.000000000000000,0,0.000000000000000,35515.000000000000000,41.372039790000002,1,68331.000000000000000,80.975288390000003,I, ,M,Yes,MI,2,Minority and income,861320.242805000045337,4467.100658409999596
"Block Group 1, Census Tract 1705.03, Suffolk County, Massachusetts",250251705031,N,Revere,1698.000000000000000,958.000000000000000,43.580683160000000,621.000000000000000,30,4.830917840000000,70197.000000000000000,83.186584470000000,0,68331.000000000000000,80.975288390000003, , ,M,Yes,M,1,Minority,544211.388833999983035,3430.012555620000057
"Block Group 3, Census Tract 7262, Worcester County, Massachusetts",250277262003,N,Spencer,1800.000000000000000,1426.000000000000000,20.777777780000001,754.000000000000000,0,0.000000000000000,37448.000000000000000,44.377555850000000,0,70265.000000000000000,83.267166140000000,I, , ,Yes,I,1,Income,971184.158836000016890,4362.691899780000313
"Block Group 1, Census Tract 7302, Worcester County, Massachusetts",250277302001,N,Worcester,1247.000000000000000,797.000000000000000,36.086607860000001,423.000000000000000,0,0.000000000000000,107574.000000000000000,127.480003359999998,0,51647.000000000000000,61.204006200000002, , ,M,Yes,M,1,Minority,1882354.335999999893829,6478.316163079999569
"Block Group 2, Census Tract 1201.05, Suffolk County, Massachusetts",250251201052,N,Boston,1013.000000000000000,739.000000000000000,27.048371169999999,390.000000000000000,0,0.000000000000000,162500.000000000000000,192.569763179999995,0,76298.000000000000000,90.416542050000004, , ,M,Yes,M,1,Minority,524107.069183000014164,3997.219478349999918
"Block Group 1, Census Tract 1202.01, Suffolk County, Massachusetts",250251202011,N,Boston,1287.000000000000000,871.000000000000000,32.323232320000002,730.000000000000000,59,8.082191470000000,98598.000000000000000,116.843040470000005,0,76298.000000000000000,90.416542050000004, , ,M,Yes,M,1,Minority,150695.203428000007989,1771.404853409999987
"Block Group 3, Census Tract 1202.01, Suffolk County, Massachusetts",250251202013,N,Boston,1201.000000000000000,621.000000000000000,48.293089090000002,373.000000000000000,0,0.000000000000000,117250.000000000000000,138.946502689999988,0,76298.000000000000000,90.416542050000004, , ,M,Yes,M,1,Minority,237695.563331999990623,2065.238309819999813
"Block Group 2, Census Tract 1404, Suffolk County, Massachusetts",250251404002,N,Boston,1028.000000000000000,22.000000000000000,97.859922179999998,260.000000000000000,0,0.000000000000000,67688.000000000000000,80.213310239999998,0,76298.000000000000000,90.416542050000004, , ,M,Yes,M,1,Minority,191008.064931000000797,1784.297703810000030
"Block Group 3, Census Tract 1404, Suffolk County, Massachusetts",250251404003,N,Boston,1008.000000000000000,52.000000000000000,94.841269839999995,256.000000000000000,0,0.000000000000000,96756.000000000000000,114.660186769999996,0,76298.000000000000000,90.416542050000004, , ,M,Yes,M,1,Minority,250991.537631999992300,2352.784716520000075
"Block Group 4, Census Tract 1404, Suffolk County, Massachusetts",250251404004,N,Boston,811.000000000000000,19.000000000000000,97.657213319999997,244.000000000000000,0,0.000000000000000,33932.000000000000000,40.210937500000000,0,76298.000000000000000,90.416542050000004,I, ,M,Yes,MI,2,Minority and income,150294.766314000007696,1778.520060699999931
"Block Group 5, Census Tract 1404, Suffolk County, Massachusetts",250251404005,N,Boston,1520.000000000000000,54.000000000000000,96.447368420000004,404.000000000000000,0,0.000000000000000,76029.000000000000000,90.097763060000005,0,76298.000000000000000,90.416542050000004, , ,M,Yes,M,1,Minority,269997.996716999972705,2491.395362979999845
"Block Group 1, Census Tract 1705.04, Suffolk County, Massachusetts",250251705041,N,Revere,2105.000000000000000,1072.000000000000000,49.073634200000001,641.000000000000000,135,21.060842510000001,90540.000000000000000,107.293952939999997,0,68331.000000000000000,80.975288390000003, , ,M,Yes,M,1,Minority,721767.440547000034712,3654.983926490000158
"Block Group 2, Census Tract 1705.04, Suffolk County, Massachusetts",250251705042,N,Revere,1052.000000000000000,441.000000000000000,58.079847909999998,304.000000000000000,18,5.921052460000000,76574.000000000000000,90.743614199999996,0,68331.000000000000000,80.975288390000003, , ,M,Yes,M,1,Minority,268463.148089000023901,2699.917652120000184
"Block Group 2, Census Tract 1706.01, Suffolk County, Massachusetts",250251706012,N,Revere,1719.000000000000000,664.000000000000000,61.372891220000000,426.000000000000000,11,2.582159520000000,117436.000000000000000,139.166915890000013,0,68331.000000000000000,80.975288390000003, , ,M,Yes,M,1,Minority,528401.570044000050984,4116.933216200000061
"Block Group 2, Census Tract 7097.02, Worcester County, Massachusetts",250277097022,N,Leominster,1261.000000000000000,789.000000000000000,37.430610629999997,447.000000000000000,0,0.000000000000000,51736.000000000000000,61.309474950000002,0,63119.000000000000000,74.798835749999995,I, ,M,Yes,MI,2,Minority and income,375585.474856999993790,2714.023978199999874
"Block Group 1, Census Tract 7101, Worcester County, Massachusetts",250277101001,N,Fitchburg,1360.000000000000000,689.000000000000000,49.338235290000000,430.000000000000000,31,7.209302430000000,64597.000000000000000,76.550331119999996,0,54683.000000000000000,64.801803590000006, , ,M,Yes,M,1,Minority,1679494.049880000064149,9145.328630320000229
"Block Group 2, Census Tract 1203.01, Suffolk County, Massachusetts",250251203012,N,Boston,1016.000000000000000,349.000000000000000,65.649606300000002,401.000000000000000,40,9.975062370000000,65758.000000000000000,77.926170350000007,0,76298.000000000000000,90.416542050000004, , ,M,Yes,M,1,Minority,81441.872229700005846,1213.502735020000046
"Block Group 3, Census Tract 1203.01, Suffolk County, Massachusetts",250251203013,N,Boston,1527.000000000000000,784.000000000000000,48.657498359999998,647.000000000000000,66,10.200927730000000,104583.000000000000000,123.935531620000006,0,76298.000000000000000,90.416542050000004, , ,M,Yes,M,1,Minority,199565.043360999989090,2088.727580939999825
"Block Group 4, Census Tract 1203.01, Suffolk County, Massachusetts",250251203014,N,Boston,1365.000000000000000,671.000000000000000,50.842490840000004,644.000000000000000,9,1.397515540000000,92679.000000000000000,109.828758239999999,0,76298.000000000000000,90.416542050000004, , ,M,Yes,M,1,Minority,234884.937142000009771,2118.630306279999786
"Block Group 3, Census Tract 1205, Suffolk County, Massachusetts",250251205003,N,Boston,742.000000000000000,265.000000000000000,64.285714290000001,285.000000000000000,42,14.736842160000000,72344.000000000000000,85.730873110000005,0,76298.000000000000000,90.416542050000004, , ,M,Yes,M,1,Minority,53263.894784199997957,958.051918342000022
"Block Group 1, Census Tract 1206, Suffolk County, Massachusetts",250251206001,N,Boston,910.000000000000000,625.000000000000000,31.318681320000000,421.000000000000000,0,0.000000000000000,145568.000000000000000,172.504592900000006,0,76298.000000000000000,90.416542050000004, , ,M,Yes,M,1,Minority,91784.368065100003150,1341.163366949999954
"Block Group 6, Census Tract 1404, Suffolk County, Massachusetts",250251404006,N,Boston,1645.000000000000000,131.000000000000000,92.036474159999997,1001.000000000000000,186,18.581418990000000,76226.000000000000000,90.331222530000005,0,76298.000000000000000,90.416542050000004, , ,M,Yes,M,1,Minority,694757.218859000015073,3786.289093649999813
"Block Group 7, Census Tract 1404, Suffolk County, Massachusetts",250251404007,N,Boston,1163.000000000000000,183.000000000000000,84.264832330000004,524.000000000000000,33,6.297709940000000,90167.000000000000000,106.851928709999996,0,76298.000000000000000,90.416542050000004, , ,M,Yes,M,1,Minority,254547.092055999994045,2767.382766449999963
"Block Group 1, Census Tract 1601.02, Suffolk County, Massachusetts",250251601021,N,Chelsea,798.000000000000000,163.000000000000000,79.573934840000007,421.000000000000000,108,25.653205870000001,59201.000000000000000,70.155830379999998,0,60370.000000000000000,71.541152949999997, ,E,M,Yes,ME,2,Minority and English isolation,53013.580329700002039,1153.771944209999901
"Block Group 2, Census Tract 1601.02, Suffolk County, Massachusetts",250251601022,N,Chelsea,1613.000000000000000,71.000000000000000,95.598264099999994,318.000000000000000,125,39.308177950000001,63469.000000000000000,75.213607789999998,0,60370.000000000000000,71.541152949999997, ,E,M,Yes,ME,2,Minority and English isolation,61526.477010100003099,1408.043256850000034
"Block Group 3, Census Tract 1601.02, Suffolk County, Massachusetts",250251601023,N,Chelsea,864.000000000000000,89.000000000000000,89.699074069999995,349.000000000000000,26,7.449856760000000,81313.000000000000000,96.359542849999997,0,60370.000000000000000,71.541152949999997, , ,M,Yes,M,1,Minority,48142.471874299997580,1034.403964459999997
"Block Group 2, Census Tract 1707.01, Suffolk County, Massachusetts",250251707012,N,Revere,1521.000000000000000,678.000000000000000,55.424063120000000,497.000000000000000,88,17.706237789999999,63688.000000000000000,75.473129270000001,0,68331.000000000000000,80.975288390000003, , ,M,Yes,M,1,Minority,417730.703916000027675,3088.085334519999833
"Block Group 1, Census Tract 1707.02, Suffolk County, Massachusetts",250251707021,N,Revere,1242.000000000000000,247.000000000000000,80.112721420000000,233.000000000000000,72,30.901287079999999,27083.000000000000000,32.094566350000001,0,68331.000000000000000,80.975288390000003,I,E,M,Yes,MIE,3,"Minority, income and English isolation",64730.126145499998529,1264.341667109999889
"Block Group 2, Census Tract 1707.02, Suffolk County, Massachusetts",250251707022,N,Revere,1867.000000000000000,526.000000000000000,71.826459560000004,419.000000000000000,86,20.525058749999999,54911.000000000000000,65.071990970000002,0,68331.000000000000000,80.975288390000003,I, ,M,Yes,MI,2,Minority and income,167956.523871999990661,2146.401077359999817
"Block Group 4, Census Tract 1707.02, Suffolk County, Massachusetts",250251707024,N,Revere,1282.000000000000000,326.000000000000000,74.570982839999999,480.000000000000000,156,32.500000000000000,65802.000000000000000,77.978317259999997,0,68331.000000000000000,80.975288390000003, ,E,M,Yes,ME,2,Minority and English isolation,169746.302373000013176,1883.811828339999920
"Block Group 1, Census Tract 7320.01, Worcester County, Massachusetts",250277320011,N,Worcester,1874.000000000000000,278.000000000000000,85.165421559999999,581.000000000000000,296,50.946643829999999,15718.000000000000000,18.626533510000002,0,51647.000000000000000,61.204006200000002,I,E,M,Yes,MIE,3,"Minority, income and English isolation",654733.070212000049651,3947.024464539999826
"Block Group 3, Census Tract 1606.02, Suffolk County, Massachusetts",250251606023,N,Chelsea,1125.000000000000000,390.000000000000000,65.333333330000002,318.000000000000000,67,21.069181440000001,91990.000000000000000,109.012268070000005,0,60370.000000000000000,71.541152949999997, , ,M,Yes,M,1,Minority,157786.441893999988679,1725.402185099999997
"Block Group 3, Census Tract 1702, Suffolk County, Massachusetts",250251702003,N,Revere,804.000000000000000,342.000000000000000,57.462686570000002,261.000000000000000,59,22.605363850000000,49320.000000000000000,58.446407319999999,0,68331.000000000000000,80.975288390000003,I, ,M,Yes,MI,2,Minority and income,136444.814847000001464,1912.887321899999961
"Block Group 1, Census Tract 1704, Suffolk County, Massachusetts",250251704001,N,Revere,1398.000000000000000,654.000000000000000,53.218884119999998,290.000000000000000,6,2.068965440000000,72500.000000000000000,85.915740970000002,0,68331.000000000000000,80.975288390000003, , ,M,Yes,M,1,Minority,1608514.511239999905229,5720.089045830000032
"Block Group 2, Census Tract 1206, Suffolk County, Massachusetts",250251206002,N,Boston,850.000000000000000,624.000000000000000,26.588235290000000,392.000000000000000,0,0.000000000000000,110000.000000000000000,130.354919429999995,0,76298.000000000000000,90.416542050000004, , ,M,Yes,M,1,Minority,78221.667752699999255,1268.631344630000058
"Block Group 3, Census Tract 1206, Suffolk County, Massachusetts",250251206003,N,Boston,806.000000000000000,603.000000000000000,25.186104220000001,323.000000000000000,0,0.000000000000000,169125.000000000000000,200.420684810000012,0,76298.000000000000000,90.416542050000004, , ,M,Yes,M,1,Minority,87273.200446300004842,1299.802595019999899
"Block Group 1, Census Tract 1207, Suffolk County, Massachusetts",250251207001,N,Boston,1000.000000000000000,531.000000000000000,46.899999999999999,346.000000000000000,19,5.491329670000000,100000.000000000000000,118.504470830000002,0,76298.000000000000000,90.416542050000004, , ,M,Yes,M,1,Minority,228176.608214000007138,2512.479851619999863
"Block Group 1, Census Tract 1301.01, Suffolk County, Massachusetts",250251301011,N,Boston,1528.000000000000000,976.000000000000000,36.125654449999999,870.000000000000000,37,4.252873420000000,105867.000000000000000,125.457130430000007,0,76298.000000000000000,90.416542050000004, , ,M,Yes,M,1,Minority,747186.977348000044003,3671.516327679999904
"Block Group 4, Census Tract 1601.02, Suffolk County, Massachusetts",250251601024,N,Chelsea,548.000000000000000,62.000000000000000,88.686131390000000,135.000000000000000,46,34.074073790000000,25451.000000000000000,30.160573960000001,0,60370.000000000000000,71.541152949999997,I,E,M,Yes,MIE,3,"Minority, income and English isolation",62667.435912900000403,1316.867323169999963
"Block Group 1, Census Tract 1601.03, Suffolk County, Massachusetts",250251601031,N,Chelsea,1599.000000000000000,128.000000000000000,91.994996869999994,373.000000000000000,151,40.482574460000002,0.000000000000000,0.000000000000000,0,60370.000000000000000,71.541152949999997, ,E,M,Yes,ME,2,Minority and English isolation,80327.921461200006888,1130.813561050000089
"Block Group 2, Census Tract 1601.03, Suffolk County, Massachusetts",250251601032,N,Chelsea,1081.000000000000000,72.000000000000000,93.339500459999996,252.000000000000000,171,67.857139590000003,69713.000000000000000,82.613021849999996,0,60370.000000000000000,71.541152949999997, ,E,M,Yes,ME,2,Minority and English isolation,75846.394338199999765,1107.492284509999990
"Block Group 3, Census Tract 1601.03, Suffolk County, Massachusetts",250251601033,N,Chelsea,994.000000000000000,241.000000000000000,75.754527159999995,326.000000000000000,46,14.110429760000001,65865.000000000000000,78.052970889999997,0,60370.000000000000000,71.541152949999997, , ,M,Yes,M,1,Minority,89242.101798599993344,1476.716051670000070
"Block Group 4, Census Tract 1601.03, Suffolk County, Massachusetts",250251601034,N,Chelsea,972.000000000000000,241.000000000000000,75.205761319999993,226.000000000000000,73,32.300884250000003,198000.000000000000000,234.638854979999991,0,60370.000000000000000,71.541152949999997, ,E,M,Yes,ME,2,Minority and English isolation,286070.580167000007350,2226.804228489999787
"Block Group 1, Census Tract 1602, Suffolk County, Massachusetts",250251602001,N,Chelsea,1393.000000000000000,102.000000000000000,92.677674080000003,359.000000000000000,164,45.682453160000001,61679.000000000000000,73.092376709999996,0,60370.000000000000000,71.541152949999997, ,E,M,Yes,ME,2,Minority and English isolation,60962.522347199999786,1193.524553319999995
"Block Group 2, Census Tract 1602, Suffolk County, Massachusetts",250251602002,N,Chelsea,1063.000000000000000,65.000000000000000,93.885230480000004,273.000000000000000,161,58.974357599999998,40450.000000000000000,47.935058589999997,0,60370.000000000000000,71.541152949999997,I,E,M,Yes,MIE,3,"Minority, income and English isolation",50014.567073600002914,1070.197948750000023
"Block Group 3, Census Tract 1602, Suffolk County, Massachusetts",250251602003,N,Chelsea,852.000000000000000,79.000000000000000,90.727699529999995,283.000000000000000,138,48.763252260000002,58688.000000000000000,69.547904970000005,0,60370.000000000000000,71.541152949999997, ,E,M,Yes,ME,2,Minority and English isolation,52321.213431299998774,928.838347348999946
"Block Group 1, Census Tract 1708, Suffolk County, Massachusetts",250251708001,N,Revere,1974.000000000000000,937.000000000000000,52.532928060000003,782.000000000000000,154,19.693094250000001,65455.000000000000000,77.567100519999997,0,68331.000000000000000,80.975288390000003, , ,M,Yes,M,1,Minority,680629.726537000038661,4108.237553910000315
"Block Group 4, Census Tract 1801.01, Suffolk County, Massachusetts",250251801014,N,Winthrop,2320.000000000000000,1656.000000000000000,28.620689660000000,634.000000000000000,40,6.309148310000000,75941.000000000000000,89.993484499999994,0,76996.000000000000000,91.243705750000004, , ,M,Yes,M,1,Minority,247760.365864999999758,2341.014784469999995
"Block Group 1, Census Tract 1802, Suffolk County, Massachusetts",250251802001,N,Winthrop,1429.000000000000000,1055.000000000000000,26.172148360000001,499.000000000000000,0,0.000000000000000,87194.000000000000000,103.328788759999995,0,76996.000000000000000,91.243705750000004, , ,M,Yes,M,1,Minority,457934.940853999985848,3354.229460439999912
"Block Group 2, Census Tract 1802, Suffolk County, Massachusetts",250251802002,N,Winthrop,749.000000000000000,612.000000000000000,18.291054740000000,252.000000000000000,8,3.174603220000000,53587.000000000000000,63.502990720000000,0,76996.000000000000000,91.243705750000004,I, , ,Yes,I,1,Income,187030.247261000011349,2090.857431800000086
"Block Group 3, Census Tract 7304.01, Worcester County, Massachusetts",250277304013,N,Worcester,2089.000000000000000,513.000000000000000,75.442795599999997,861.000000000000000,164,19.047618870000001,31365.000000000000000,37.168926239999998,0,51647.000000000000000,61.204006200000002,I, ,M,Yes,MI,2,Minority and income,501730.058172999997623,3768.122569980000208
"Block Group 2, Census Tract 7304.02, Worcester County, Massachusetts",250277304022,N,Worcester,1044.000000000000000,317.000000000000000,69.636015330000006,242.000000000000000,34,14.049587250000000,61607.000000000000000,73.007049559999999,0,51647.000000000000000,61.204006200000002, , ,M,Yes,M,1,Minority,175534.368928000010783,2457.830949470000178
"Block Group 1, Census Tract 1010.02, Suffolk County, Massachusetts",250251010021,N,Boston,1034.000000000000000,55.000000000000000,94.680851059999995,315.000000000000000,12,3.809523820000000,19460.000000000000000,23.060970309999998,0,76298.000000000000000,90.416542050000004,I, ,M,Yes,MI,2,Minority and income,192883.341625000000931,2311.249643829999968
"Block Group 2, Census Tract 1010.02, Suffolk County, Massachusetts",250251010022,N,Boston,2580.000000000000000,106.000000000000000,95.891472870000001,1096.000000000000000,107,9.762773510000001,43100.000000000000000,51.075428010000003,0,76298.000000000000000,90.416542050000004,I, ,M,Yes,MI,2,Minority and income,545097.490683999960311,3774.682750689999921
"Block Group 3, Census Tract 1010.02, Suffolk County, Massachusetts",250251010023,N,Boston,2098.000000000000000,34.000000000000000,98.379408960000006,917.000000000000000,94,10.250818250000000,58219.000000000000000,68.992118840000003,0,76298.000000000000000,90.416542050000004, , ,M,Yes,M,1,Minority,431505.418775000027381,4265.468683330000204
"Block Group 4, Census Tract 1602, Suffolk County, Massachusetts",250251602004,N,Chelsea,846.000000000000000,147.000000000000000,82.624113480000005,282.000000000000000,61,21.631206509999998,51827.000000000000000,61.417312619999997,0,60370.000000000000000,71.541152949999997,I, ,M,Yes,MI,2,Minority and income,58837.063300599998911,985.776707192000003
"Block Group 1, Census Tract 1603, Suffolk County, Massachusetts",250251603001,N,Chelsea,728.000000000000000,372.000000000000000,48.901098900000001,331.000000000000000,68,20.543806080000000,78427.000000000000000,92.939506530000003,0,60370.000000000000000,71.541152949999997, , ,M,Yes,M,1,Minority,320610.096514999982901,3605.288432379999904
"Block Group 3, Census Tract 1604, Suffolk County, Massachusetts",250251604003,N,Chelsea,890.000000000000000,489.000000000000000,45.056179780000001,439.000000000000000,28,6.378132340000000,105880.000000000000000,125.472534179999997,0,60370.000000000000000,71.541152949999997, , ,M,Yes,M,1,Minority,336727.672473000013269,2909.834193440000035
"Block Group 4, Census Tract 1604, Suffolk County, Massachusetts",250251604004,N,Chelsea,848.000000000000000,86.000000000000000,89.858490570000001,389.000000000000000,87,22.365037919999999,25125.000000000000000,29.774248119999999,0,60370.000000000000000,71.541152949999997,I, ,M,Yes,MI,2,Minority and income,77911.317095000005793,1515.972212030000037
"Block Group 1, Census Tract 1605.01, Suffolk County, Massachusetts",250251605011,N,Chelsea,2159.000000000000000,208.000000000000000,90.365910139999997,517.000000000000000,72,13.926499370000000,75156.000000000000000,89.063224790000007,0,60370.000000000000000,71.541152949999997, , ,M,Yes,M,1,Minority,136190.577289999986533,1541.518826649999937
"Block Group 2, Census Tract 1605.01, Suffolk County, Massachusetts",250251605012,N,Chelsea,1338.000000000000000,182.000000000000000,86.397608370000000,328.000000000000000,27,8.231707569999999,47188.000000000000000,55.919891360000001,0,60370.000000000000000,71.541152949999997,I, ,M,Yes,MI,2,Minority and income,110959.284794000006514,1632.035526180000033
"Block Group 3, Census Tract 1802, Suffolk County, Massachusetts",250251802003,N,Winthrop,695.000000000000000,550.000000000000000,20.863309350000002,337.000000000000000,0,0.000000000000000,52118.000000000000000,61.762161249999998,0,76996.000000000000000,91.243705750000004,I, , ,Yes,I,1,Income,244206.764171999995597,2551.861978280000130
"Block Group 1, Census Tract 1805, Suffolk County, Massachusetts",250251805001,N,Winthrop,1277.000000000000000,924.000000000000000,27.642913080000000,679.000000000000000,0,0.000000000000000,64375.000000000000000,76.287254329999996,0,76996.000000000000000,91.243705750000004, , ,M,Yes,M,1,Minority,391241.182004000002053,2449.915813680000156
"Block Group 3, Census Tract 1805, Suffolk County, Massachusetts",250251805003,N,Winthrop,1244.000000000000000,859.000000000000000,30.948553050000001,469.000000000000000,44,9.381663319999999,72292.000000000000000,85.669250489999996,0,76996.000000000000000,91.243705750000004, , ,M,Yes,M,1,Minority,695161.486954999971204,3729.869562200000018
"Block Group 1, Census Tract 9803, Suffolk County, Massachusetts",250259803001,N,Boston,113.000000000000000,42.000000000000000,62.831858410000002,0.000000000000000,0,0.000000000000000,0.000000000000000,0.000000000000000,0,76298.000000000000000,90.416542050000004, , ,M,Yes,M,1,Minority,2108697.826900000218302,6370.567585800000415
"Block Group 1, Census Tract 9809, Suffolk County, Massachusetts",250259809001,N,Newton,125.000000000000000,72.000000000000000,42.399999999999999,0.000000000000000,0,0.000000000000000,117824.000000000000000,137.255218509999992,1,154398.000000000000000,182.968536379999989, , ,M,Yes,M,1,Minority,1724082.878250000067055,5407.527404729999944
"Block Group 4, Census Tract 7102, Worcester County, Massachusetts",250277102004,N,Fitchburg,1117.000000000000000,517.000000000000000,53.715308860000000,402.000000000000000,17,4.228855610000000,40577.000000000000000,48.085559840000002,0,54683.000000000000000,64.801803590000006,I, ,M,Yes,MI,2,Minority and income,696535.225624999962747,4514.918610570000055
"Block Group 1, Census Tract 7105, Worcester County, Massachusetts",250277105001,N,Fitchburg,1035.000000000000000,437.000000000000000,57.777777780000001,399.000000000000000,23,5.764410970000000,54750.000000000000000,64.881202700000003,0,54683.000000000000000,64.801803590000006,I, ,M,Yes,MI,2,Minority and income,300031.202072000014596,3189.441994379999869
"Block Group 3, Census Tract 7105, Worcester County, Massachusetts",250277105003,N,Fitchburg,943.000000000000000,467.000000000000000,50.477200420000003,360.000000000000000,0,0.000000000000000,52200.000000000000000,61.859336849999998,0,54683.000000000000000,64.801803590000006,I, ,M,Yes,MI,2,Minority and income,404298.821820000011940,3238.324554669999998
"Block Group 2, Census Tract 1011.01, Suffolk County, Massachusetts",250251011012,N,Boston,1456.000000000000000,37.000000000000000,97.458791210000001,422.000000000000000,47,11.137440679999999,50441.000000000000000,59.774841309999999,0,76298.000000000000000,90.416542050000004,I, ,M,Yes,MI,2,Minority and income,169589.016731000010623,2470.442577440000150
"Block Group 3, Census Tract 1011.01, Suffolk County, Massachusetts",250251011013,N,Boston,1033.000000000000000,46.000000000000000,95.546950629999998,401.000000000000000,0,0.000000000000000,36033.000000000000000,42.700717930000003,0,76298.000000000000000,90.416542050000004,I, ,M,Yes,MI,2,Minority and income,275882.618360000022221,2992.869429719999971
"Block Group 2, Census Tract 1104.01, Suffolk County, Massachusetts",250251104012,N,Boston,1658.000000000000000,836.000000000000000,49.577804579999999,688.000000000000000,12,1.744186040000000,124583.000000000000000,147.636428830000000,0,76298.000000000000000,90.416542050000004, , ,M,Yes,M,1,Minority,308708.555530000012368,2603.856394899999941
"Block Group 2, Census Tract 1104.03, Suffolk County, Massachusetts",250251104032,N,Boston,811.000000000000000,454.000000000000000,44.019728729999997,354.000000000000000,0,0.000000000000000,120938.000000000000000,143.316940310000007,0,76298.000000000000000,90.416542050000004, , ,M,Yes,M,1,Minority,201457.343610000010813,2082.731507890000103
"Block Group 1, Census Tract 8.06, Suffolk County, Massachusetts",250250008061,N,Boston,53.000000000000000,26.000000000000000,50.943396229999998,57.000000000000000,0,0.000000000000000,54821.000000000000000,63.861934660000003,1,76298.000000000000000,90.416542050000004,I, ,M,Yes,MI,2,Minority and income,168331.313434000010602,1691.186050799999975
"Block Group 1, Census Tract 101.03, Suffolk County, Massachusetts",250250101031,N,Boston,2126.000000000000000,1176.000000000000000,44.684854190000003,297.000000000000000,102,34.343433380000000,32572.000000000000000,38.599277499999999,0,76298.000000000000000,90.416542050000004,I,E,M,Yes,MIE,3,"Minority, income and English isolation",101359.393408999996609,1774.573814809999931
"Block Group 3, Census Tract 101.03, Suffolk County, Massachusetts",250250101033,N,Boston,1371.000000000000000,858.000000000000000,37.417943110000003,64.000000000000000,6,9.375000000000000,0.000000000000000,0.000000000000000,0,76298.000000000000000,90.416542050000004, , ,M,Yes,M,1,Minority,145001.941552000003867,2187.324576880000222
"Block Group 2, Census Tract 101.04, Suffolk County, Massachusetts",250250101042,N,Boston,2503.000000000000000,1504.000000000000000,39.912105470000000,469.000000000000000,11,2.345415830000000,95139.000000000000000,112.743972779999993,0,76298.000000000000000,90.416542050000004, , ,M,Yes,M,1,Minority,84279.774473400000716,1683.883647849999988
"Block Group 1, Census Tract 102.04, Suffolk County, Massachusetts",250250102041,N,Boston,1131.000000000000000,435.000000000000000,61.538461540000000,201.000000000000000,27,13.432835580000001,33657.000000000000000,39.885051730000001,0,76298.000000000000000,90.416542050000004,I, ,M,Yes,MI,2,Minority and income,39810.848624500002188,1129.079171800000040
"Block Group 2, Census Tract 102.04, Suffolk County, Massachusetts",250250102042,N,Boston,1344.000000000000000,720.000000000000000,46.428571429999998,444.000000000000000,11,2.477477550000000,82000.000000000000000,97.173667910000006,0,76298.000000000000000,90.416542050000004, , ,M,Yes,M,1,Minority,68307.280326299995068,1268.588675949999924
"Block Group 3, Census Tract 102.04, Suffolk County, Massachusetts",250250102043,N,Boston,968.000000000000000,535.000000000000000,44.731404959999999,392.000000000000000,45,11.479591370000000,34167.000000000000000,40.489421839999999,0,76298.000000000000000,90.416542050000004,I, ,M,Yes,MI,2,Minority and income,145878.800183999992441,1679.621975349999957
"Block Group 1, Census Tract 102.05, Suffolk County, Massachusetts",250250102051,N,Boston,1260.000000000000000,618.000000000000000,50.952380949999998,765.000000000000000,117,15.294117930000001,68750.000000000000000,80.088066100000006,1,76298.000000000000000,90.416542050000004, , ,M,Yes,M,1,Minority,45370.012554599998111,883.402855986999953
"Block Group 2, Census Tract 102.05, Suffolk County, Massachusetts",250250102052,N,Boston,920.000000000000000,441.000000000000000,52.065217390000001,663.000000000000000,0,0.000000000000000,81020.000000000000000,96.012321470000003,0,76298.000000000000000,90.416542050000004, , ,M,Yes,M,1,Minority,40459.176093900001433,851.819673392000027
"Block Group 3, Census Tract 102.05, Suffolk County, Massachusetts",250250102053,N,Boston,1644.000000000000000,747.000000000000000,54.562043799999998,430.000000000000000,9,2.093023300000000,37719.000000000000000,43.939517969999997,1,76298.000000000000000,90.416542050000004,I, ,M,Yes,MI,2,Minority and income,37555.988426999996591,762.844991735999997
"Block Group 1, Census Tract 911, Suffolk County, Massachusetts",250250911001,N,Boston,1441.000000000000000,847.000000000000000,41.221374050000001,668.000000000000000,75,11.227544780000001,108500.000000000000000,128.577346799999987,0,76298.000000000000000,90.416542050000004, , ,M,Yes,M,1,Minority,108191.484893000000739,1574.579457800000000
"Block Group 2, Census Tract 812, Suffolk County, Massachusetts",250250812002,N,Boston,1492.000000000000000,59.000000000000000,96.045576409999995,625.000000000000000,114,18.239999770000001,25240.000000000000000,29.910528180000000,0,76298.000000000000000,90.416542050000004,I, ,M,Yes,MI,2,Minority and income,77105.528141699993284,1236.113942129999941
"Block Group 5, Census Tract 817, Suffolk County, Massachusetts",250250817005,N,Boston,691.000000000000000,82.000000000000000,88.133140380000000,258.000000000000000,0,0.000000000000000,43241.000000000000000,51.242519379999997,0,76298.000000000000000,90.416542050000004,I, ,M,Yes,MI,2,Minority and income,154747.003415999992285,1628.869248040000002
"Block Group 2, Census Tract 919, Suffolk County, Massachusetts",250250919002,N,Boston,918.000000000000000,58.000000000000000,93.681917209999995,258.000000000000000,25,9.689922330000000,40900.000000000000000,48.468330379999998,0,76298.000000000000000,90.416542050000004,I, ,M,Yes,MI,2,Minority and income,99927.895378100001835,1694.942426150000074
"Block Group 1, Census Tract 712.01, Suffolk County, Massachusetts",250250712011,N,Boston,1013.000000000000000,637.000000000000000,37.117472849999999,506.000000000000000,21,4.150197510000000,154615.000000000000000,183.225692750000007,0,76298.000000000000000,90.416542050000004, , ,M,Yes,M,1,Minority,64993.953442500001984,1366.595091220000086
"Block Group 4, Census Tract 102.05, Suffolk County, Massachusetts",250250102054,N,Boston,1082.000000000000000,537.000000000000000,50.369685769999997,458.000000000000000,152,33.187774660000002,37719.000000000000000,43.939517969999997,1,76298.000000000000000,90.416542050000004,I,E,M,Yes,MIE,3,"Minority, income and English isolation",59376.758583299997554,1069.496190880000086
"Block Group 1, Census Tract 102.06, Suffolk County, Massachusetts",250250102061,N,Boston,879.000000000000000,529.000000000000000,39.817974970000002,785.000000000000000,52,6.624203680000000,110994.000000000000000,131.532852170000012,0,76298.000000000000000,90.416542050000004, , ,M,Yes,M,1,Minority,115844.826811999999336,1744.245812720000004
"Block Group 2, Census Tract 102.06, Suffolk County, Massachusetts",250250102062,N,Boston,1275.000000000000000,511.000000000000000,59.921568630000003,362.000000000000000,40,11.049723630000001,13500.000000000000000,15.726384160000000,1,76298.000000000000000,90.416542050000004,I, ,M,Yes,MI,2,Minority and income,67608.816928700005519,1637.979238650000070
"Block Group 1, Census Tract 103, Suffolk County, Massachusetts",250250103001,N,Boston,1638.000000000000000,1097.000000000000000,33.028083029999998,95.000000000000000,17,17.894737240000001,14271.000000000000000,16.911773680000000,0,76298.000000000000000,90.416542050000004,I, ,M,Yes,MI,2,Minority and income,146671.758315000013681,1973.753673429999935
"Block Group 2, Census Tract 103, Suffolk County, Massachusetts",250250103002,N,Boston,3548.000000000000000,2487.000000000000000,29.904171359999999,168.000000000000000,15,8.928571700000001,73611.000000000000000,87.232330320000003,0,76298.000000000000000,90.416542050000004, , ,M,Yes,M,1,Minority,360503.447586999973282,2509.183746549999796
"Block Group 1, Census Tract 501.01, Suffolk County, Massachusetts",250250501011,N,Boston,1643.000000000000000,384.000000000000000,76.628119290000001,642.000000000000000,152,23.676012040000000,82583.000000000000000,97.864547729999998,0,76298.000000000000000,90.416542050000004, , ,M,Yes,M,1,Minority,110366.456248999995296,1428.641663719999997
"Block Group 3, Census Tract 501.01, Suffolk County, Massachusetts",250250501013,N,Boston,1885.000000000000000,530.000000000000000,71.883289120000001,592.000000000000000,134,22.635135649999999,71053.000000000000000,84.200981139999996,0,76298.000000000000000,90.416542050000004, , ,M,Yes,M,1,Minority,75208.146863100002520,1491.233788499999946
"Block Group 2, Census Tract 408.01, Suffolk County, Massachusetts",250250408012,N,Boston,765.000000000000000,132.000000000000000,82.745098040000002,325.000000000000000,27,8.307692530000001,31151.000000000000000,36.915328979999998,0,76298.000000000000000,90.416542050000004,I, ,M,Yes,MI,2,Minority and income,893884.505474000005051,4057.602187649999905
"Block Group 3, Census Tract 502, Suffolk County, Massachusetts",250250502003,N,Boston,788.000000000000000,226.000000000000000,71.319796949999997,177.000000000000000,95,53.672317499999998,54911.000000000000000,65.071990970000002,0,76298.000000000000000,90.416542050000004,I,E,M,Yes,MIE,3,"Minority, income and English isolation",29729.716153800000029,941.547847552999997
"Block Group 1, Census Tract 503, Suffolk County, Massachusetts",250250503001,N,Boston,1475.000000000000000,661.000000000000000,55.186440679999997,444.000000000000000,44,9.909910200000001,66250.000000000000000,78.509216309999999,0,76298.000000000000000,90.416542050000004, , ,M,Yes,M,1,Minority,501583.761678999988362,3333.354736429999775
"Block Group 2, Census Tract 503, Suffolk County, Massachusetts",250250503002,N,Boston,777.000000000000000,163.000000000000000,79.021879020000000,251.000000000000000,61,24.302789690000001,44464.000000000000000,52.691829679999998,0,76298.000000000000000,90.416542050000004,I, ,M,Yes,MI,2,Minority and income,38722.976354799997353,810.479948845999957
"Block Group 1, Census Tract 504, Suffolk County, Massachusetts",250250504001,N,Boston,603.000000000000000,163.000000000000000,72.968490880000004,214.000000000000000,7,3.271028040000000,65441.000000000000000,77.550514219999997,0,76298.000000000000000,90.416542050000004, , ,M,Yes,M,1,Minority,38655.175024299998768,810.980922230000033
"Block Group 1, Census Tract 817, Suffolk County, Massachusetts",250250817001,N,Boston,623.000000000000000,6.000000000000000,99.036918139999997,343.000000000000000,46,13.411078450000000,21193.000000000000000,25.114652629999998,0,76298.000000000000000,90.416542050000004,I, ,M,Yes,MI,2,Minority and income,78814.509862499995506,1557.956286959999943
"Block Group 2, Census Tract 817, Suffolk County, Massachusetts",250250817002,N,Boston,995.000000000000000,43.000000000000000,95.678391959999999,737.000000000000000,175,23.744911190000000,24058.000000000000000,28.509805679999999,0,76298.000000000000000,90.416542050000004,I, ,M,Yes,MI,2,Minority and income,124290.964986999999383,1473.124370739999904
"Block Group 4, Census Tract 817, Suffolk County, Massachusetts",250250817004,N,Boston,950.000000000000000,58.000000000000000,93.894736839999993,479.000000000000000,85,17.745302200000001,38802.000000000000000,45.982105259999997,0,76298.000000000000000,90.416542050000004,I, ,M,Yes,MI,2,Minority and income,96048.804394199993112,1485.097343240000100
"Block Group 1, Census Tract 818, Suffolk County, Massachusetts",250250818001,N,Boston,1313.000000000000000,125.000000000000000,90.479817209999993,538.000000000000000,128,23.791822430000000,20500.000000000000000,24.293416980000000,0,76298.000000000000000,90.416542050000004,I, ,M,Yes,MI,2,Minority and income,130508.153919000003953,1561.907982369999900
"Block Group 2, Census Tract 818, Suffolk County, Massachusetts",250250818002,N,Boston,1006.000000000000000,78.000000000000000,92.246520869999998,572.000000000000000,72,12.587412830000000,58833.000000000000000,69.719734189999997,0,76298.000000000000000,90.416542050000004, , ,M,Yes,M,1,Minority,106697.544976000004681,1670.670261160000109
"Block Group 2, Census Tract 806.01, Suffolk County, Massachusetts",250250806012,N,Boston,158.000000000000000,12.000000000000000,92.405063290000001,187.000000000000000,35,18.716577529999999,14234.000000000000000,16.867927550000001,0,76298.000000000000000,90.416542050000004,I, ,M,Yes,MI,2,Minority and income,214825.520749999996042,2209.993743210000048
"Block Group 1, Census Tract 606.04, Suffolk County, Massachusetts",250250606041,N,Boston,1814.000000000000000,1365.000000000000000,24.751929440000001,541.000000000000000,4,0.739371540000000,243719.000000000000000,288.817932129999974,0,76298.000000000000000,90.416542050000004, , ,M,Yes,M,1,Minority,893960.785631999955513,5226.169242809999560
"Block Group 3, Census Tract 610, Suffolk County, Massachusetts",250250610003,N,Boston,711.000000000000000,102.000000000000000,85.654008439999998,294.000000000000000,70,23.809524540000002,22250.000000000000000,26.367244719999999,0,76298.000000000000000,90.416542050000004,I, ,M,Yes,MI,2,Minority and income,43447.887987900001463,944.479055771000048
"Block Group 2, Census Tract 611.01, Suffolk County, Massachusetts",250250611012,N,Boston,2028.000000000000000,333.000000000000000,83.579881659999998,799.000000000000000,273,34.167709350000003,11870.000000000000000,14.066480640000000,0,76298.000000000000000,90.416542050000004,I,E,M,Yes,MIE,3,"Minority, income and English isolation",115594.931337999994867,1876.254244129999961
"Block Group 1, Census Tract 611.01, Suffolk County, Massachusetts",250250611011,N,Boston,682.000000000000000,183.000000000000000,73.167155429999994,360.000000000000000,66,18.333333970000002,31786.000000000000000,37.667831419999999,0,76298.000000000000000,90.416542050000004,I, ,M,Yes,MI,2,Minority and income,49673.644713299996511,1196.013188260000106
"Block Group 1, Census Tract 104.03, Suffolk County, Massachusetts",250250104031,N,Boston,1347.000000000000000,570.000000000000000,57.683741650000002,728.000000000000000,140,19.230770110000002,25000.000000000000000,29.626117709999999,0,76298.000000000000000,90.416542050000004,I, ,M,Yes,MI,2,Minority and income,36929.276850000002014,818.471475427999962
"Block Group 2, Census Tract 104.03, Suffolk County, Massachusetts",250250104032,N,Boston,998.000000000000000,509.000000000000000,48.997995990000000,603.000000000000000,18,2.985074520000000,34175.000000000000000,40.498905180000001,0,76298.000000000000000,90.416542050000004,I, ,M,Yes,MI,2,Minority and income,25351.501392099999066,745.964842044999955
"Block Group 3, Census Tract 104.03, Suffolk County, Massachusetts",250250104033,N,Boston,834.000000000000000,492.000000000000000,41.007194239999997,369.000000000000000,22,5.962059500000000,115625.000000000000000,137.020797729999998,0,76298.000000000000000,90.416542050000004, , ,M,Yes,M,1,Minority,26266.541299100001197,898.230633205999993
"Block Group 1, Census Tract 104.04, Suffolk County, Massachusetts",250250104041,N,Boston,1744.000000000000000,1023.000000000000000,41.341743119999997,149.000000000000000,19,12.751677510000000,58393.000000000000000,69.198318479999998,0,76298.000000000000000,90.416542050000004, , ,M,Yes,M,1,Minority,34909.836180300000706,1112.407303279999951
"Block Group 4, Census Tract 104.04, Suffolk County, Massachusetts",250250104044,N,Boston,739.000000000000000,497.000000000000000,32.746955350000000,278.000000000000000,22,7.913669110000000,39250.000000000000000,46.513004299999999,0,76298.000000000000000,90.416542050000004,I, ,M,Yes,MI,2,Minority and income,37049.257800799998222,1108.274077999999918
"Block Group 1, Census Tract 104.05, Suffolk County, Massachusetts",250250104051,N,Boston,4004.000000000000000,2458.000000000000000,38.611388609999999,50.000000000000000,0,0.000000000000000,0.000000000000000,0.000000000000000,0,76298.000000000000000,90.416542050000004, , ,M,Yes,M,1,Minority,240386.364333000004990,2260.562319050000042
"Block Group 1, Census Tract 505, Suffolk County, Massachusetts",250250505001,N,Boston,2174.000000000000000,932.000000000000000,57.129714810000003,1019.000000000000000,212,20.804710390000000,86750.000000000000000,102.802627560000005,0,76298.000000000000000,90.416542050000004, , ,M,Yes,M,1,Minority,135216.439019000012195,1555.721364020000010
"Block Group 1, Census Tract 506, Suffolk County, Massachusetts",250250506001,N,Boston,1162.000000000000000,364.000000000000000,68.674698800000002,469.000000000000000,181,38.592750549999998,73750.000000000000000,87.397048949999999,0,76298.000000000000000,90.416542050000004, ,E,M,Yes,ME,2,Minority and English isolation,88915.953289400000358,1275.501887509999960
"Block Group 2, Census Tract 506, Suffolk County, Massachusetts",250250506002,N,Boston,912.000000000000000,337.000000000000000,63.048245610000002,346.000000000000000,66,19.075143810000000,106071.000000000000000,125.698883060000000,0,76298.000000000000000,90.416542050000004, , ,M,Yes,M,1,Minority,82927.043294799994328,1507.892833090000067
"Block Group 1, Census Tract 507, Suffolk County, Massachusetts",250250507001,N,Boston,1766.000000000000000,485.000000000000000,72.536806339999998,638.000000000000000,216,33.855800629999997,61339.000000000000000,72.689460749999995,0,76298.000000000000000,90.416542050000004, ,E,M,Yes,ME,2,Minority and English isolation,86836.760145499996725,1241.493830670000079
"Block Group 2, Census Tract 507, Suffolk County, Massachusetts",250250507002,N,Boston,1341.000000000000000,377.000000000000000,71.886651749999999,545.000000000000000,319,58.532108309999998,52491.000000000000000,62.204181669999997,0,76298.000000000000000,90.416542050000004,I,E,M,Yes,MIE,3,"Minority, income and English isolation",62347.681940399997984,1174.586795839999922
"Block Group 3, Census Tract 509.01, Suffolk County, Massachusetts",250250509013,N,Boston,961.000000000000000,252.000000000000000,73.777315299999998,364.000000000000000,158,43.406593319999999,37333.000000000000000,44.241275790000003,0,76298.000000000000000,90.416542050000004,I,E,M,Yes,MIE,3,"Minority, income and English isolation",519612.908394000027329,4025.076767330000166
"Block Group 3, Census Tract 818, Suffolk County, Massachusetts",250250818003,N,Boston,1248.000000000000000,53.000000000000000,95.753205129999998,263.000000000000000,31,11.787072179999999,22135.000000000000000,26.230964660000001,0,76298.000000000000000,90.416542050000004,I, ,M,Yes,MI,2,Minority and income,136690.779118000005838,1551.203106180000077
"Block Group 2, Census Tract 819, Suffolk County, Massachusetts",250250819002,N,Boston,644.000000000000000,19.000000000000000,97.049689439999995,525.000000000000000,70,13.333333020000000,16419.000000000000000,19.457248690000000,0,76298.000000000000000,90.416542050000004,I, ,M,Yes,MI,2,Minority and income,79136.678319700004067,1152.776656580000008
"Block Group 3, Census Tract 819, Suffolk County, Massachusetts",250250819003,N,Boston,816.000000000000000,58.000000000000000,92.892156860000000,295.000000000000000,46,15.593220710000001,0.000000000000000,0.000000000000000,0,76298.000000000000000,90.416542050000004, , ,M,Yes,M,1,Minority,102641.423190999994404,1478.727075629999945
"Block Group 4, Census Tract 819, Suffolk County, Massachusetts",250250819004,N,Boston,1121.000000000000000,15.000000000000000,98.661909010000002,318.000000000000000,78,24.528301240000001,31116.000000000000000,36.873851780000003,0,76298.000000000000000,90.416542050000004,I,E,M,Yes,MIE,3,"Minority, income and English isolation",101190.501831999994465,1397.405048399999941
"Block Group 3, Census Tract 820, Suffolk County, Massachusetts",250250820003,N,Boston,950.000000000000000,34.000000000000000,96.421052630000005,307.000000000000000,65,21.172637940000001,39926.000000000000000,47.314094539999999,0,76298.000000000000000,90.416542050000004,I, ,M,Yes,MI,2,Minority and income,112974.297296000004280,1416.747247539999989
"Block Group 1, Census Tract 821, Suffolk County, Massachusetts",250250821001,N,Boston,1323.000000000000000,25.000000000000000,98.110355249999998,499.000000000000000,245,49.098197939999999,21848.000000000000000,25.890857700000002,0,76298.000000000000000,90.416542050000004,I,E,M,Yes,MIE,3,"Minority, income and English isolation",97922.225158600005670,1260.370716290000018
"Block Group 4, Census Tract 910.01, Suffolk County, Massachusetts",250250910014,N,Boston,1066.000000000000000,694.000000000000000,34.896810510000002,526.000000000000000,0,0.000000000000000,77500.000000000000000,91.840965269999998,0,76298.000000000000000,90.416542050000004, , ,M,Yes,M,1,Minority,366457.509626000013668,3607.128224229999887
"Block Group 1, Census Tract 701.04, Suffolk County, Massachusetts",250250701041,N,Boston,890.000000000000000,622.000000000000000,30.112359550000001,499.000000000000000,27,5.410821440000000,129792.000000000000000,153.809326169999991,0,76298.000000000000000,90.416542050000004, , ,M,Yes,M,1,Minority,438715.849517000024207,3955.980261640000208
"Block Group 2, Census Tract 104.05, Suffolk County, Massachusetts",250250104052,N,Boston,2357.000000000000000,1196.000000000000000,49.257530760000002,535.000000000000000,86,16.074766159999999,26023.000000000000000,30.838418959999998,0,76298.000000000000000,90.416542050000004,I, ,M,Yes,MI,2,Minority and income,84515.134872900001938,2065.045610789999955
"Block Group 3, Census Tract 104.05, Suffolk County, Massachusetts",250250104053,N,Boston,492.000000000000000,139.000000000000000,71.747967480000000,292.000000000000000,165,56.506851200000000,16471.000000000000000,19.518871310000002,0,76298.000000000000000,90.416542050000004,I,E,M,Yes,MIE,3,"Minority, income and English isolation",39969.191346599996905,796.209113539999976
"Block Group 1, Census Tract 104.08, Suffolk County, Massachusetts",250250104081,N,Boston,1438.000000000000000,821.000000000000000,42.906815020000003,832.000000000000000,41,4.927884580000000,64714.000000000000000,76.688987729999994,0,76298.000000000000000,90.416542050000004, , ,M,Yes,M,1,Minority,43378.162684700000682,855.330052124999952
"Block Group 1, Census Tract 105, Suffolk County, Massachusetts",250250105001,N,Boston,1816.000000000000000,1055.000000000000000,41.905286340000004,390.000000000000000,0,0.000000000000000,51588.000000000000000,61.134086609999997,0,76298.000000000000000,90.416542050000004,I, ,M,Yes,MI,2,Minority and income,125586.894901000006939,1613.078933750000033
"Block Group 2, Census Tract 105, Suffolk County, Massachusetts",250250105002,N,Boston,1208.000000000000000,516.000000000000000,57.284768210000003,767.000000000000000,423,55.149936680000003,46008.000000000000000,54.521537780000003,0,76298.000000000000000,90.416542050000004,I,E,M,Yes,MIE,3,"Minority, income and English isolation",39063.614048700001149,979.127480310000010
"Block Group 3, Census Tract 105, Suffolk County, Massachusetts",250250105003,N,Boston,852.000000000000000,515.000000000000000,39.553990610000000,593.000000000000000,74,12.478920940000000,64827.000000000000000,76.822898859999995,0,76298.000000000000000,90.416542050000004, , ,M,Yes,M,1,Minority,35328.914026500002365,968.314538509000045
"Block Group 1, Census Tract 510, Suffolk County, Massachusetts",250250510001,N,Boston,2134.000000000000000,957.000000000000000,55.154639179999997,993.000000000000000,158,15.911379810000000,66845.000000000000000,79.214317320000006,0,76298.000000000000000,90.416542050000004, , ,M,Yes,M,1,Minority,334976.472667999973055,3321.603606619999937
"Block Group 3, Census Tract 507, Suffolk County, Massachusetts",250250507003,N,Boston,1413.000000000000000,406.000000000000000,71.266808209999994,506.000000000000000,314,62.055335999999997,81897.000000000000000,97.051605219999999,0,76298.000000000000000,90.416542050000004, ,E,M,Yes,ME,2,Minority and English isolation,118733.932509000005666,1854.125594090000050
"Block Group 1, Census Tract 509.01, Suffolk County, Massachusetts",250250509011,N,Boston,1421.000000000000000,247.000000000000000,82.617874740000005,560.000000000000000,204,36.428569789999997,76591.000000000000000,90.763763429999997,0,76298.000000000000000,90.416542050000004, ,E,M,Yes,ME,2,Minority and English isolation,203099.489021999994293,2458.218132869999863
"Block Group 2, Census Tract 509.01, Suffolk County, Massachusetts",250250509012,N,Boston,1860.000000000000000,592.000000000000000,68.172043009999996,520.000000000000000,95,18.269229889999998,81250.000000000000000,96.284881589999998,0,76298.000000000000000,90.416542050000004, , ,M,Yes,M,1,Minority,87275.445997799994075,1777.223326840000027
"Block Group 2, Census Tract 821, Suffolk County, Massachusetts",250250821002,N,Boston,1543.000000000000000,41.000000000000000,97.342838630000003,723.000000000000000,100,13.831258770000000,0.000000000000000,0.000000000000000,0,76298.000000000000000,90.416542050000004, , ,M,Yes,M,1,Minority,101797.402079000006779,1511.678287669999918
"Block Group 3, Census Tract 821, Suffolk County, Massachusetts",250250821003,N,Boston,2358.000000000000000,98.000000000000000,95.843935540000004,979.000000000000000,228,23.289070129999999,24092.000000000000000,28.550098420000001,0,76298.000000000000000,90.416542050000004,I, ,M,Yes,MI,2,Minority and income,170831.882221000007121,1678.264384509999900
"Block Group 1, Census Tract 901, Suffolk County, Massachusetts",250250901001,N,Boston,1610.000000000000000,8.000000000000000,99.503105590000004,540.000000000000000,123,22.777778630000000,24052.000000000000000,28.502695079999999,0,76298.000000000000000,90.416542050000004,I, ,M,Yes,MI,2,Minority and income,109629.801246000002720,1460.326864849999993
"Block Group 2, Census Tract 901, Suffolk County, Massachusetts",250250901002,N,Boston,645.000000000000000,24.000000000000000,96.279069770000007,275.000000000000000,59,21.454545970000002,46042.000000000000000,54.561828609999999,0,76298.000000000000000,90.416542050000004,I, ,M,Yes,MI,2,Minority and income,69090.924935300005018,1017.552960539999958
"Block Group 3, Census Tract 901, Suffolk County, Massachusetts",250250901003,N,Boston,856.000000000000000,34.000000000000000,96.028037380000001,265.000000000000000,43,16.226415630000002,59432.000000000000000,70.429580689999995,0,76298.000000000000000,90.416542050000004, , ,M,Yes,M,1,Minority,88979.035465399996610,1216.689435960000083
"Block Group 2, Census Tract 701.04, Suffolk County, Massachusetts",250250701042,N,Boston,610.000000000000000,418.000000000000000,31.475409840000001,209.000000000000000,0,0.000000000000000,196250.000000000000000,228.615036010000011,1,76298.000000000000000,90.416542050000004, , ,M,Yes,M,1,Minority,308610.179043999989517,2509.320319699999800
"Block Group 3, Census Tract 701.04, Suffolk County, Massachusetts",250250701043,N,Boston,1362.000000000000000,812.000000000000000,40.381791479999997,438.000000000000000,120,27.397260670000001,0.000000000000000,0.000000000000000,0,76298.000000000000000,90.416542050000004, ,E,M,Yes,ME,2,Minority and English isolation,84339.925428100003046,1400.215404470000067
"Block Group 1, Census Tract 701.02, Suffolk County, Massachusetts",250250701021,N,Boston,897.000000000000000,436.000000000000000,51.393534000000002,374.000000000000000,196,52.406417849999997,15847.000000000000000,18.779403689999999,0,76298.000000000000000,90.416542050000004,I,E,M,Yes,MIE,3,"Minority, income and English isolation",95862.979921599995578,1393.517451149999943
"Block Group 3, Census Tract 711.01, Suffolk County, Massachusetts",250250711013,N,Boston,996.000000000000000,522.000000000000000,47.590361450000003,790.000000000000000,196,24.810127260000002,64202.000000000000000,76.082244869999997,0,76298.000000000000000,90.416542050000004, ,E,M,Yes,ME,2,Minority and English isolation,57240.550614200001291,969.829617066999958
"Block Group 3, Census Tract 703.02, Suffolk County, Massachusetts",250250703023,N,Boston,669.000000000000000,340.000000000000000,49.177877430000002,414.000000000000000,91,21.980676649999999,0.000000000000000,0.000000000000000,0,76298.000000000000000,90.416542050000004, , ,M,Yes,M,1,Minority,83256.172795799997402,1484.065386279999984
"Block Group 1, Census Tract 106, Suffolk County, Massachusetts",250250106001,N,Boston,1330.000000000000000,923.000000000000000,30.601503760000000,707.000000000000000,15,2.121640680000000,132361.000000000000000,156.853698729999991,0,76298.000000000000000,90.416542050000004, , ,M,Yes,M,1,Minority,89286.856450000006589,1328.261196910000081
"Block Group 2, Census Tract 106, Suffolk County, Massachusetts",250250106002,N,Boston,1574.000000000000000,1151.000000000000000,26.874205839999998,914.000000000000000,102,11.159737590000001,106250.000000000000000,125.911003109999996,0,76298.000000000000000,90.416542050000004, , ,M,Yes,M,1,Minority,148311.355310999992071,1572.031027689999974
"Block Group 3, Census Tract 106, Suffolk County, Massachusetts",250250106003,N,Boston,625.000000000000000,398.000000000000000,36.320000000000000,537.000000000000000,79,14.711359020000000,87770.000000000000000,104.011375430000001,0,76298.000000000000000,90.416542050000004, , ,M,Yes,M,1,Minority,102058.115932000000612,1686.948292430000038
"Block Group 1, Census Tract 107.01, Suffolk County, Massachusetts",250250107011,N,Boston,1057.000000000000000,759.000000000000000,28.192999050000001,409.000000000000000,0,0.000000000000000,98681.000000000000000,116.941398620000001,0,76298.000000000000000,90.416542050000004, , ,M,Yes,M,1,Minority,74119.472984399995767,1400.018143230000078
"Block Group 1, Census Tract 108.01, Suffolk County, Massachusetts",250250108011,N,Boston,740.000000000000000,496.000000000000000,32.972972970000001,302.000000000000000,0,0.000000000000000,100735.000000000000000,119.375480650000000,0,76298.000000000000000,90.416542050000004, , ,M,Yes,M,1,Minority,32884.073098799999570,781.967607142000020
"Block Group 1, Census Tract 202, Suffolk County, Massachusetts",250250202001,N,Boston,1259.000000000000000,917.000000000000000,27.164416200000002,749.000000000000000,18,2.403204200000000,74841.000000000000000,88.689933780000004,0,76298.000000000000000,90.416542050000004, , ,M,Yes,M,1,Minority,29546.561459100001230,693.323671394000030
"Block Group 2, Census Tract 202, Suffolk County, Massachusetts",250250202002,N,Boston,1319.000000000000000,959.000000000000000,27.293404089999999,608.000000000000000,0,0.000000000000000,98173.000000000000000,116.339393619999996,0,76298.000000000000000,90.416542050000004, , ,M,Yes,M,1,Minority,29675.772507699999551,699.248677959000020
"Block Group 2, Census Tract 510, Suffolk County, Massachusetts",250250510002,N,Boston,1055.000000000000000,462.000000000000000,56.208530809999999,476.000000000000000,74,15.546218870000001,21438.000000000000000,25.404989239999999,0,76298.000000000000000,90.416542050000004,I, ,M,Yes,MI,2,Minority and income,786965.575857999967411,4889.335828420000325
"Block Group 3, Census Tract 510, Suffolk County, Massachusetts",250250510003,N,Boston,1128.000000000000000,487.000000000000000,56.826241130000000,423.000000000000000,34,8.037824629999999,84784.000000000000000,100.472831729999996,0,76298.000000000000000,90.416542050000004, , ,M,Yes,M,1,Minority,131354.539860999997472,1812.644734660000040
"Block Group 1, Census Tract 511.01, Suffolk County, Massachusetts",250250511011,N,Boston,1803.000000000000000,683.000000000000000,62.118691069999997,769.000000000000000,203,26.397918700000002,67930.000000000000000,80.500091549999993,0,76298.000000000000000,90.416542050000004, ,E,M,Yes,ME,2,Minority and English isolation,220613.475036999996519,2786.540586179999991
"Block Group 3, Census Tract 511.01, Suffolk County, Massachusetts",250250511013,N,Boston,1727.000000000000000,812.000000000000000,52.982049799999999,498.000000000000000,0,0.000000000000000,121875.000000000000000,144.427322390000000,0,76298.000000000000000,90.416542050000004, , ,M,Yes,M,1,Minority,1049697.037359999958426,5406.269305539999550
"Block Group 4, Census Tract 901, Suffolk County, Massachusetts",250250901004,N,Boston,1285.000000000000000,35.000000000000000,97.276264589999997,672.000000000000000,94,13.988095280000000,23914.000000000000000,28.339159009999999,0,76298.000000000000000,90.416542050000004,I, ,M,Yes,MI,2,Minority and income,105068.041570000001229,2345.551173620000100
"Block Group 5, Census Tract 901, Suffolk County, Massachusetts",250250901005,N,Boston,775.000000000000000,32.000000000000000,95.870967739999998,250.000000000000000,18,7.199999810000000,52763.000000000000000,62.526515959999998,0,76298.000000000000000,90.416542050000004,I, ,M,Yes,MI,2,Minority and income,74168.024504000000888,1469.849387870000101
"Block Group 1, Census Tract 902, Suffolk County, Massachusetts",250250902001,N,Boston,712.000000000000000,42.000000000000000,94.101123599999994,175.000000000000000,63,36.000000000000000,27330.000000000000000,32.387271880000000,0,76298.000000000000000,90.416542050000004,I,E,M,Yes,MIE,3,"Minority, income and English isolation",72039.532003999993321,1523.392961470000046
"Block Group 2, Census Tract 902, Suffolk County, Massachusetts",250250902002,N,Boston,716.000000000000000,31.000000000000000,95.670391060000000,191.000000000000000,55,28.795810700000001,30478.000000000000000,36.117794040000000,0,76298.000000000000000,90.416542050000004,I,E,M,Yes,MIE,3,"Minority, income and English isolation",84741.294446800005971,1478.357575550000092
"Block Group 3, Census Tract 902, Suffolk County, Massachusetts",250250902003,N,Boston,984.000000000000000,32.000000000000000,96.747967480000000,364.000000000000000,65,17.857143400000002,30000.000000000000000,35.551342009999999,0,76298.000000000000000,90.416542050000004,I, ,M,Yes,MI,2,Minority and income,116873.613555999996606,1590.328529990000106
"Block Group 2, Census Tract 815, Suffolk County, Massachusetts",250250815002,N,Boston,1364.000000000000000,119.000000000000000,91.275659820000001,637.000000000000000,91,14.285714150000000,55662.000000000000000,65.961959840000006,0,76298.000000000000000,90.416542050000004, , ,M,Yes,M,1,Minority,180320.037007000006270,1786.314160050000055
"Block Group 3, Census Tract 817, Suffolk County, Massachusetts",250250817003,N,Boston,882.000000000000000,65.000000000000000,92.630385489999995,247.000000000000000,0,0.000000000000000,28641.000000000000000,33.940864560000001,0,76298.000000000000000,90.416542050000004,I, ,M,Yes,MI,2,Minority and income,179932.281203999998979,1735.505108170000085
"Block Group 1, Census Tract 820, Suffolk County, Massachusetts",250250820001,N,Boston,1498.000000000000000,75.000000000000000,94.993324430000001,635.000000000000000,46,7.244094370000000,90673.000000000000000,107.451560970000003,0,76298.000000000000000,90.416542050000004, , ,M,Yes,M,1,Minority,164279.862419999990379,1829.419060769999987
"Block Group 2, Census Tract 820, Suffolk County, Massachusetts",250250820002,N,Boston,747.000000000000000,20.000000000000000,97.322623829999998,343.000000000000000,41,11.953352929999999,48693.000000000000000,57.703384399999997,0,76298.000000000000000,90.416542050000004,I, ,M,Yes,MI,2,Minority and income,114877.763919999997597,1499.715788810000049
"Block Group 4, Census Tract 904, Suffolk County, Massachusetts",250250904004,N,Boston,820.000000000000000,30.000000000000000,96.341463410000003,240.000000000000000,26,10.833333020000000,73889.000000000000000,87.561767579999994,0,76298.000000000000000,90.416542050000004, , ,M,Yes,M,1,Minority,74514.579841600003419,1393.820473830000083
"Block Group 1, Census Tract 203.01, Suffolk County, Massachusetts",250250203011,N,Boston,2166.000000000000000,1288.000000000000000,40.535549400000001,1245.000000000000000,92,7.389558320000000,95179.000000000000000,112.791374210000001,0,76298.000000000000000,90.416542050000004, , ,M,Yes,M,1,Minority,263298.777876999985892,3297.410701679999875
"Block Group 1, Census Tract 203.04, Suffolk County, Massachusetts",250250203041,N,Boston,1283.000000000000000,935.000000000000000,27.123928289999998,494.000000000000000,10,2.024291520000000,165833.000000000000000,196.519515990000002,0,76298.000000000000000,90.416542050000004, , ,M,Yes,M,1,Minority,39342.235887900002126,984.180347031999986
"Block Group 2, Census Tract 203.05, Suffolk County, Massachusetts",250250203052,N,Boston,2255.000000000000000,1513.000000000000000,32.904656320000001,1418.000000000000000,102,7.193229680000000,91953.000000000000000,108.968421939999999,0,76298.000000000000000,90.416542050000004, , ,M,Yes,M,1,Minority,75399.411831499994150,1537.513249600000108
"Block Group 4, Census Tract 511.01, Suffolk County, Massachusetts",250250511014,N,Boston,1099.000000000000000,664.000000000000000,39.581437670000000,335.000000000000000,15,4.477612020000000,77870.000000000000000,92.279434199999997,0,76298.000000000000000,90.416542050000004, , ,M,Yes,M,1,Minority,227329.951911999989534,3529.452729680000175
"Block Group 2, Census Tract 606.04, Suffolk County, Massachusetts",250250606042,N,Boston,989.000000000000000,745.000000000000000,24.671385239999999,544.000000000000000,0,0.000000000000000,176000.000000000000000,208.567871090000011,0,76298.000000000000000,90.416542050000004, , ,M,Yes,M,1,Minority,151657.869815000012750,1586.862805060000028
"Block Group 1, Census Tract 607, Suffolk County, Massachusetts",250250607001,N,Boston,997.000000000000000,118.000000000000000,88.164493480000004,412.000000000000000,72,17.475728990000000,22374.000000000000000,26.514190670000001,0,76298.000000000000000,90.416542050000004,I, ,M,Yes,MI,2,Minority and income,89003.838924600000610,1248.368107159999909
"Block Group 2, Census Tract 607, Suffolk County, Massachusetts",250250607002,N,Boston,692.000000000000000,111.000000000000000,83.959537569999995,662.000000000000000,380,57.401813509999997,14167.000000000000000,16.788528440000000,0,76298.000000000000000,90.416542050000004,I,E,M,Yes,MIE,3,"Minority, income and English isolation",39213.983079400000861,1068.580880279999974
"Block Group 2, Census Tract 610, Suffolk County, Massachusetts",250250610002,N,Boston,535.000000000000000,76.000000000000000,85.794392520000002,378.000000000000000,67,17.724866870000000,23784.000000000000000,28.185104370000001,0,76298.000000000000000,90.416542050000004,I, ,M,Yes,MI,2,Minority and income,50908.830544099997496,1138.938637660000040
"Block Group 1, Census Tract 903, Suffolk County, Massachusetts",250250903001,N,Boston,1033.000000000000000,43.000000000000000,95.837366889999998,313.000000000000000,78,24.920127870000002,32022.000000000000000,37.947502139999997,0,76298.000000000000000,90.416542050000004,I,E,M,Yes,MIE,3,"Minority, income and English isolation",134425.185494000004837,1743.549506139999949
"Block Group 2, Census Tract 903, Suffolk County, Massachusetts",250250903002,N,Boston,1681.000000000000000,23.000000000000000,98.631766810000002,517.000000000000000,171,33.075435640000002,50855.000000000000000,60.265449519999997,0,76298.000000000000000,90.416542050000004,I,E,M,Yes,MIE,3,"Minority, income and English isolation",162894.591029000002891,2374.545474529999865
"Block Group 3, Census Tract 903, Suffolk County, Massachusetts",250250903003,N,Boston,1081.000000000000000,16.000000000000000,98.519888989999998,305.000000000000000,0,0.000000000000000,27050.000000000000000,32.055461880000003,0,76298.000000000000000,90.416542050000004,I, ,M,Yes,MI,2,Minority and income,83047.758503399993060,1279.075804320000088
"Block Group 1, Census Tract 904, Suffolk County, Massachusetts",250250904001,N,Boston,921.000000000000000,26.000000000000000,97.176981540000000,334.000000000000000,0,0.000000000000000,56250.000000000000000,66.658767699999999,0,76298.000000000000000,90.416542050000004, , ,M,Yes,M,1,Minority,108210.483592999997200,1376.197807450000028
"Block Group 2, Census Tract 904, Suffolk County, Massachusetts",250250904002,N,Boston,1462.000000000000000,69.000000000000000,95.280437759999998,470.000000000000000,89,18.936170579999999,0.000000000000000,0.000000000000000,0,76298.000000000000000,90.416542050000004, , ,M,Yes,M,1,Minority,134373.053233999991789,2167.297846670000126
"Block Group 1, Census Tract 1004, Suffolk County, Massachusetts",250251004001,N,Boston,1267.000000000000000,221.000000000000000,82.557221780000006,668.000000000000000,38,5.688622950000000,0.000000000000000,0.000000000000000,0,76298.000000000000000,90.416542050000004, , ,M,Yes,M,1,Minority,140961.845475999987684,1727.409518079999998
"Block Group 1, Census Tract 1005, Suffolk County, Massachusetts",250251005001,N,Boston,1220.000000000000000,209.000000000000000,82.868852459999999,646.000000000000000,58,8.978327750000000,0.000000000000000,0.000000000000000,0,76298.000000000000000,90.416542050000004, , ,M,Yes,M,1,Minority,125020.127563999994891,2015.073707380000087
"Block Group 2, Census Tract 1004, Suffolk County, Massachusetts",250251004002,N,Boston,1270.000000000000000,349.000000000000000,72.519685039999999,362.000000000000000,16,4.419889450000000,107969.000000000000000,127.948097230000002,0,76298.000000000000000,90.416542050000004, , ,M,Yes,M,1,Minority,174053.046116000012262,1744.809550669999908
"Block Group 3, Census Tract 1004, Suffolk County, Massachusetts",250251004003,N,Boston,833.000000000000000,92.000000000000000,88.955582230000005,468.000000000000000,22,4.700854780000000,100913.000000000000000,119.586418150000000,0,76298.000000000000000,90.416542050000004, , ,M,Yes,M,1,Minority,128646.532300999999279,1864.309715849999975
"Block Group 4, Census Tract 1004, Suffolk County, Massachusetts",250251004004,N,Boston,1698.000000000000000,106.000000000000000,93.757361599999996,435.000000000000000,43,9.885057450000000,69659.000000000000000,82.549034120000002,0,76298.000000000000000,90.416542050000004, , ,M,Yes,M,1,Minority,182548.228838000010001,1711.929660889999923
"Block Group 1, Census Tract 303.02, Suffolk County, Massachusetts",250250303021,N,Boston,1844.000000000000000,1300.000000000000000,29.501084599999999,887.000000000000000,0,0.000000000000000,141841.000000000000000,168.087936399999990,0,76298.000000000000000,90.416542050000004, , ,M,Yes,M,1,Minority,477354.156622999988031,2958.217222910000146
"Block Group 1, Census Tract 402, Suffolk County, Massachusetts",250250402001,N,Boston,636.000000000000000,119.000000000000000,81.289308180000006,253.000000000000000,31,12.252964020000000,16250.000000000000000,19.256977079999999,0,76298.000000000000000,90.416542050000004,I, ,M,Yes,MI,2,Minority and income,55208.841602200001944,952.778301140000053
"Block Group 2, Census Tract 402, Suffolk County, Massachusetts",250250402002,N,Boston,958.000000000000000,718.000000000000000,25.052192070000000,461.000000000000000,16,3.470715760000000,179266.000000000000000,212.438232419999991,0,76298.000000000000000,90.416542050000004, , ,M,Yes,M,1,Minority,86076.509622099998523,1344.350847420000036
"Block Group 1, Census Tract 403, Suffolk County, Massachusetts",250250403001,N,Boston,774.000000000000000,218.000000000000000,71.834625320000001,347.000000000000000,15,4.322766780000000,0.000000000000000,0.000000000000000,0,76298.000000000000000,90.416542050000004, , ,M,Yes,M,1,Minority,49352.388807800001814,889.877496992000033
"Block Group 4, Census Tract 5261, Plymouth County, Massachusetts",250235261004,N,Halifax,1533.000000000000000,1444.000000000000000,5.805609920000000,711.000000000000000,0,0.000000000000000,54393.000000000000000,64.458137510000000,0,97844.000000000000000,115.949516299999999,I, , ,Yes,I,1,Income,7546101.407069999724627,12023.976819699999396
"Block Group 1, Census Tract 612.03, Suffolk County, Massachusetts",250250612031,N,Boston,2686.000000000000000,1973.000000000000000,26.545048399999999,1006.000000000000000,0,0.000000000000000,193068.000000000000000,224.908264159999987,1,76298.000000000000000,90.416542050000004, , ,M,Yes,M,1,Minority,366582.567251999978907,3506.593534170000112
"Block Group 2, Census Tract 701.02, Suffolk County, Massachusetts",250250701022,N,Boston,2202.000000000000000,1428.000000000000000,35.149863760000002,604.000000000000000,58,9.602648739999999,172917.000000000000000,204.914382929999988,0,76298.000000000000000,90.416542050000004, , ,M,Yes,M,1,Minority,26531.860154300000431,660.874803937000024
"Block Group 3, Census Tract 701.02, Suffolk County, Massachusetts",250250701023,N,Boston,588.000000000000000,330.000000000000000,43.877551019999999,136.000000000000000,0,0.000000000000000,136071.000000000000000,158.511474609999993,1,76298.000000000000000,90.416542050000004, , ,M,Yes,M,1,Minority,16572.862978500001191,521.389854014999969
"Block Group 1, Census Tract 701.03, Suffolk County, Massachusetts",250250701031,N,Boston,751.000000000000000,236.000000000000000,68.575233019999999,209.000000000000000,16,7.655502320000000,58872.000000000000000,69.765953060000001,0,76298.000000000000000,90.416542050000004, , ,M,Yes,M,1,Minority,107594.742706999997608,1786.517318780000096
"Block Group 1, Census Tract 702.01, Suffolk County, Massachusetts",250250702011,N,Boston,932.000000000000000,54.000000000000000,94.206008580000002,382.000000000000000,269,70.418846130000006,17132.000000000000000,20.302186970000001,0,76298.000000000000000,90.416542050000004,I,E,M,Yes,MIE,3,"Minority, income and English isolation",33088.857423699999345,827.912534883000035
"Block Group 3, Census Tract 904, Suffolk County, Massachusetts",250250904003,N,Boston,898.000000000000000,43.000000000000000,95.211581289999998,344.000000000000000,33,9.593023300000000,28529.000000000000000,33.808139799999999,0,76298.000000000000000,90.416542050000004,I, ,M,Yes,MI,2,Minority and income,108008.170538999998826,1845.522943480000094
"Block Group 2, Census Tract 906, Suffolk County, Massachusetts",250250906002,N,Boston,1351.000000000000000,97.000000000000000,92.820133229999996,464.000000000000000,176,37.931034089999997,42917.000000000000000,50.858566279999998,0,76298.000000000000000,90.416542050000004,I,E,M,Yes,MIE,3,"Minority, income and English isolation",185311.405830000003334,1892.351198580000073
"Block Group 2, Census Tract 907, Suffolk County, Massachusetts",250250907002,N,Boston,1260.000000000000000,925.000000000000000,26.587301589999999,605.000000000000000,135,22.314048769999999,77991.000000000000000,92.422821040000002,0,76298.000000000000000,90.416542050000004, , ,M,Yes,M,1,Minority,106426.766273999994155,1314.024009660000047
"Block Group 2, Census Tract 909.01, Suffolk County, Massachusetts",250250909012,N,Boston,2197.000000000000000,658.000000000000000,70.050068269999997,721.000000000000000,133,18.446601869999999,23403.000000000000000,27.733602520000002,0,76298.000000000000000,90.416542050000004,I, ,M,Yes,MI,2,Minority and income,1193706.800689999945462,4914.268372249999629
"Block Group 3, Census Tract 911, Suffolk County, Massachusetts",250250911003,N,Boston,823.000000000000000,335.000000000000000,59.295261240000002,240.000000000000000,22,9.166666980000000,45809.000000000000000,54.285713199999996,0,76298.000000000000000,90.416542050000004,I, ,M,Yes,MI,2,Minority and income,76681.434200300005614,1266.060321270000031
"Block Group 4, Census Tract 911, Suffolk County, Massachusetts",250250911004,N,Boston,679.000000000000000,226.000000000000000,66.715758469999997,294.000000000000000,14,4.761904720000000,104600.000000000000000,123.955680849999993,0,76298.000000000000000,90.416542050000004, , ,M,Yes,M,1,Minority,70839.783047799995984,1057.006765600000108
"Block Group 5, Census Tract 911, Suffolk County, Massachusetts",250250911005,N,Boston,778.000000000000000,389.000000000000000,50.000000000000000,136.000000000000000,27,19.852941510000001,98125.000000000000000,116.282516479999998,0,76298.000000000000000,90.416542050000004, , ,M,Yes,M,1,Minority,66629.309915200006799,1077.479438609999988
"Block Group 1, Census Tract 912, Suffolk County, Massachusetts",250250912001,N,Boston,1057.000000000000000,461.000000000000000,56.385998110000003,413.000000000000000,68,16.464891430000002,92813.000000000000000,109.987556459999993,0,76298.000000000000000,90.416542050000004, , ,M,Yes,M,1,Minority,94923.286882600004901,1400.721798750000062
"Block Group 2, Census Tract 912, Suffolk County, Massachusetts",250250912002,N,Boston,1363.000000000000000,453.000000000000000,66.764490100000003,632.000000000000000,69,10.917721750000000,102035.000000000000000,120.916038510000007,0,76298.000000000000000,90.416542050000004, , ,M,Yes,M,1,Minority,124566.974061999993864,1834.431977199999892
"Block Group 3, Census Tract 912, Suffolk County, Massachusetts",250250912003,N,Boston,720.000000000000000,206.000000000000000,71.388888890000004,196.000000000000000,0,0.000000000000000,117778.000000000000000,139.572204590000013,0,76298.000000000000000,90.416542050000004, , ,M,Yes,M,1,Minority,104099.800858999995398,1463.354386499999919
"Block Group 2, Census Tract 5305, Plymouth County, Massachusetts",250235305002,N,Plymouth,833.000000000000000,705.000000000000000,15.366146460000000,420.000000000000000,48,11.428571700000001,54693.000000000000000,64.813652039999994,0,92757.000000000000000,109.921195979999993,I, , ,Yes,I,1,Income,1000142.068730000057258,4809.981984860000011
"Block Group 1, Census Tract 5451, Plymouth County, Massachusetts",250235451001,N,Wareham,1561.000000000000000,1246.000000000000000,20.179372200000000,1015.000000000000000,23,2.266009810000000,41675.000000000000000,49.386737820000000,0,66695.000000000000000,79.036560059999999,I, , ,Yes,I,1,Income,7530699.018509999848902,15755.238314399999581
"Block Group 2, Census Tract 702.01, Suffolk County, Massachusetts",250250702012,N,Boston,3058.000000000000000,2176.000000000000000,28.842380639999998,569.000000000000000,113,19.859401699999999,171359.000000000000000,203.068084720000002,0,76298.000000000000000,90.416542050000004, , ,M,Yes,M,1,Minority,110934.132370000006631,1487.496871739999960
"Block Group 1, Census Tract 702.02, Suffolk County, Massachusetts",250250702021,N,Boston,4325.000000000000000,1538.000000000000000,64.439306360000003,1531.000000000000000,571,37.295883179999997,37917.000000000000000,44.933341980000002,0,76298.000000000000000,90.416542050000004,I,E,M,Yes,MIE,3,"Minority, income and English isolation",147595.132798000006005,2007.912361989999908
"Block Group 2, Census Tract 702.02, Suffolk County, Massachusetts",250250702022,N,Boston,1135.000000000000000,70.000000000000000,93.832599119999998,350.000000000000000,187,53.428569789999997,20900.000000000000000,24.767435070000001,0,76298.000000000000000,90.416542050000004,I,E,M,Yes,MIE,3,"Minority, income and English isolation",30939.165396100001090,731.455787644999987
"Block Group 2, Census Tract 703.01, Suffolk County, Massachusetts",250250703012,N,Boston,1165.000000000000000,871.000000000000000,25.236051499999999,679.000000000000000,0,0.000000000000000,189815.000000000000000,221.118789670000012,1,76298.000000000000000,90.416542050000004, , ,M,Yes,M,1,Minority,75785.702067399994121,1226.282408920000080
"Block Group 1, Census Tract 703.02, Suffolk County, Massachusetts",250250703021,N,Boston,806.000000000000000,588.000000000000000,27.047146399999999,455.000000000000000,0,0.000000000000000,165426.000000000000000,196.037216190000009,0,76298.000000000000000,90.416542050000004, , ,M,Yes,M,1,Minority,59736.237319100000605,1018.819694619999950
"Block Group 2, Census Tract 704.02, Suffolk County, Massachusetts",250250704022,N,Boston,1512.000000000000000,128.000000000000000,91.534391529999994,675.000000000000000,338,50.074073790000000,17582.000000000000000,20.835456850000000,0,76298.000000000000000,90.416542050000004,I,E,M,Yes,MIE,3,"Minority, income and English isolation",125535.011761999994633,1380.536016779999954
"Block Group 2, Census Tract 913, Suffolk County, Massachusetts",250250913002,N,Boston,1170.000000000000000,71.000000000000000,93.931623930000001,379.000000000000000,54,14.248021130000000,40054.000000000000000,47.465782169999997,0,76298.000000000000000,90.416542050000004,I, ,M,Yes,MI,2,Minority and income,157276.742109999991953,1963.350678439999911
"Block Group 1, Census Tract 915, Suffolk County, Massachusetts",250250915001,N,Boston,1926.000000000000000,431.000000000000000,77.622014539999995,756.000000000000000,164,21.693120960000002,55357.000000000000000,65.600524899999996,0,76298.000000000000000,90.416542050000004, , ,M,Yes,M,1,Minority,164406.462532000005012,2328.985988890000044
"Block Group 2, Census Tract 915, Suffolk County, Massachusetts",250250915002,N,Boston,1740.000000000000000,117.000000000000000,93.275862070000002,639.000000000000000,166,25.978090290000001,59886.000000000000000,70.967590329999993,0,76298.000000000000000,90.416542050000004, ,E,M,Yes,ME,2,Minority and English isolation,177339.963541000004625,1923.530288059999975
"Block Group 3, Census Tract 915, Suffolk County, Massachusetts",250250915003,N,Boston,922.000000000000000,73.000000000000000,92.082429500000003,216.000000000000000,39,18.055555340000002,45000.000000000000000,53.327014920000003,0,76298.000000000000000,90.416542050000004,I, ,M,Yes,MI,2,Minority and income,62392.115907100000186,1300.676204710000093
"Block Group 1, Census Tract 913, Suffolk County, Massachusetts",250250913001,N,Boston,1456.000000000000000,226.000000000000000,84.478021979999994,464.000000000000000,86,18.534482959999998,44635.000000000000000,52.894470210000001,0,76298.000000000000000,90.416542050000004,I, ,M,Yes,MI,2,Minority and income,105266.521943999992800,1474.132493479999994
"Block Group 2, Census Tract 914, Suffolk County, Massachusetts",250250914002,N,Boston,1138.000000000000000,91.000000000000000,92.003514940000002,472.000000000000000,51,10.805085180000001,44545.000000000000000,52.787818909999999,0,76298.000000000000000,90.416542050000004,I, ,M,Yes,MI,2,Minority and income,148724.005992999998853,2083.137442589999864
"Block Group 1, Census Tract 914, Suffolk County, Massachusetts",250250914001,N,Boston,1748.000000000000000,110.000000000000000,93.707093819999997,615.000000000000000,127,20.650405880000001,46042.000000000000000,54.561828609999999,0,76298.000000000000000,90.416542050000004,I, ,M,Yes,MI,2,Minority and income,176278.532283000007737,2021.369073340000114
"Block Group 4, Census Tract 920, Suffolk County, Massachusetts",250250920004,N,Boston,1022.000000000000000,43.000000000000000,95.792563599999994,332.000000000000000,38,11.445782660000001,48485.000000000000000,57.456893919999999,0,76298.000000000000000,90.416542050000004,I, ,M,Yes,MI,2,Minority and income,75911.036792200000491,1250.971321940000053
"Block Group 1, Census Tract 921.01, Suffolk County, Massachusetts",250250921011,N,Boston,1158.000000000000000,506.000000000000000,56.303972369999997,717.000000000000000,300,41.841003420000000,63083.000000000000000,74.756179810000006,0,76298.000000000000000,90.416542050000004, ,E,M,Yes,ME,2,Minority and English isolation,186904.128892000007909,2292.417046709999795
"Block Group 1, Census Tract 5452, Plymouth County, Massachusetts",250235452001,N,Wareham,673.000000000000000,465.000000000000000,30.906389300000001,295.000000000000000,0,0.000000000000000,61199.000000000000000,72.523551940000004,0,66695.000000000000000,79.036560059999999, , ,M,Yes,M,1,Minority,2263454.999520000070333,8093.240499159999672
"Block Group 1, Census Tract 5453, Plymouth County, Massachusetts",250235453001,N,Wareham,1617.000000000000000,1230.000000000000000,23.933209649999998,631.000000000000000,0,0.000000000000000,33614.000000000000000,39.834094999999998,0,66695.000000000000000,79.036560059999999,I, , ,Yes,I,1,Income,3351813.761620000004768,9203.022815730000730
"Block Group 2, Census Tract 705.01, Suffolk County, Massachusetts",250250705012,N,Boston,1074.000000000000000,734.000000000000000,31.657355679999998,458.000000000000000,64,13.973798750000000,185288.000000000000000,215.845199580000013,1,76298.000000000000000,90.416542050000004, , ,M,Yes,M,1,Minority,67310.882841099999496,1330.078380339999967
"Block Group 1, Census Tract 705.02, Suffolk County, Massachusetts",250250705021,N,Boston,1067.000000000000000,755.000000000000000,29.240862230000001,570.000000000000000,38,6.666666510000000,176063.000000000000000,208.642532350000010,0,76298.000000000000000,90.416542050000004, , ,M,Yes,M,1,Minority,49327.560488600000099,881.009891187999983
"Block Group 1, Census Tract 708.01, Suffolk County, Massachusetts",250250708011,N,Boston,1056.000000000000000,571.000000000000000,45.928030300000003,531.000000000000000,45,8.474576000000001,100592.000000000000000,117.181365970000002,1,76298.000000000000000,90.416542050000004, , ,M,Yes,M,1,Minority,61230.625953499999014,1013.403913249999960
"Block Group 1, Census Tract 708.02, Suffolk County, Massachusetts",250250708021,N,Boston,1552.000000000000000,877.000000000000000,43.492268039999999,990.000000000000000,156,15.757575989999999,0.000000000000000,0.000000000000000,0,76298.000000000000000,90.416542050000004, , ,M,Yes,M,1,Minority,65173.947140700001910,1041.515659240000105
"Block Group 2, Census Tract 708.02, Suffolk County, Massachusetts",250250708022,N,Boston,1133.000000000000000,825.000000000000000,27.184466019999999,550.000000000000000,0,0.000000000000000,96250.000000000000000,114.060554499999995,0,76298.000000000000000,90.416542050000004, , ,M,Yes,M,1,Minority,64772.280980700001237,1094.721647589999975
"Block Group 1, Census Tract 709.01, Suffolk County, Massachusetts",250250709011,N,Boston,1165.000000000000000,291.000000000000000,75.021459230000005,718.000000000000000,335,46.657382970000000,36051.000000000000000,42.722045899999998,0,76298.000000000000000,90.416542050000004,I,E,M,Yes,MIE,3,"Minority, income and English isolation",57686.310577099997317,1170.751979359999950
"Block Group 2, Census Tract 709.02, Suffolk County, Massachusetts",250250709022,N,Boston,1089.000000000000000,653.000000000000000,40.036730949999999,476.000000000000000,0,0.000000000000000,145357.000000000000000,172.254547120000012,0,76298.000000000000000,90.416542050000004, , ,M,Yes,M,1,Minority,49941.888394200002949,1072.956779659999938
"Block Group 1, Census Tract 916, Suffolk County, Massachusetts",250250916001,N,Boston,1284.000000000000000,282.000000000000000,78.037383180000006,579.000000000000000,93,16.062175750000002,77882.000000000000000,92.293655400000006,0,76298.000000000000000,90.416542050000004, , ,M,Yes,M,1,Minority,99538.986163199995644,1560.078983740000012
"Block Group 2, Census Tract 916, Suffolk County, Massachusetts",250250916002,N,Boston,1250.000000000000000,112.000000000000000,91.040000000000006,252.000000000000000,31,12.301587100000001,0.000000000000000,0.000000000000000,0,76298.000000000000000,90.416542050000004, , ,M,Yes,M,1,Minority,118072.560339000003296,1482.171243539999978
"Block Group 3, Census Tract 916, Suffolk County, Massachusetts",250250916003,N,Boston,666.000000000000000,68.000000000000000,89.789789790000000,203.000000000000000,92,45.320198060000003,17850.000000000000000,21.153049469999999,0,76298.000000000000000,90.416542050000004,I,E,M,Yes,MIE,3,"Minority, income and English isolation",95523.539424300004612,1759.167430420000073
"Block Group 1, Census Tract 917, Suffolk County, Massachusetts",250250917001,N,Boston,1313.000000000000000,128.000000000000000,90.251332829999996,530.000000000000000,46,8.679245000000000,64211.000000000000000,76.092910770000003,0,76298.000000000000000,90.416542050000004, , ,M,Yes,M,1,Minority,156222.394146000006003,1994.058438040000055
"Block Group 2, Census Tract 917, Suffolk County, Massachusetts",250250917002,N,Boston,1123.000000000000000,42.000000000000000,96.260017809999994,319.000000000000000,71,22.257053379999999,53044.000000000000000,62.859512330000001,0,76298.000000000000000,90.416542050000004,I, ,M,Yes,MI,2,Minority and income,78453.720987799999421,1141.825260269999944
"Block Group 2, Census Tract 1005, Suffolk County, Massachusetts",250251005002,N,Boston,1007.000000000000000,419.000000000000000,58.391261170000000,445.000000000000000,19,4.269662860000000,105781.000000000000000,125.355216979999994,0,76298.000000000000000,90.416542050000004, , ,M,Yes,M,1,Minority,187180.529245999990962,1681.185018549999995
"Block Group 3, Census Tract 1005, Suffolk County, Massachusetts",250251005003,N,Boston,1418.000000000000000,189.000000000000000,86.671368119999997,549.000000000000000,164,29.872495650000001,0.000000000000000,0.000000000000000,0,76298.000000000000000,90.416542050000004, ,E,M,Yes,ME,2,Minority and English isolation,135017.731842000008328,1631.851805300000024
"Block Group 4, Census Tract 1005, Suffolk County, Massachusetts",250251005004,N,Boston,1502.000000000000000,52.000000000000000,96.537949400000002,416.000000000000000,37,8.894230840000001,63673.000000000000000,75.455352779999998,0,76298.000000000000000,90.416542050000004, , ,M,Yes,M,1,Minority,245030.967898000002606,2763.504483459999847
"Block Group 1, Census Tract 1006.01, Suffolk County, Massachusetts",250251006011,N,Boston,1027.000000000000000,757.000000000000000,26.290165529999999,374.000000000000000,32,8.556149480000000,97024.000000000000000,114.977783200000005,0,76298.000000000000000,90.416542050000004, , ,M,Yes,M,1,Minority,155959.919086999987485,1669.406057120000014
"Block Group 2, Census Tract 1006.01, Suffolk County, Massachusetts",250251006012,N,Boston,945.000000000000000,576.000000000000000,39.047619050000002,332.000000000000000,0,0.000000000000000,97594.000000000000000,115.653259280000000,0,76298.000000000000000,90.416542050000004, , ,M,Yes,M,1,Minority,148925.459647999989102,1634.635177119999980
"Block Group 4, Census Tract 5611, Plymouth County, Massachusetts",250235611004,n,Marion,1184.000000000000000,882.000000000000000,25.506756759999998,435.000000000000000,0,0.000000000000000,85863.000000000000000,101.751495360000007,0,85636.000000000000000,101.482490540000001, , ,M,Yes,M,1,Minority,16216880.464800000190735,22347.807607899998402
"Block Group 1, Census Tract 1.01, Suffolk County, Massachusetts",250250001011,N,Boston,1052.000000000000000,643.000000000000000,38.878326999999999,365.000000000000000,42,11.506849290000000,109028.000000000000000,129.203063960000009,0,76298.000000000000000,90.416542050000004, , ,M,Yes,M,1,Minority,140293.294538999994984,1519.769321179999906
"Block Group 2, Census Tract 8.05, Suffolk County, Massachusetts",250250008052,N,Boston,1136.000000000000000,484.000000000000000,57.394366200000000,310.000000000000000,64,20.645160680000000,44643.000000000000000,52.903953549999997,0,76298.000000000000000,90.416542050000004,I, ,M,Yes,MI,2,Minority and income,108970.004048999995575,1546.785247609999942
"Block Group 1, Census Tract 1.02, Suffolk County, Massachusetts",250250001021,N,Boston,1020.000000000000000,565.000000000000000,44.607843140000000,404.000000000000000,63,15.594058990000001,109762.000000000000000,130.072875979999992,0,76298.000000000000000,90.416542050000004, , ,M,Yes,M,1,Minority,171134.049253000004683,1806.660874449999937
"Block Group 1, Census Tract 6.03, Suffolk County, Massachusetts",250250006031,N,Boston,1757.000000000000000,401.000000000000000,77.177006259999999,783.000000000000000,223,28.480203629999998,25039.000000000000000,29.672334670000001,0,76298.000000000000000,90.416542050000004,I,E,M,Yes,MIE,3,"Minority, income and English isolation",312467.427246999985073,2308.800608259999990
"Block Group 1, Census Tract 711.01, Suffolk County, Massachusetts",250250711011,N,Boston,1540.000000000000000,989.000000000000000,35.779220780000003,537.000000000000000,0,0.000000000000000,108696.000000000000000,128.809616089999992,0,76298.000000000000000,90.416542050000004, , ,M,Yes,M,1,Minority,163096.373683000012534,2221.972056489999886
"Block Group 4, Census Tract 711.01, Suffolk County, Massachusetts",250250711014,N,Boston,659.000000000000000,320.000000000000000,51.441578149999998,331.000000000000000,10,3.021147970000000,88315.000000000000000,104.657226559999998,0,76298.000000000000000,90.416542050000004, , ,M,Yes,M,1,Minority,82093.206803199995193,1169.516877119999890
"Block Group 2, Census Tract 712.01, Suffolk County, Massachusetts",250250712012,N,Boston,1231.000000000000000,651.000000000000000,47.116165719999998,355.000000000000000,61,17.183097839999999,48233.000000000000000,57.158264160000002,0,76298.000000000000000,90.416542050000004,I, ,M,Yes,MI,2,Minority and income,228983.079314000002341,2677.049412620000112
"Block Group 3, Census Tract 712.01, Suffolk County, Massachusetts",250250712013,N,Boston,192.000000000000000,117.000000000000000,39.062500000000000,86.000000000000000,0,0.000000000000000,155595.000000000000000,184.387039179999988,0,76298.000000000000000,90.416542050000004, , ,M,Yes,M,1,Minority,66195.442625900002895,1048.689283729999943
"Block Group 4, Census Tract 712.01, Suffolk County, Massachusetts",250250712014,N,Boston,1078.000000000000000,47.000000000000000,95.640074209999995,662.000000000000000,233,35.196372990000000,17661.000000000000000,20.929075240000000,0,76298.000000000000000,90.416542050000004,I,E,M,Yes,MIE,3,"Minority, income and English isolation",52081.669823700001871,1081.637073469999905
"Block Group 3, Census Tract 917, Suffolk County, Massachusetts",250250917003,N,Boston,767.000000000000000,38.000000000000000,95.045632330000004,130.000000000000000,40,30.769229889999998,51818.000000000000000,61.406646729999999,0,76298.000000000000000,90.416542050000004,I,E,M,Yes,MIE,3,"Minority, income and English isolation",54169.145241199999873,1153.856070170000066
"Block Group 1, Census Tract 918, Suffolk County, Massachusetts",250250918001,N,Boston,1570.000000000000000,98.000000000000000,93.757961780000002,591.000000000000000,50,8.460236549999999,0.000000000000000,0.000000000000000,0,76298.000000000000000,90.416542050000004, , ,M,Yes,M,1,Minority,154567.052969000011217,1671.894071550000035
"Block Group 2, Census Tract 918, Suffolk County, Massachusetts",250250918002,N,Boston,1096.000000000000000,35.000000000000000,96.806569339999996,343.000000000000000,79,23.032070160000000,40966.000000000000000,48.546543120000003,0,76298.000000000000000,90.416542050000004,I, ,M,Yes,MI,2,Minority and income,89281.613194599995040,1529.142582949999905
"Block Group 3, Census Tract 918, Suffolk County, Massachusetts",250250918003,N,Boston,1052.000000000000000,62.000000000000000,94.106463880000007,341.000000000000000,37,10.850440030000000,60938.000000000000000,72.214256289999994,0,76298.000000000000000,90.416542050000004, , ,M,Yes,M,1,Minority,188184.008143999992171,2071.331591109999863
"Block Group 1, Census Tract 919, Suffolk County, Massachusetts",250250919001,N,Boston,959.000000000000000,35.000000000000000,96.350364959999993,241.000000000000000,27,11.203319550000000,26713.000000000000000,31.656099319999999,0,76298.000000000000000,90.416542050000004,I, ,M,Yes,MI,2,Minority and income,141167.794197999988683,1629.281964120000112
"Block Group 1, Census Tract 704.02, Suffolk County, Massachusetts",250250704021,N,Boston,2049.000000000000000,1345.000000000000000,34.358223520000003,877.000000000000000,29,3.306727410000000,126050.000000000000000,149.374893189999995,0,76298.000000000000000,90.416542050000004, , ,M,Yes,M,1,Minority,121638.409794000006514,1437.338859239999920
"Block Group 2, Census Tract 705.02, Suffolk County, Massachusetts",250250705022,N,Boston,2326.000000000000000,789.000000000000000,66.079105760000004,1391.000000000000000,633,45.506828310000003,16046.000000000000000,19.015228270000001,0,76298.000000000000000,90.416542050000004,I,E,M,Yes,MIE,3,"Minority, income and English isolation",125076.659289000002900,1586.870887320000065
"Block Group 1, Census Tract 707, Suffolk County, Massachusetts",250250707001,N,Boston,1236.000000000000000,552.000000000000000,55.339805830000003,581.000000000000000,59,10.154905319999999,37404.000000000000000,44.325412749999998,0,76298.000000000000000,90.416542050000004,I, ,M,Yes,MI,2,Minority and income,87654.946920899994439,1558.399187859999984
"Block Group 2, Census Tract 707, Suffolk County, Massachusetts",250250707002,N,Boston,1291.000000000000000,820.000000000000000,36.483346240000003,884.000000000000000,9,1.018099550000000,132500.000000000000000,157.018432619999999,0,76298.000000000000000,90.416542050000004, , ,M,Yes,M,1,Minority,75031.776140999994823,1286.939103919999980
"Block Group 2, Census Tract 711.01, Suffolk County, Massachusetts",250250711012,N,Boston,916.000000000000000,246.000000000000000,73.144104799999994,537.000000000000000,70,13.035381320000001,111528.000000000000000,132.165664670000012,0,76298.000000000000000,90.416542050000004, , ,M,Yes,M,1,Minority,56577.381592300000193,1330.762599449999925
"Block Group 1, Census Tract 709.02, Suffolk County, Massachusetts",250250709021,N,Boston,1211.000000000000000,550.000000000000000,54.582989269999999,523.000000000000000,85,16.252389910000002,0.000000000000000,0.000000000000000,0,76298.000000000000000,90.416542050000004, , ,M,Yes,M,1,Minority,60925.055594799996470,1113.910805270000083
"Block Group 2, Census Tract 1.02, Suffolk County, Massachusetts",250250001022,N,Boston,2694.000000000000000,1000.000000000000000,62.880475130000001,918.000000000000000,131,14.270152090000000,76591.000000000000000,90.763763429999997,0,76298.000000000000000,90.416542050000004, , ,M,Yes,M,1,Minority,896234.033037999994121,6665.514094440000008
"Block Group 4, Census Tract 2.01, Suffolk County, Massachusetts",250250002014,N,Boston,821.000000000000000,573.000000000000000,30.207064559999999,402.000000000000000,7,1.741293550000000,101818.000000000000000,120.658882140000003,0,76298.000000000000000,90.416542050000004, , ,M,Yes,M,1,Minority,85395.232878900002106,1212.335492420000037
"Block Group 2, Census Tract 101.03, Suffolk County, Massachusetts",250250101032,N,Boston,1200.000000000000000,627.000000000000000,47.750000000000000,51.000000000000000,0,0.000000000000000,0.000000000000000,0.000000000000000,0,76298.000000000000000,90.416542050000004, , ,M,Yes,M,1,Minority,41725.988935000001220,849.922060872999964
"Block Group 2, Census Tract 5.05, Suffolk County, Massachusetts",250250005052,N,Boston,888.000000000000000,538.000000000000000,39.414414409999999,452.000000000000000,44,9.734513280000000,40758.000000000000000,48.300052639999997,0,76298.000000000000000,90.416542050000004,I, ,M,Yes,MI,2,Minority and income,47060.229512999998406,1065.498076609999998
"Block Group 1, Census Tract 801, Suffolk County, Massachusetts",250250801001,N,Boston,2125.000000000000000,543.000000000000000,74.447058819999995,418.000000000000000,74,17.703350069999999,40263.000000000000000,47.713455199999999,0,76298.000000000000000,90.416542050000004,I, ,M,Yes,MI,2,Minority and income,936141.653383000055328,4837.133308899999975
"Block Group 2, Census Tract 801, Suffolk County, Massachusetts",250250801002,N,Boston,775.000000000000000,29.000000000000000,96.258064520000005,293.000000000000000,23,7.849829200000000,50272.000000000000000,59.574569699999998,0,76298.000000000000000,90.416542050000004,I, ,M,Yes,MI,2,Minority and income,90450.722856099993805,1284.346150309999985
"Block Group 1, Census Tract 803, Suffolk County, Massachusetts",250250803001,N,Boston,686.000000000000000,14.000000000000000,97.959183670000002,318.000000000000000,41,12.893081670000001,42617.000000000000000,50.503051759999998,0,76298.000000000000000,90.416542050000004,I, ,M,Yes,MI,2,Minority and income,95347.614045800000895,1403.905345950000083
"Block Group 2, Census Tract 803, Suffolk County, Massachusetts",250250803002,N,Boston,1550.000000000000000,132.000000000000000,91.483870969999998,621.000000000000000,25,4.025764940000000,43935.000000000000000,52.064941410000003,0,76298.000000000000000,90.416542050000004,I, ,M,Yes,MI,2,Minority and income,173466.315230000007432,1756.359614259999944
"Block Group 3, Census Tract 919, Suffolk County, Massachusetts",250250919003,N,Boston,1718.000000000000000,32.000000000000000,98.137369030000002,528.000000000000000,73,13.825757980000001,51806.000000000000000,61.392429350000000,0,76298.000000000000000,90.416542050000004,I, ,M,Yes,MI,2,Minority and income,171787.867777000006754,1891.895859420000079
"Block Group 4, Census Tract 919, Suffolk County, Massachusetts",250250919004,N,Boston,683.000000000000000,18.000000000000000,97.364568079999998,328.000000000000000,92,28.048780440000002,64231.000000000000000,76.116607669999993,0,76298.000000000000000,90.416542050000004, ,E,M,Yes,ME,2,Minority and English isolation,69065.875815199993667,1019.467365749999999
"Block Group 1, Census Tract 920, Suffolk County, Massachusetts",250250920001,N,Boston,1354.000000000000000,131.000000000000000,90.324963069999995,544.000000000000000,138,25.367647170000001,53750.000000000000000,63.696155550000000,0,76298.000000000000000,90.416542050000004,I,E,M,Yes,MIE,3,"Minority, income and English isolation",120367.450402999995276,1609.041237800000090
"Block Group 2, Census Tract 920, Suffolk County, Massachusetts",250250920002,N,Boston,1823.000000000000000,158.000000000000000,91.332967640000007,668.000000000000000,62,9.281436920000001,64211.000000000000000,76.092910770000003,0,76298.000000000000000,90.416542050000004, , ,M,Yes,M,1,Minority,180662.972305000002962,2408.727686220000123
"Block Group 3, Census Tract 920, Suffolk County, Massachusetts",250250920003,N,Boston,981.000000000000000,71.000000000000000,92.762487260000000,230.000000000000000,32,13.913043020000000,76905.000000000000000,91.135864260000005,0,76298.000000000000000,90.416542050000004, , ,M,Yes,M,1,Minority,112763.648920999999973,2083.792089319999832
"Block Group 4, Census Tract 921.01, Suffolk County, Massachusetts",250250921014,N,Boston,1021.000000000000000,247.000000000000000,75.808031339999999,352.000000000000000,149,42.329544069999997,41324.000000000000000,48.970787049999998,0,76298.000000000000000,90.416542050000004,I,E,M,Yes,MIE,3,"Minority, income and English isolation",227438.571284000005107,2237.778867340000033
"Block Group 5, Census Tract 921.01, Suffolk County, Massachusetts",250250921015,N,Boston,2590.000000000000000,533.000000000000000,79.420849419999996,1171.000000000000000,168,14.346712110000000,57285.000000000000000,67.885284420000005,0,76298.000000000000000,90.416542050000004, , ,M,Yes,M,1,Minority,212627.892041000013705,2069.191100850000112
"Block Group 3, Census Tract 921.01, Suffolk County, Massachusetts",250250921013,N,Boston,914.000000000000000,453.000000000000000,50.437636759999997,216.000000000000000,0,0.000000000000000,103359.000000000000000,122.485038759999995,0,76298.000000000000000,90.416542050000004, , ,M,Yes,M,1,Minority,570273.052037999965250,4428.142751129999851
"Block Group 5, Census Tract 924, Suffolk County, Massachusetts",250250924005,N,Boston,779.000000000000000,34.000000000000000,95.635430040000003,287.000000000000000,79,27.526132579999999,0.000000000000000,0.000000000000000,0,76298.000000000000000,90.416542050000004, ,E,M,Yes,ME,2,Minority and English isolation,70838.567898299996159,1118.219135739999956
"Block Group 1, Census Tract 1002, Suffolk County, Massachusetts",250251002001,N,Boston,1059.000000000000000,24.000000000000000,97.733711049999997,441.000000000000000,73,16.553287510000001,66195.000000000000000,78.444038390000003,0,76298.000000000000000,90.416542050000004, , ,M,Yes,M,1,Minority,137710.329763999994611,1771.267704419999973
"Block Group 2, Census Tract 203.04, Suffolk County, Massachusetts",250250203042,N,Boston,623.000000000000000,334.000000000000000,46.388443019999997,119.000000000000000,8,6.722689150000000,170417.000000000000000,201.951766969999994,0,76298.000000000000000,90.416542050000004, , ,M,Yes,M,1,Minority,105702.829639999996289,1455.525000699999964
"Block Group 3, Census Tract 5.05, Suffolk County, Massachusetts",250250005053,N,Boston,499.000000000000000,337.000000000000000,32.464929859999998,214.000000000000000,23,10.747663500000000,73333.000000000000000,85.426887510000000,1,76298.000000000000000,90.416542050000004, , ,M,Yes,M,1,Minority,54764.766830900000059,946.032736298000032
"Block Group 1, Census Tract 6.04, Suffolk County, Massachusetts",250250006041,N,Boston,1519.000000000000000,764.000000000000000,49.703752469999998,591.000000000000000,133,22.504230499999998,50869.000000000000000,60.282039640000001,0,76298.000000000000000,90.416542050000004,I, ,M,Yes,MI,2,Minority and income,164752.704541000013705,1673.984632870000041
"Block Group 3, Census Tract 304, Suffolk County, Massachusetts",250250304003,N,Boston,978.000000000000000,844.000000000000000,13.701431489999999,765.000000000000000,221,28.888889310000000,72335.000000000000000,85.720207209999998,1,76298.000000000000000,90.416542050000004, ,E, ,Yes,E,1,English isolation,42561.952920000003360,886.486662443000000
"Block Group 2, Census Tract 6.04, Suffolk County, Massachusetts",250250006042,N,Boston,1072.000000000000000,613.000000000000000,42.817164179999999,538.000000000000000,152,28.252788540000001,57237.000000000000000,67.828407290000001,0,76298.000000000000000,90.416542050000004, ,E,M,Yes,ME,2,Minority and English isolation,122293.630248000001302,1669.043126540000003
"Block Group 4, Census Tract 7.01, Suffolk County, Massachusetts",250250007014,N,Boston,1511.000000000000000,783.000000000000000,48.180013240000001,674.000000000000000,146,21.661720280000001,68333.000000000000000,80.977661130000001,0,76298.000000000000000,90.416542050000004, , ,M,Yes,M,1,Minority,65446.991016599997238,1251.122899969999935
"Block Group 1, Census Tract 804.01, Suffolk County, Massachusetts",250250804011,N,Boston,1910.000000000000000,267.000000000000000,86.020942410000004,710.000000000000000,27,3.802816870000000,31136.000000000000000,36.897552490000002,0,76298.000000000000000,90.416542050000004,I, ,M,Yes,MI,2,Minority and income,294575.151788000017405,2668.791718020000189
"Block Group 2, Census Tract 804.01, Suffolk County, Massachusetts",250250804012,N,Boston,1481.000000000000000,85.000000000000000,94.260634710000005,634.000000000000000,230,36.277603149999997,16339.000000000000000,19.362445829999999,0,76298.000000000000000,90.416542050000004,I,E,M,Yes,MIE,3,"Minority, income and English isolation",145701.620985999994446,1781.628709840000056
"Block Group 1, Census Tract 806.01, Suffolk County, Massachusetts",250250806011,N,Boston,4013.000000000000000,1650.000000000000000,58.883628209999998,363.000000000000000,55,15.151515010000001,25721.000000000000000,30.480535509999999,0,76298.000000000000000,90.416542050000004,I, ,M,Yes,MI,2,Minority and income,231236.314039999997476,2986.318184910000127
"Block Group 1, Census Tract 809, Suffolk County, Massachusetts",250250809001,N,Boston,1330.000000000000000,430.000000000000000,67.669172930000002,809.000000000000000,32,3.955500600000000,58542.000000000000000,69.374885559999996,0,76298.000000000000000,90.416542050000004, , ,M,Yes,M,1,Minority,40882.354190899997775,939.177794270000049
"Block Group 2, Census Tract 921.01, Suffolk County, Massachusetts",250250921012,N,Boston,1238.000000000000000,161.000000000000000,86.995153470000005,299.000000000000000,110,36.789299010000001,79375.000000000000000,94.062927250000001,0,76298.000000000000000,90.416542050000004, ,E,M,Yes,ME,2,Minority and English isolation,174647.715003999997862,1821.791271699999925
"Block Group 1, Census Tract 922, Suffolk County, Massachusetts",250250922001,N,Boston,972.000000000000000,186.000000000000000,80.864197529999998,282.000000000000000,36,12.765957830000000,107237.000000000000000,127.080642699999999,0,76298.000000000000000,90.416542050000004, , ,M,Yes,M,1,Minority,195390.881661999999778,1820.385510780000004
"Block Group 2, Census Tract 922, Suffolk County, Massachusetts",250250922002,N,Boston,856.000000000000000,200.000000000000000,76.635514020000002,286.000000000000000,8,2.797202830000000,119531.000000000000000,141.649581909999995,0,76298.000000000000000,90.416542050000004, , ,M,Yes,M,1,Minority,106848.634669999999460,1373.904795209999975
"Block Group 3, Census Tract 922, Suffolk County, Massachusetts",250250922003,N,Boston,812.000000000000000,176.000000000000000,78.325123149999996,297.000000000000000,34,11.447811130000000,64293.000000000000000,76.190078740000004,0,76298.000000000000000,90.416542050000004, , ,M,Yes,M,1,Minority,124875.841159000003245,1723.486845970000104
"Block Group 4, Census Tract 922, Suffolk County, Massachusetts",250250922004,N,Boston,962.000000000000000,189.000000000000000,80.353430349999996,261.000000000000000,10,3.831417560000000,37933.000000000000000,44.952301030000001,0,76298.000000000000000,90.416542050000004,I, ,M,Yes,MI,2,Minority and income,155368.872463000006974,1719.403926230000025
"Block Group 1, Census Tract 923, Suffolk County, Massachusetts",250250923001,N,Boston,781.000000000000000,31.000000000000000,96.030729829999999,306.000000000000000,25,8.169934270000001,76786.000000000000000,90.994842530000000,0,76298.000000000000000,90.416542050000004, , ,M,Yes,M,1,Minority,107196.708062000005157,1411.963582780000024
"Block Group 1, Census Tract 906, Suffolk County, Massachusetts",250250906001,N,Boston,1099.000000000000000,78.000000000000000,92.902638760000002,388.000000000000000,103,26.546392440000002,45714.000000000000000,54.173133849999999,0,76298.000000000000000,90.416542050000004,I,E,M,Yes,MIE,3,"Minority, income and English isolation",116333.523830999998609,1447.842621839999993
"Block Group 1, Census Tract 907, Suffolk County, Massachusetts",250250907001,N,Boston,1171.000000000000000,680.000000000000000,41.929974379999997,352.000000000000000,20,5.681818010000000,156034.000000000000000,184.907272339999992,0,76298.000000000000000,90.416542050000004, , ,M,Yes,M,1,Minority,225555.041709000011906,2237.044221269999980
"Block Group 3, Census Tract 907, Suffolk County, Massachusetts",250250907003,N,Boston,1178.000000000000000,680.000000000000000,42.275042440000000,406.000000000000000,66,16.256156919999999,70795.000000000000000,83.895240779999995,0,76298.000000000000000,90.416542050000004, , ,M,Yes,M,1,Minority,117667.529502999997931,1464.584102690000009
"Block Group 4, Census Tract 907, Suffolk County, Massachusetts",250250907004,N,Boston,1064.000000000000000,573.000000000000000,46.146616539999997,269.000000000000000,37,13.754647250000000,157607.000000000000000,186.771347050000003,0,76298.000000000000000,90.416542050000004, , ,M,Yes,M,1,Minority,623345.161613999982364,3410.061527129999831
"Block Group 1, Census Tract 7.03, Suffolk County, Massachusetts",250250007031,N,Boston,1045.000000000000000,476.000000000000000,54.449760769999997,501.000000000000000,20,3.992016080000000,34871.000000000000000,41.323696140000003,0,76298.000000000000000,90.416542050000004,I, ,M,Yes,MI,2,Minority and income,72950.505952099993010,1976.816443570000047
"Block Group 2, Census Tract 8.04, Suffolk County, Massachusetts",250250008042,N,Boston,1786.000000000000000,849.000000000000000,52.463605819999998,584.000000000000000,17,2.910959010000000,106250.000000000000000,125.911003109999996,0,76298.000000000000000,90.416542050000004, , ,M,Yes,M,1,Minority,319724.170759000000544,2818.299683509999795
"Block Group 1, Census Tract 8.05, Suffolk County, Massachusetts",250250008051,N,Boston,1797.000000000000000,919.000000000000000,48.859209790000001,587.000000000000000,108,18.398637770000001,59792.000000000000000,70.856193540000007,0,76298.000000000000000,90.416542050000004, , ,M,Yes,M,1,Minority,121944.888519999993150,1701.729188190000059
"Block Group 3, Census Tract 8.05, Suffolk County, Massachusetts",250250008053,N,Boston,1683.000000000000000,791.000000000000000,53.000594180000000,461.000000000000000,109,23.644250870000000,27314.000000000000000,32.368312840000002,0,76298.000000000000000,90.416542050000004,I, ,M,Yes,MI,2,Minority and income,138939.234648999990895,1900.155374669999901
"Block Group 2, Census Tract 810.01, Suffolk County, Massachusetts",250250810012,N,Boston,1445.000000000000000,650.000000000000000,55.017301040000000,556.000000000000000,37,6.654676440000000,45395.000000000000000,53.795104979999998,0,76298.000000000000000,90.416542050000004,I, ,M,Yes,MI,2,Minority and income,85255.510120199993253,1550.476231000000098
"Block Group 4, Census Tract 810.01, Suffolk County, Massachusetts",250250810014,N,Boston,1896.000000000000000,389.000000000000000,79.483122359999996,683.000000000000000,219,32.064422610000001,16648.000000000000000,19.728624340000000,0,76298.000000000000000,90.416542050000004,I,E,M,Yes,MIE,3,"Minority, income and English isolation",88071.922645400001784,1625.707295729999942
"Block Group 5, Census Tract 810.01, Suffolk County, Massachusetts",250250810015,N,Boston,548.000000000000000,86.000000000000000,84.306569339999996,314.000000000000000,50,15.923566820000000,0.000000000000000,0.000000000000000,0,76298.000000000000000,90.416542050000004, , ,M,Yes,M,1,Minority,275959.235027000016998,2403.425431959999969
"Block Group 1, Census Tract 811.01, Suffolk County, Massachusetts",250250811011,N,Boston,372.000000000000000,200.000000000000000,46.236559139999997,273.000000000000000,47,17.216117860000001,77702.000000000000000,90.516410829999998,1,76298.000000000000000,90.416542050000004, , ,M,Yes,M,1,Minority,23523.282306699999026,637.885200373999965
"Block Group 2, Census Tract 923, Suffolk County, Massachusetts",250250923002,N,Boston,784.000000000000000,33.000000000000000,95.790816329999998,199.000000000000000,24,12.060301780000000,56250.000000000000000,66.658767699999999,0,76298.000000000000000,90.416542050000004, , ,M,Yes,M,1,Minority,78405.933746599999722,1165.814568810000083
"Block Group 3, Census Tract 923, Suffolk County, Massachusetts",250250923003,N,Boston,1071.000000000000000,38.000000000000000,96.451914099999996,398.000000000000000,12,3.015075450000000,55313.000000000000000,65.548377990000006,0,76298.000000000000000,90.416542050000004, , ,M,Yes,M,1,Minority,96984.950725300004706,1323.794711600000028
"Block Group 4, Census Tract 923, Suffolk County, Massachusetts",250250923004,N,Boston,665.000000000000000,17.000000000000000,97.443609019999997,164.000000000000000,44,26.829267500000000,64107.000000000000000,75.969665530000000,0,76298.000000000000000,90.416542050000004, ,E,M,Yes,ME,2,Minority and English isolation,60365.664463499997510,1004.394559060000006
"Block Group 1, Census Tract 924, Suffolk County, Massachusetts",250250924001,N,Boston,820.000000000000000,34.000000000000000,95.853658539999998,214.000000000000000,51,23.831775669999999,56172.000000000000000,66.566329960000004,0,76298.000000000000000,90.416542050000004, , ,M,Yes,M,1,Minority,85539.106980299999123,1586.120913819999942
"Block Group 2, Census Tract 924, Suffolk County, Massachusetts",250250924002,N,Boston,1223.000000000000000,55.000000000000000,95.502861820000007,225.000000000000000,17,7.555555340000000,21595.000000000000000,25.591041560000001,0,76298.000000000000000,90.416542050000004,I, ,M,Yes,MI,2,Minority and income,127718.419458000003942,1578.443242979999923
"Block Group 3, Census Tract 924, Suffolk County, Massachusetts",250250924003,N,Boston,1811.000000000000000,48.000000000000000,97.349530650000005,812.000000000000000,89,10.960591320000001,45843.000000000000000,54.326004030000000,0,76298.000000000000000,90.416542050000004,I, ,M,Yes,MI,2,Minority and income,183576.287057000008645,1934.981668979999995
"Block Group 1, Census Tract 805, Suffolk County, Massachusetts",250250805001,N,Boston,1198.000000000000000,192.000000000000000,83.973288810000000,485.000000000000000,38,7.835051540000000,56250.000000000000000,66.658767699999999,0,76298.000000000000000,90.416542050000004, , ,M,Yes,M,1,Minority,104116.864180000004126,1863.744363329999942
"Block Group 2, Census Tract 805, Suffolk County, Massachusetts",250250805002,N,Boston,2090.000000000000000,116.000000000000000,94.449760769999997,1041.000000000000000,271,26.032661439999998,24094.000000000000000,28.552467350000001,0,76298.000000000000000,90.416542050000004,I,E,M,Yes,MIE,3,"Minority, income and English isolation",139942.785159999999451,1617.977100099999916
"Block Group 3, Census Tract 806.01, Suffolk County, Massachusetts",250250806013,N,Boston,561.000000000000000,87.000000000000000,84.491978610000004,251.000000000000000,68,27.091632839999999,8531.000000000000000,10.109616279999999,0,76298.000000000000000,90.416542050000004,I,E,M,Yes,MIE,3,"Minority, income and English isolation",115564.176078000004054,1938.319159200000058
"Block Group 1, Census Tract 808.01, Suffolk County, Massachusetts",250250808011,N,Boston,2384.000000000000000,1164.000000000000000,51.174496640000001,493.000000000000000,88,17.849899290000000,13325.000000000000000,15.790720940000000,0,76298.000000000000000,90.416542050000004,I, ,M,Yes,MI,2,Minority and income,196269.553458999987924,2288.155913850000161
"Block Group 2, Census Tract 8.06, Suffolk County, Massachusetts",250250008062,N,Boston,1901.000000000000000,919.000000000000000,51.657022619999999,615.000000000000000,11,1.788617850000000,53713.000000000000000,63.652309420000002,0,76298.000000000000000,90.416542050000004,I, ,M,Yes,MI,2,Minority and income,846920.849618999985978,5063.121967539999787
"Block Group 1, Census Tract 8.07, Suffolk County, Massachusetts",250250008071,N,Boston,2282.000000000000000,1225.000000000000000,46.319018399999997,0.000000000000000,0,0.000000000000000,0.000000000000000,0.000000000000000,0,76298.000000000000000,90.416542050000004, , ,M,Yes,M,1,Minority,218578.012232000008225,2314.795427200000177
"Block Group 1, Census Tract 101.04, Suffolk County, Massachusetts",250250101041,N,Boston,1398.000000000000000,991.000000000000000,29.113018600000000,705.000000000000000,0,0.000000000000000,90917.000000000000000,107.740715030000004,0,76298.000000000000000,90.416542050000004, , ,M,Yes,M,1,Minority,98877.627051699993899,1388.461528699999917
"Block Group 2, Census Tract 811.01, Suffolk County, Massachusetts",250250811012,N,Boston,1112.000000000000000,606.000000000000000,45.503597120000002,355.000000000000000,33,9.295774460000001,83472.000000000000000,98.918052669999994,0,76298.000000000000000,90.416542050000004, , ,M,Yes,M,1,Minority,94249.916235299999244,1917.031919999999900
"Block Group 1, Census Tract 811.02, Suffolk County, Massachusetts",250250811021,N,Boston,1572.000000000000000,673.000000000000000,57.188295170000004,395.000000000000000,83,21.012659070000002,41591.000000000000000,48.450077059999998,1,76298.000000000000000,90.416542050000004,I, ,M,Yes,MI,2,Minority and income,254564.030548999988241,2230.344556370000191
"Block Group 2, Census Tract 811.02, Suffolk County, Massachusetts",250250811022,N,Boston,1593.000000000000000,575.000000000000000,63.904582550000001,850.000000000000000,316,37.176471710000001,74295.000000000000000,88.042900090000003,0,76298.000000000000000,90.416542050000004, ,E,M,Yes,ME,2,Minority and English isolation,122279.765031999995699,1885.338105779999978
"Block Group 1, Census Tract 812, Suffolk County, Massachusetts",250250812001,N,Boston,1393.000000000000000,507.000000000000000,63.603732950000001,526.000000000000000,93,17.680608750000001,70956.000000000000000,84.086036680000007,0,76298.000000000000000,90.416542050000004, , ,M,Yes,M,1,Minority,116335.827707000004011,1558.876154020000058
"Block Group 4, Census Tract 924, Suffolk County, Massachusetts",250250924004,N,Boston,1434.000000000000000,10.000000000000000,99.302649930000001,561.000000000000000,46,8.199643139999999,22168.000000000000000,26.270071030000000,0,76298.000000000000000,90.416542050000004,I, ,M,Yes,MI,2,Minority and income,126776.002496000000974,1418.732042979999960
"Block Group 1, Census Tract 1001, Suffolk County, Massachusetts",250251001001,N,Boston,611.000000000000000,27.000000000000000,95.581014730000007,233.000000000000000,0,0.000000000000000,0.000000000000000,0.000000000000000,0,76298.000000000000000,90.416542050000004, , ,M,Yes,M,1,Minority,194985.401125000003958,1908.631343689999994
"Block Group 2, Census Tract 1001, Suffolk County, Massachusetts",250251001002,N,Boston,735.000000000000000,9.000000000000000,98.775510199999999,265.000000000000000,21,7.924528120000000,35424.000000000000000,41.979022980000003,0,76298.000000000000000,90.416542050000004,I, ,M,Yes,MI,2,Minority and income,80642.430699599994114,1437.520826709999938
"Block Group 3, Census Tract 1001, Suffolk County, Massachusetts",250251001003,N,Boston,984.000000000000000,30.000000000000000,96.951219510000001,410.000000000000000,37,9.024390220000001,44615.000000000000000,52.870769500000002,0,76298.000000000000000,90.416542050000004,I, ,M,Yes,MI,2,Minority and income,129554.586899000001722,1792.266999590000069
"Block Group 4, Census Tract 1001, Suffolk County, Massachusetts",250251001004,N,Boston,1008.000000000000000,31.000000000000000,96.924603169999997,254.000000000000000,46,18.110237120000001,54949.000000000000000,65.117019650000003,0,76298.000000000000000,90.416542050000004,I, ,M,Yes,MI,2,Minority and income,96666.183004999998957,1536.181002889999945
"Block Group 5, Census Tract 1001, Suffolk County, Massachusetts",250251001005,N,Boston,689.000000000000000,28.000000000000000,95.936139330000003,200.000000000000000,0,0.000000000000000,26331.000000000000000,31.203413009999998,0,76298.000000000000000,90.416542050000004,I, ,M,Yes,MI,2,Minority and income,62359.674342699996487,1082.552236980000089
"Block Group 2, Census Tract 1002, Suffolk County, Massachusetts",250251002002,N,Boston,727.000000000000000,12.000000000000000,98.349381019999996,178.000000000000000,0,0.000000000000000,42232.000000000000000,50.046810149999999,0,76298.000000000000000,90.416542050000004,I, ,M,Yes,MI,2,Minority and income,80947.395802800005185,1544.553348520000100
"Block Group 3, Census Tract 1002, Suffolk County, Massachusetts",250251002003,N,Boston,1133.000000000000000,10.000000000000000,99.117387469999997,449.000000000000000,30,6.681514260000000,61181.000000000000000,72.502220149999999,0,76298.000000000000000,90.416542050000004, , ,M,Yes,M,1,Minority,131959.940000000002328,1852.339410710000038
"Block Group 1, Census Tract 1003, Suffolk County, Massachusetts",250251003001,N,Boston,1288.000000000000000,54.000000000000000,95.807453420000002,535.000000000000000,31,5.794392590000000,70351.000000000000000,83.369079589999998,0,76298.000000000000000,90.416542050000004, , ,M,Yes,M,1,Minority,175583.383991000009701,2038.353741410000112
"Block Group 3, Census Tract 1003, Suffolk County, Massachusetts",250251003003,N,Boston,842.000000000000000,35.000000000000000,95.843230399999996,307.000000000000000,20,6.514657970000000,72232.000000000000000,85.598152159999998,0,76298.000000000000000,90.416542050000004, , ,M,Yes,M,1,Minority,106129.562583000006271,1316.262891099999933
"Block Group 4, Census Tract 1003, Suffolk County, Massachusetts",250251003004,N,Boston,733.000000000000000,11.000000000000000,98.499317869999999,300.000000000000000,27,9.000000000000000,29954.000000000000000,35.496829990000002,0,76298.000000000000000,90.416542050000004,I, ,M,Yes,MI,2,Minority and income,104354.730364000002737,1624.380438760000061
"Block Group 3, Census Tract 101.04, Suffolk County, Massachusetts",250250101043,N,Boston,1162.000000000000000,640.000000000000000,44.922547330000000,529.000000000000000,118,22.306238170000000,26463.000000000000000,31.359838490000001,0,76298.000000000000000,90.416542050000004,I, ,M,Yes,MI,2,Minority and income,103520.613486000002013,1914.922517640000024
"Block Group 2, Census Tract 104.04, Suffolk County, Massachusetts",250250104042,N,Boston,1861.000000000000000,1085.000000000000000,41.698011819999998,247.000000000000000,56,22.672063829999999,28250.000000000000000,33.477512359999999,0,76298.000000000000000,90.416542050000004,I, ,M,Yes,MI,2,Minority and income,38375.841241399997671,869.592705439000042
"Block Group 3, Census Tract 104.04, Suffolk County, Massachusetts",250250104043,N,Boston,1403.000000000000000,686.000000000000000,51.104775480000001,526.000000000000000,66,12.547528270000001,19583.000000000000000,23.206731800000000,0,76298.000000000000000,90.416542050000004,I, ,M,Yes,MI,2,Minority and income,26565.739717000000383,842.576538360999962
"Block Group 1, Census Tract 203.05, Suffolk County, Massachusetts",250250203051,N,Boston,1378.000000000000000,863.000000000000000,37.373004350000002,174.000000000000000,0,0.000000000000000,154357.000000000000000,179.813140870000012,1,76298.000000000000000,90.416542050000004, , ,M,Yes,M,1,Minority,294311.322164000011981,2512.845405030000165
"Block Group 1, Census Tract 404.01, Suffolk County, Massachusetts",250250404011,N,Boston,1957.000000000000000,1383.000000000000000,29.330608070000000,933.000000000000000,61,6.538049220000000,86734.000000000000000,102.783668520000006,0,76298.000000000000000,90.416542050000004, , ,M,Yes,M,1,Minority,121173.119412999993074,1678.774303890000056
"Block Group 3, Census Tract 812, Suffolk County, Massachusetts",250250812003,N,Boston,621.000000000000000,11.000000000000000,98.228663449999999,174.000000000000000,28,16.091953279999998,13462.000000000000000,15.953072550000000,0,76298.000000000000000,90.416542050000004,I, ,M,Yes,MI,2,Minority and income,75801.927689100004500,1172.514790769999991
"Block Group 1, Census Tract 813.01, Suffolk County, Massachusetts",250250813011,N,Boston,767.000000000000000,95.000000000000000,87.614080830000006,222.000000000000000,87,39.189189910000003,17391.000000000000000,20.259077070000000,1,76298.000000000000000,90.416542050000004,I,E,M,Yes,MIE,3,"Minority, income and English isolation",50674.128194500000973,1032.008668599999964
"Block Group 2, Census Tract 813.01, Suffolk County, Massachusetts",250250813012,N,Boston,1627.000000000000000,241.000000000000000,85.187461589999998,826.000000000000000,334,40.435836790000003,13811.000000000000000,16.088672639999999,1,76298.000000000000000,90.416542050000004,I,E,M,Yes,MIE,3,"Minority, income and English isolation",184968.678331000002800,2357.050849419999849
"Block Group 1, Census Tract 813.02, Suffolk County, Massachusetts",250250813021,N,Boston,1121.000000000000000,40.000000000000000,96.431757360000006,532.000000000000000,128,24.060150149999998,22524.000000000000000,26.691947939999999,0,76298.000000000000000,90.416542050000004,I, ,M,Yes,MI,2,Minority and income,84494.780055099996389,1186.371102800000017
"Block Group 2, Census Tract 813.02, Suffolk County, Massachusetts",250250813022,N,Boston,1959.000000000000000,215.000000000000000,89.025012759999996,614.000000000000000,85,13.843647960000000,0.000000000000000,0.000000000000000,0,76298.000000000000000,90.416542050000004, , ,M,Yes,M,1,Minority,260162.616081999993185,2718.697247470000093
"Block Group 6, Census Tract 1001, Suffolk County, Massachusetts",250251001006,N,Boston,868.000000000000000,13.000000000000000,98.502304150000001,469.000000000000000,12,2.558635470000000,25188.000000000000000,29.848907470000000,0,76298.000000000000000,90.416542050000004,I, ,M,Yes,MI,2,Minority and income,282458.743929999996908,2876.007900179999979
"Block Group 7, Census Tract 1001, Suffolk County, Massachusetts",250251001007,N,Boston,827.000000000000000,13.000000000000000,98.428053199999994,269.000000000000000,47,17.472118380000001,0.000000000000000,0.000000000000000,0,76298.000000000000000,90.416542050000004, , ,M,Yes,M,1,Minority,190728.080645000009099,2324.370871590000206
"Block Group 2, Census Tract 1003, Suffolk County, Massachusetts",250251003002,N,Boston,874.000000000000000,28.000000000000000,96.796338669999997,201.000000000000000,8,3.980099440000000,52171.000000000000000,61.824970250000000,0,76298.000000000000000,90.416542050000004,I, ,M,Yes,MI,2,Minority and income,105777.643597000002046,1386.671029379999936
"Block Group 2, Census Tract 511.01, Suffolk County, Massachusetts",250250511012,N,Boston,1831.000000000000000,582.000000000000000,68.214090659999997,1075.000000000000000,311,28.930233000000001,48707.000000000000000,57.719974520000001,0,76298.000000000000000,90.416542050000004,I,E,M,Yes,MIE,3,"Minority, income and English isolation",284602.043463999987580,2452.868151650000073
"Block Group 1, Census Tract 909.01, Suffolk County, Massachusetts",250250909011,N,Boston,1403.000000000000000,349.000000000000000,75.124732719999997,605.000000000000000,175,28.925619130000001,26827.000000000000000,31.791194919999999,0,76298.000000000000000,90.416542050000004,I,E,M,Yes,MIE,3,"Minority, income and English isolation",328859.652311999991070,2499.504793869999958
"Block Group 2, Census Tract 910.01, Suffolk County, Massachusetts",250250910012,N,Boston,796.000000000000000,355.000000000000000,55.402010050000001,229.000000000000000,36,15.720523829999999,0.000000000000000,0.000000000000000,0,76298.000000000000000,90.416542050000004, , ,M,Yes,M,1,Minority,347725.469725999981165,3404.125375739999981
"Block Group 2, Census Tract 911, Suffolk County, Massachusetts",250250911002,N,Boston,1195.000000000000000,731.000000000000000,38.828451880000003,625.000000000000000,61,9.760000229999999,82900.000000000000000,98.240211489999993,0,76298.000000000000000,90.416542050000004, , ,M,Yes,M,1,Minority,99671.998731400002725,1399.100028840000050
"Block Group 1, Census Tract 910.01, Suffolk County, Massachusetts",250250910011,N,Boston,645.000000000000000,130.000000000000000,79.844961240000003,297.000000000000000,126,42.424243930000003,0.000000000000000,0.000000000000000,0,76298.000000000000000,90.416542050000004, ,E,M,Yes,ME,2,Minority and English isolation,96897.787679200002458,1611.217712639999945
"Block Group 1, Census Tract 406, Suffolk County, Massachusetts",250250406001,N,Boston,1760.000000000000000,1273.000000000000000,27.670454549999999,741.000000000000000,0,0.000000000000000,127344.000000000000000,150.908340449999997,0,76298.000000000000000,90.416542050000004, , ,M,Yes,M,1,Minority,1678873.893930000020191,8917.510833189999175
"Block Group 2, Census Tract 501.01, Suffolk County, Massachusetts",250250501012,N,Boston,1389.000000000000000,328.000000000000000,76.385889129999995,616.000000000000000,231,37.500000000000000,22910.000000000000000,27.149374009999999,0,76298.000000000000000,90.416542050000004,I,E,M,Yes,MIE,3,"Minority, income and English isolation",298684.433284999977332,2532.019539150000128
"Block Group 1, Census Tract 502, Suffolk County, Massachusetts",250250502001,N,Boston,2140.000000000000000,580.000000000000000,72.897196260000001,674.000000000000000,89,13.204748150000000,67564.000000000000000,80.066360470000006,0,76298.000000000000000,90.416542050000004, , ,M,Yes,M,1,Minority,96792.389108200004557,1359.491812709999977
"Block Group 2, Census Tract 502, Suffolk County, Massachusetts",250250502002,N,Boston,1238.000000000000000,440.000000000000000,64.458804520000001,653.000000000000000,157,24.042879100000000,76635.000000000000000,90.815902710000003,0,76298.000000000000000,90.416542050000004, , ,M,Yes,M,1,Minority,73442.725438800000120,1677.462892560000000
"Block Group 4, Census Tract 502, Suffolk County, Massachusetts",250250502004,N,Boston,1031.000000000000000,221.000000000000000,78.564500480000007,307.000000000000000,164,53.420196529999998,63438.000000000000000,75.176864620000003,0,76298.000000000000000,90.416542050000004, ,E,M,Yes,ME,2,Minority and English isolation,43289.856112399997073,1058.441033580000067
"Block Group 3, Census Tract 503, Suffolk County, Massachusetts",250250503003,N,Boston,1006.000000000000000,427.000000000000000,57.554671970000001,724.000000000000000,178,24.585636139999998,12013.000000000000000,14.235942840000000,0,76298.000000000000000,90.416542050000004,I,E,M,Yes,MIE,3,"Minority, income and English isolation",179067.944352999998955,1824.053073499999982
"Block Group 2, Census Tract 504, Suffolk County, Massachusetts",250250504002,N,Boston,1769.000000000000000,927.000000000000000,47.597512719999997,837.000000000000000,167,19.952209470000000,80268.000000000000000,95.121170039999996,0,76298.000000000000000,90.416542050000004, , ,M,Yes,M,1,Minority,93316.199181899995892,1202.226225280000108
"Block Group 1, Census Tract 408.01, Suffolk County, Massachusetts",250250408011,N,Boston,1190.000000000000000,157.000000000000000,86.806722690000001,557.000000000000000,135,24.236984249999999,12116.000000000000000,14.358001710000000,0,76298.000000000000000,90.416542050000004,I, ,M,Yes,MI,2,Minority and income,59650.966056800003571,1018.661345620000020
"Block Group 1, Census Tract 814, Suffolk County, Massachusetts",250250814001,N,Boston,820.000000000000000,207.000000000000000,74.756097560000001,207.000000000000000,0,0.000000000000000,49205.000000000000000,58.310127260000002,0,76298.000000000000000,90.416542050000004,I, ,M,Yes,MI,2,Minority and income,127944.280173000006471,1877.075423250000085
"Block Group 2, Census Tract 814, Suffolk County, Massachusetts",250250814002,N,Boston,1009.000000000000000,402.000000000000000,60.158572839999998,334.000000000000000,0,0.000000000000000,97250.000000000000000,115.245597840000002,0,76298.000000000000000,90.416542050000004, , ,M,Yes,M,1,Minority,226696.288647999987006,2900.554166490000171
"Block Group 3, Census Tract 814, Suffolk County, Massachusetts",250250814003,N,Boston,1401.000000000000000,362.000000000000000,74.161313350000000,567.000000000000000,118,20.811286930000001,43151.000000000000000,51.135864259999998,0,76298.000000000000000,90.416542050000004,I, ,M,Yes,MI,2,Minority and income,174733.352420999988681,1699.976778799999920
"Block Group 4, Census Tract 814, Suffolk County, Massachusetts",250250814004,N,Boston,544.000000000000000,201.000000000000000,63.051470590000001,151.000000000000000,0,0.000000000000000,37656.000000000000000,44.624046329999999,0,76298.000000000000000,90.416542050000004,I, ,M,Yes,MI,2,Minority and income,91067.820081500001834,1863.294898590000003
"Block Group 2, Census Tract 808.01, Suffolk County, Massachusetts",250250808012,N,Boston,1898.000000000000000,74.000000000000000,96.101159109999998,648.000000000000000,93,14.351851460000001,33629.000000000000000,39.851867679999998,0,76298.000000000000000,90.416542050000004,I, ,M,Yes,MI,2,Minority and income,168599.464072000002488,1747.852018309999949
"Block Group 1, Census Tract 512, Suffolk County, Massachusetts",250250512001,N,Boston,833.000000000000000,521.000000000000000,37.454981990000000,327.000000000000000,84,25.688074109999999,150313.000000000000000,178.127624510000004,0,76298.000000000000000,90.416542050000004, ,E,M,Yes,ME,2,Minority and English isolation,727454.493901000008918,5666.833207220000077
"Block Group 2, Census Tract 512, Suffolk County, Massachusetts",250250512002,N,Boston,1703.000000000000000,852.000000000000000,49.970640050000000,658.000000000000000,56,8.510638240000000,69103.000000000000000,81.890144350000000,0,76298.000000000000000,90.416542050000004, , ,M,Yes,M,1,Minority,121742.273046999995131,1897.911131399999931
"Block Group 3, Census Tract 512, Suffolk County, Massachusetts",250250512003,N,Boston,918.000000000000000,644.000000000000000,29.847494550000000,466.000000000000000,34,7.296137330000000,90917.000000000000000,107.740715030000004,0,76298.000000000000000,90.416542050000004, , ,M,Yes,M,1,Minority,73734.312373199994909,1527.698767009999983
"Block Group 1, Census Tract 819, Suffolk County, Massachusetts",250250819001,N,Boston,1090.000000000000000,35.000000000000000,96.788990830000003,391.000000000000000,32,8.184143069999999,36071.000000000000000,42.745750430000001,0,76298.000000000000000,90.416542050000004,I, ,M,Yes,MI,2,Minority and income,150385.775193000008585,2000.073548070000015
"Block Group 2, Census Tract 809, Suffolk County, Massachusetts",250250809002,N,Boston,1780.000000000000000,1061.000000000000000,40.393258430000003,398.000000000000000,0,0.000000000000000,66552.000000000000000,78.867095950000007,0,76298.000000000000000,90.416542050000004, , ,M,Yes,M,1,Minority,108743.121194999999716,1389.219501810000111
"Block Group 3, Census Tract 809, Suffolk County, Massachusetts",250250809003,N,Boston,1266.000000000000000,703.000000000000000,44.470774089999999,297.000000000000000,0,0.000000000000000,91250.000000000000000,108.135330199999999,0,76298.000000000000000,90.416542050000004, , ,M,Yes,M,1,Minority,106849.822243000002345,1496.827518260000033
"Block Group 1, Census Tract 810.01, Suffolk County, Massachusetts",250250810011,N,Boston,1062.000000000000000,713.000000000000000,32.862523539999998,260.000000000000000,0,0.000000000000000,72609.000000000000000,84.583480829999999,1,76298.000000000000000,90.416542050000004, , ,M,Yes,M,1,Minority,83478.059814799999003,2032.380148839999947
"Block Group 3, Census Tract 810.01, Suffolk County, Massachusetts",250250810013,N,Boston,744.000000000000000,117.000000000000000,84.274193550000007,609.000000000000000,317,52.052543640000003,22730.000000000000000,26.936067580000000,0,76298.000000000000000,90.416542050000004,I,E,M,Yes,MIE,3,"Minority, income and English isolation",26904.337596500001382,774.236482015999968
"Block Group 1, Census Tract 815, Suffolk County, Massachusetts",250250815001,N,Boston,1085.000000000000000,287.000000000000000,73.548387099999999,377.000000000000000,0,0.000000000000000,45179.000000000000000,53.539134980000000,0,76298.000000000000000,90.416542050000004,I, ,M,Yes,MI,2,Minority and income,155951.575550000008661,1936.653635899999927
"Block Group 1, Census Tract 7.04, Suffolk County, Massachusetts",250250007041,N,Boston,1814.000000000000000,965.000000000000000,46.802646090000003,557.000000000000000,34,6.104129310000000,65078.000000000000000,77.120338439999998,0,76298.000000000000000,90.416542050000004, , ,M,Yes,M,1,Minority,109778.395925000004354,1399.505735210000012
"Block Group 2, Census Tract 7.04, Suffolk County, Massachusetts",250250007042,N,Boston,1299.000000000000000,659.000000000000000,49.268668210000001,468.000000000000000,6,1.282051320000000,97167.000000000000000,115.147239690000006,0,76298.000000000000000,90.416542050000004, , ,M,Yes,M,1,Minority,42456.783011500003340,1322.240834910000103
"Block Group 3, Census Tract 7.04, Suffolk County, Massachusetts",250250007043,N,Boston,1122.000000000000000,630.000000000000000,43.850267379999998,492.000000000000000,26,5.284553050000000,71464.000000000000000,84.688034060000007,0,76298.000000000000000,90.416542050000004, , ,M,Yes,M,1,Minority,39097.465634499996668,878.683013748999997
"Block Group 4, Census Tract 7.04, Suffolk County, Massachusetts",250250007044,N,Boston,1077.000000000000000,415.000000000000000,61.467038070000001,534.000000000000000,120,22.471910479999998,44941.000000000000000,53.257095339999999,0,76298.000000000000000,90.416542050000004,I, ,M,Yes,MI,2,Minority and income,48430.694035300002724,1067.675639920000094
"Block Group 1, Census Tract 8.04, Suffolk County, Massachusetts",250250008041,N,Boston,2027.000000000000000,812.000000000000000,59.940799210000002,646.000000000000000,86,13.312693599999999,50909.000000000000000,59.304779050000000,1,76298.000000000000000,90.416542050000004,I, ,M,Yes,MI,2,Minority and income,287834.494025999971200,2604.754599809999945
"Block Group 5, Census Tract 7423, Worcester County, Massachusetts",250277423005,N,Westborough,788.000000000000000,411.000000000000000,47.842639589999997,269.000000000000000,23,8.550186160000001,89191.000000000000000,105.695327759999998,0,119299.000000000000000,141.374649049999988, , ,M,Yes,M,1,Minority,471745.389087999996264,3589.428666920000069
"Block Group 2, Census Tract 7424.02, Worcester County, Massachusetts",250277424022,N,Westborough,2036.000000000000000,664.000000000000000,67.387033400000007,584.000000000000000,17,2.910959010000000,168125.000000000000000,199.235641479999998,0,119299.000000000000000,141.374649049999988, , ,M,Yes,M,1,Minority,4255397.938020000234246,8952.150418409999475
"Block Group 1, Census Tract 7442.01, Worcester County, Massachusetts",250277442011,N,Milford,2009.000000000000000,1273.000000000000000,36.635141859999997,689.000000000000000,15,2.177068230000000,76250.000000000000000,90.359657290000001,0,86203.000000000000000,102.154411319999994, , ,M,Yes,M,1,Minority,3886365.244899999815971,9002.143669580000278
"Block Group 1, Census Tract 7442.02, Worcester County, Massachusetts",250277442021,N,Milford,1290.000000000000000,733.000000000000000,43.178294569999998,447.000000000000000,68,15.212528230000000,78147.000000000000000,92.607688899999999,0,86203.000000000000000,102.154411319999994, , ,M,Yes,M,1,Minority,864785.254667000030167,5766.494511779999812
"Block Group 2, Census Tract 7442.02, Worcester County, Massachusetts",250277442022,N,Milford,934.000000000000000,563.000000000000000,39.721627410000004,453.000000000000000,99,21.854305270000001,57266.000000000000000,67.862770080000004,0,86203.000000000000000,102.154411319999994, , ,M,Yes,M,1,Minority,1036646.244590000016615,5194.512543329999971
"Block Group 1, Census Tract 7443, Worcester County, Massachusetts",250277443001,N,Milford,1151.000000000000000,485.000000000000000,57.862728060000002,458.000000000000000,111,24.235807420000000,56944.000000000000000,67.481185909999994,0,86203.000000000000000,102.154411319999994, , ,M,Yes,M,1,Minority,353715.909099999989849,3104.309870680000131
"Block Group 2, Census Tract 7443, Worcester County, Massachusetts",250277443002,N,Milford,1356.000000000000000,569.000000000000000,58.038348079999999,388.000000000000000,131,33.762886049999999,34219.000000000000000,40.551044460000000,0,86203.000000000000000,102.154411319999994,I,E,M,Yes,MIE,3,"Minority, income and English isolation",344847.445201000024099,4006.896184149999954
"Block Group 1, Census Tract 7444, Worcester County, Massachusetts",250277444001,N,Milford,1245.000000000000000,833.000000000000000,33.092369480000002,549.000000000000000,13,2.367941620000000,85568.000000000000000,101.401908870000000,0,86203.000000000000000,102.154411319999994, , ,M,Yes,M,1,Minority,456768.037026999983937,3508.638083519999782
"Block Group 2, Census Tract 7444, Worcester County, Massachusetts",250277444002,N,Milford,1732.000000000000000,1262.000000000000000,27.136258659999999,641.000000000000000,53,8.268330570000000,69830.000000000000000,82.751670840000003,0,86203.000000000000000,102.154411319999994, , ,M,Yes,M,1,Minority,1103986.080430000089109,4683.869637740000144
"Block Group 3, Census Tract 7444, Worcester County, Massachusetts",250277444003,N,Milford,1290.000000000000000,552.000000000000000,57.209302330000000,376.000000000000000,87,23.138298030000001,58864.000000000000000,69.756469730000006,0,86203.000000000000000,102.154411319999994, , ,M,Yes,M,1,Minority,679339.289909000042826,4040.250897979999991
"Block Group 3, Census Tract 7471.01, Worcester County, Massachusetts",250277471013,N,Blackstone,1166.000000000000000,1054.000000000000000,9.605488850000000,376.000000000000000,18,4.787233830000000,54643.000000000000000,64.754402159999998,0,90665.000000000000000,107.442077639999994,I, , ,Yes,I,1,Income,1369735.863640000112355,6214.331988599999931
"Block Group 2, Census Tract 7532, Worcester County, Massachusetts",250277532002,N,Oxford,1142.000000000000000,1027.000000000000000,10.070052540000001,505.000000000000000,0,0.000000000000000,31563.000000000000000,37.403568270000001,0,82500.000000000000000,97.766189580000002,I, , ,Yes,I,1,Income,2826711.165490000043064,8048.201577259999794
"Block Group 3, Census Tract 7542, Worcester County, Massachusetts",250277542003,N,Webster,1272.000000000000000,839.000000000000000,34.040880500000000,575.000000000000000,0,0.000000000000000,33438.000000000000000,39.625526430000001,0,59844.000000000000000,70.917816160000001,I, ,M,Yes,MI,2,Minority and income,665844.445785999996588,4803.729366769999615
"Block Group 1, Census Tract 7543, Worcester County, Massachusetts",250277543001,N,Webster,1019.000000000000000,696.000000000000000,31.697742890000001,394.000000000000000,32,8.121827130000000,60566.000000000000000,71.773422240000002,0,59844.000000000000000,70.917816160000001, , ,M,Yes,M,1,Minority,476555.172774999984540,4369.804687290000402
"Block Group 2, Census Tract 7543, Worcester County, Massachusetts",250277543002,N,Webster,1250.000000000000000,814.000000000000000,34.880000000000003,508.000000000000000,53,10.433071139999999,36750.000000000000000,43.550392150000000,0,59844.000000000000000,70.917816160000001,I, ,M,Yes,MI,2,Minority and income,276715.981960000004619,2271.377421529999992
"Block Group 3, Census Tract 7543, Worcester County, Massachusetts",250277543003,N,Webster,830.000000000000000,482.000000000000000,41.927710840000003,499.000000000000000,33,6.613226410000000,24693.000000000000000,29.262310029999998,0,59844.000000000000000,70.917816160000001,I, ,M,Yes,MI,2,Minority and income,337976.759133999992628,3514.388203699999849
"Block Group 3, Census Tract 7544, Worcester County, Massachusetts",250277544003,N,Webster,956.000000000000000,603.000000000000000,36.924686190000003,413.000000000000000,0,0.000000000000000,41050.000000000000000,48.646087649999998,0,59844.000000000000000,70.917816160000001,I, ,M,Yes,MI,2,Minority and income,243638.149039000010816,2305.602520330000061
"Block Group 4, Census Tract 7544, Worcester County, Massachusetts",250277544004,N,Webster,1007.000000000000000,665.000000000000000,33.962264150000003,377.000000000000000,0,0.000000000000000,39531.000000000000000,46.846004489999999,0,59844.000000000000000,70.917816160000001,I, ,M,Yes,MI,2,Minority and income,272570.815112999989651,2517.144130919999952
"Block Group 2, Census Tract 7551, Worcester County, Massachusetts",250277551002,N,Dudley,1795.000000000000000,1448.000000000000000,19.331476320000000,793.000000000000000,31,3.909205440000000,30576.000000000000000,36.233928679999998,0,69659.000000000000000,82.549034120000002,I, , ,Yes,I,1,Income,1104561.230160000035539,5020.846718140000121
"Block Group 1, Census Tract 7552.02, Worcester County, Massachusetts",250277552021,N,Dudley,1846.000000000000000,946.000000000000000,48.754062840000003,440.000000000000000,19,4.318181990000000,83929.000000000000000,99.459617609999995,0,69659.000000000000000,82.549034120000002, , ,M,Yes,M,1,Minority,10544172.133600000292063,13540.713527100000647
"Block Group 3, Census Tract 7552.02, Worcester County, Massachusetts",250277552023,N,Dudley,1088.000000000000000,946.000000000000000,13.051470589999999,442.000000000000000,0,0.000000000000000,51688.000000000000000,61.252593990000001,0,69659.000000000000000,82.549034120000002,I, , ,Yes,I,1,Income,11374198.821000000461936,17828.724901500001579
"Block Group 2, Census Tract 7572, Worcester County, Massachusetts",250277572002,N,Southbridge,677.000000000000000,231.000000000000000,65.878877399999993,209.000000000000000,37,17.703350069999999,17188.000000000000000,20.368549349999999,0,52900.000000000000000,62.688865659999998,I, ,M,Yes,MI,2,Minority and income,255746.140341999998782,2511.379444510000212
"Block Group 3, Census Tract 7574, Worcester County, Massachusetts",250277574003,N,Southbridge,1313.000000000000000,815.000000000000000,37.928408230000002,572.000000000000000,58,10.139860150000001,50972.000000000000000,60.404098509999997,0,52900.000000000000000,62.688865659999998,I, ,M,Yes,MI,2,Minority and income,615220.736340999952517,4334.513639290000356
"Block Group 1, Census Tract 7575, Worcester County, Massachusetts",250277575001,N,Southbridge,1659.000000000000000,965.000000000000000,41.832429169999997,622.000000000000000,41,6.591640000000000,37429.000000000000000,44.355037690000003,0,52900.000000000000000,62.688865659999998,I, ,M,Yes,MI,2,Minority and income,14295313.027400000020862,20684.679580500000156
"Block Group 1, Census Tract 7601, Worcester County, Massachusetts",250277601001,N,Brookfield,865.000000000000000,801.000000000000000,7.398843930000000,538.000000000000000,0,0.000000000000000,34779.000000000000000,41.214672090000001,0,70610.000000000000000,83.676010129999995,I, , ,Yes,I,1,Income,9248868.336740000173450,14610.600551999999880
"Block Group 1, Census Tract 7611, Worcester County, Massachusetts",250277611001,N,Warren,1339.000000000000000,1199.000000000000000,10.455563850000001,540.000000000000000,0,0.000000000000000,50128.000000000000000,59.403923030000001,0,60616.000000000000000,71.832672119999998,I, , ,Yes,I,1,Income,16467250.045199999585748,18037.816410100000212
"Block Group 3, Census Tract 7611, Worcester County, Massachusetts",250277611003,N,Warren,982.000000000000000,856.000000000000000,12.830957229999999,203.000000000000000,0,0.000000000000000,48711.000000000000000,57.724712369999999,0,60616.000000000000000,71.832672119999998,I, , ,Yes,I,1,Income,5691071.278909999877214,15071.408106299999417
"Block Group 1, Census Tract 7612, Worcester County, Massachusetts",250277612001,N,Westborough,2352.000000000000000,1254.000000000000000,46.683673470000002,605.000000000000000,9,1.487603310000000,133317.000000000000000,157.986602779999998,0,119299.000000000000000,141.374649049999988, , ,M,Yes,M,1,Minority,5002686.927249999716878,9878.579741719999220
"Block Group 2, Census Tract 7612, Worcester County, Massachusetts",250277612002,N,Westborough,2340.000000000000000,1114.000000000000000,52.393162390000001,816.000000000000000,176,21.568628310000001,53810.000000000000000,63.767257690000001,0,119299.000000000000000,141.374649049999988,I, ,M,Yes,MI,2,Minority and income,12295692.301500000059605,17860.709964099998615
"Block Group 3, Census Tract 7612, Worcester County, Massachusetts",250277612003,N,Westborough,1897.000000000000000,1371.000000000000000,27.727991570000000,604.000000000000000,15,2.483443740000000,79222.000000000000000,93.881614690000006,0,119299.000000000000000,141.374649049999988, , ,M,Yes,M,1,Minority,7033312.087980000302196,14064.235961000000316
"Block Group 2, Census Tract 7614.02, Worcester County, Massachusetts",250277614022,N,Harvard,1390.000000000000000,727.000000000000000,47.697841730000000,170.000000000000000,0,0.000000000000000,133594.000000000000000,158.314865110000000,0,170250.000000000000000,201.753860470000006, , ,M,Yes,M,1,Minority,14158971.029699999839067,21192.423960899999656
"Block Group 4, Census Tract 7541, Worcester County, Massachusetts",250277541004,N,Webster,1741.000000000000000,1362.000000000000000,21.769098220000000,712.000000000000000,0,0.000000000000000,55208.000000000000000,65.423950199999993,0,59844.000000000000000,70.917816160000001,I, , ,Yes,I,1,Income,3921927.294859999790788,9574.917099430000235
"Block Group 2, Census Tract 7542, Worcester County, Massachusetts",250277542002,N,Webster,1012.000000000000000,661.000000000000000,34.683794470000002,489.000000000000000,42,8.588956830000001,48098.000000000000000,56.998283389999997,0,59844.000000000000000,70.917816160000001,I, ,M,Yes,MI,2,Minority and income,363490.957175999996252,3762.654637889999776
"Block Group 1, Census Tract 7571, Worcester County, Massachusetts",250277571001,N,Southbridge,1294.000000000000000,710.000000000000000,45.131375579999997,476.000000000000000,31,6.512605190000000,72500.000000000000000,85.915740970000002,0,52900.000000000000000,62.688865659999998, , ,M,Yes,M,1,Minority,2293299.922030000016093,7379.840839659999801
"Block Group 2, Census Tract 7571, Worcester County, Massachusetts",250277571002,N,Southbridge,1620.000000000000000,972.000000000000000,40.000000000000000,518.000000000000000,14,2.702702760000000,42045.000000000000000,49.825206760000000,0,52900.000000000000000,62.688865659999998,I, ,M,Yes,MI,2,Minority and income,4806737.087460000067949,11021.608022399999754
"Block Group 3, Census Tract 7571, Worcester County, Massachusetts",250277571003,N,Southbridge,977.000000000000000,636.000000000000000,34.902763559999997,500.000000000000000,42,8.399999619999999,61100.000000000000000,72.406234740000002,0,52900.000000000000000,62.688865659999998, , ,M,Yes,M,1,Minority,1817753.923249999992549,9252.226467399999819
"Block Group 4, Census Tract 7571, Worcester County, Massachusetts",250277571004,N,Southbridge,739.000000000000000,447.000000000000000,39.512855209999998,291.000000000000000,17,5.841924190000000,54023.000000000000000,64.019668580000001,0,52900.000000000000000,62.688865659999998,I, ,M,Yes,MI,2,Minority and income,1157388.904540000017732,5568.731361289999768
"Block Group 1, Census Tract 7572, Worcester County, Massachusetts",250277572001,N,Southbridge,1017.000000000000000,347.000000000000000,65.880039330000002,316.000000000000000,71,22.468355180000000,35089.000000000000000,41.582035060000003,0,52900.000000000000000,62.688865659999998,I, ,M,Yes,MI,2,Minority and income,246291.617790999996942,2353.677594419999878
"Block Group 3, Census Tract 7572, Worcester County, Massachusetts",250277572003,N,Southbridge,860.000000000000000,402.000000000000000,53.255813949999997,365.000000000000000,37,10.136986730000000,31438.000000000000000,37.255435939999998,0,52900.000000000000000,62.688865659999998,I, ,M,Yes,MI,2,Minority and income,363303.346477999992203,3107.702807120000216
"Block Group 1, Census Tract 7573, Worcester County, Massachusetts",250277573001,N,Southbridge,1302.000000000000000,628.000000000000000,51.766513060000001,394.000000000000000,30,7.614212990000000,47065.000000000000000,55.774131769999997,0,52900.000000000000000,62.688865659999998,I, ,M,Yes,MI,2,Minority and income,467231.331986000004690,4108.820807670000249
"Block Group 2, Census Tract 7573, Worcester County, Massachusetts",250277573002,N,Southbridge,1903.000000000000000,697.000000000000000,63.373620600000002,752.000000000000000,149,19.813829420000001,29858.000000000000000,35.383064269999998,0,52900.000000000000000,62.688865659999998,I, ,M,Yes,MI,2,Minority and income,485412.267511999991257,3246.051308600000084
"Block Group 1, Census Tract 7574, Worcester County, Massachusetts",250277574001,N,Southbridge,838.000000000000000,569.000000000000000,32.100238660000002,270.000000000000000,7,2.592592480000000,78462.000000000000000,92.980979919999996,0,52900.000000000000000,62.688865659999998, , ,M,Yes,M,1,Minority,690573.234495999990031,3614.885359570000219
"Block Group 2, Census Tract 7574, Worcester County, Massachusetts",250277574002,N,Southbridge,662.000000000000000,475.000000000000000,28.247734139999999,211.000000000000000,0,0.000000000000000,73558.000000000000000,87.169517519999999,0,52900.000000000000000,62.688865659999998, , ,M,Yes,M,1,Minority,576103.891583999968134,4440.555981380000048
"Block Group 2, Census Tract 7575, Worcester County, Massachusetts",250277575002,N,Southbridge,913.000000000000000,667.000000000000000,26.944140200000000,430.000000000000000,7,1.627906920000000,61700.000000000000000,73.117263789999996,0,52900.000000000000000,62.688865659999998, , ,M,Yes,M,1,Minority,1117718.774669999955222,4625.305095300000175
"Block Group 1, Census Tract 401, Franklin County, Massachusetts",250110401001,Y,Monroe,1147.000000000000000,1010.000000000000000,11.944202270000000,468.000000000000000,3,0.641025660000000,52727.000000000000000,62.483852390000003,0,28750.000000000000000,34.070037839999998,I, , ,Yes,I,1,Income,27957208.329799998551607,23528.178146599999309
"Block Group 1, Census Tract 401, Franklin County, Massachusetts",250110401001,Y,Charlemont,1147.000000000000000,1010.000000000000000,11.944202270000000,468.000000000000000,3,0.641025660000000,52727.000000000000000,62.483852390000003,0,49071.000000000000000,58.151329040000000,I, , ,Yes,I,1,Income,35288787.737099997699261,29681.673769100001664
"Block Group 4, Census Tract 401, Franklin County, Massachusetts",250110401004,Y,Charlemont,933.000000000000000,843.000000000000000,9.646302250000000,401.000000000000000,0,0.000000000000000,53229.000000000000000,63.078746799999998,0,49071.000000000000000,58.151329040000000,I, , ,Yes,I,1,Income,33796490.973499998450279,52212.675040100002661
"Block Group 1, Census Tract 141, Barnstable County, Massachusetts",250010141001,Y,Sandwich,797.000000000000000,538.000000000000000,32.496863240000003,306.000000000000000,0,0.000000000000000,53108.000000000000000,62.935356140000003,0,100324.000000000000000,118.888427730000004,I, ,M,Yes,MI,2,Minority and income,34157954.112499997019768,36727.756530200000270
"Block Group 1, Census Tract 141, Barnstable County, Massachusetts",250010141001,Y,Mashpee,797.000000000000000,538.000000000000000,32.496863240000003,306.000000000000000,0,0.000000000000000,53108.000000000000000,62.935356140000003,0,78309.000000000000000,118.888427730000004,I, ,M,Yes,MI,2,Minority and income,4419181.950910000130534,11702.278426099999706
"Block Group 4, Census Tract 1708, Suffolk County, Massachusetts",250251708004,N,Revere,1043.000000000000000,487.000000000000000,53.307766059999999,294.000000000000000,67,22.789115910000000,76974.000000000000000,91.217636110000001,0,68331.000000000000000,80.975288390000003, , ,M,Yes,M,1,Minority,392391.188048999989405,3491.727263650000168
"Block Group 3, Census Tract 1801.01, Suffolk County, Massachusetts",250251801013,N,Winthrop,766.000000000000000,619.000000000000000,19.190600520000000,371.000000000000000,49,13.207547190000000,42485.000000000000000,50.346626280000002,0,76996.000000000000000,91.243705750000004,I, , ,Yes,I,1,Income,526125.720650000032037,4128.841257639999640
"Block Group 2, Census Tract 7301, Worcester County, Massachusetts",250277301002,N,Worcester,1390.000000000000000,908.000000000000000,34.676258990000001,568.000000000000000,0,0.000000000000000,76351.000000000000000,90.479347230000002,0,51647.000000000000000,61.204006200000002, , ,M,Yes,M,1,Minority,830232.072222999995574,5698.529489999999896
"Block Group 1, Census Tract 7316.02, Worcester County, Massachusetts",250277316021,N,Worcester,1014.000000000000000,662.000000000000000,34.714003939999998,80.000000000000000,0,0.000000000000000,45135.000000000000000,52.578544620000002,1,51647.000000000000000,61.204006200000002,I, ,M,Yes,MI,2,Minority and income,149750.725455000007059,1669.998270110000021
"Block Group 1, Census Tract 7011.02, Worcester County, Massachusetts",250277011021,N,Winchendon,1337.000000000000000,1171.000000000000000,12.415856390000000,590.000000000000000,0,0.000000000000000,48676.000000000000000,57.683238979999999,0,81329.000000000000000,96.378501889999995,I, , ,Yes,I,1,Income,948849.947460999945179,5006.534610529999554
"Block Group 3, Census Tract 7106.02, Worcester County, Massachusetts",250277106023,N,Fitchburg,1679.000000000000000,1011.000000000000000,39.785586660000000,544.000000000000000,11,2.022058730000000,80455.000000000000000,95.342773440000002,0,54683.000000000000000,64.801803590000006, , ,M,Yes,M,1,Minority,708684.288006999995559,3662.895537450000120
"Block Group 1, Census Tract 7031, Worcester County, Massachusetts",250277031001,N,Athol,1032.000000000000000,847.000000000000000,17.926356590000001,365.000000000000000,7,1.917808180000000,40750.000000000000000,48.290573119999998,0,57667.000000000000000,68.337974549999998,I, , ,Yes,I,1,Income,944214.321053999941796,6965.957397870000023
"Block Group 3, Census Tract 7424.02, Worcester County, Massachusetts",250277424023,N,Westborough,1733.000000000000000,270.000000000000000,84.420080780000006,489.000000000000000,47,9.611452099999999,85938.000000000000000,101.840377810000007,0,119299.000000000000000,141.374649049999988, , ,M,Yes,M,1,Minority,1126214.484579999931157,5858.528375640000377
"Block Group 1, Census Tract 7441.02, Worcester County, Massachusetts",250277441021,N,Milford,2588.000000000000000,1886.000000000000000,27.125193199999998,822.000000000000000,0,0.000000000000000,92384.000000000000000,109.479171750000006,0,86203.000000000000000,102.154411319999994, , ,M,Yes,M,1,Minority,1557604.631619999883696,6107.345633869999801
"Block Group 2, Census Tract 7441.03, Worcester County, Massachusetts",250277441032,N,Milford,1255.000000000000000,815.000000000000000,35.059760959999998,847.000000000000000,61,7.201889040000000,79233.000000000000000,93.894653320000003,0,86203.000000000000000,102.154411319999994, , ,M,Yes,M,1,Minority,1875756.394760000053793,6273.724970919999578
"Block Group 2, Census Tract 7031, Worcester County, Massachusetts",250277031002,N,Athol,1275.000000000000000,1041.000000000000000,18.352941179999998,493.000000000000000,8,1.622718100000000,48576.000000000000000,57.564731600000002,0,57667.000000000000000,68.337974549999998,I, , ,Yes,I,1,Income,806109.687629000050947,6076.473011699999915
"Block Group 1, Census Tract 7033, Worcester County, Massachusetts",250277033001,N,Athol,2153.000000000000000,1821.000000000000000,15.420343709999999,835.000000000000000,10,1.197604780000000,32227.000000000000000,38.190437320000001,0,57667.000000000000000,68.337974549999998,I, , ,Yes,I,1,Income,16043613.703999999910593,25746.684182199998759
"Block Group 1, Census Tract 7107, Worcester County, Massachusetts",250277107001,N,Fitchburg,736.000000000000000,324.000000000000000,55.978260870000000,328.000000000000000,77,23.475608829999999,16731.000000000000000,19.826984410000001,0,54683.000000000000000,64.801803590000006,I, ,M,Yes,MI,2,Minority and income,255540.745326000003843,2097.818645339999875
"Block Group 4, Census Tract 7319, Worcester County, Massachusetts",250277319004,N,Worcester,2656.000000000000000,760.000000000000000,71.385542169999994,905.000000000000000,167,18.453039170000000,37429.000000000000000,44.355037690000003,0,51647.000000000000000,61.204006200000002,I, ,M,Yes,MI,2,Minority and income,304203.062158000015188,2655.337692720000177
"Block Group 1, Census Tract 7103, Worcester County, Massachusetts",250277103001,N,Fitchburg,1724.000000000000000,1060.000000000000000,38.515081209999998,599.000000000000000,9,1.502504230000000,75164.000000000000000,89.072700499999996,0,54683.000000000000000,64.801803590000006, , ,M,Yes,M,1,Minority,7150662.081030000001192,16869.215694099999382
"Block Group 3, Census Tract 7317, Worcester County, Massachusetts",250277317003,N,Worcester,1439.000000000000000,561.000000000000000,61.014593470000001,671.000000000000000,61,9.090909000000000,40993.000000000000000,48.578536990000003,0,51647.000000000000000,61.204006200000002,I, ,M,Yes,MI,2,Minority and income,197672.495487999985926,2000.735311910000064
"Block Group 2, Census Tract 7106.02, Worcester County, Massachusetts",250277106022,N,Fitchburg,1454.000000000000000,568.000000000000000,60.935350759999999,461.000000000000000,73,15.835141180000001,80230.000000000000000,95.076141359999994,0,54683.000000000000000,64.801803590000006, , ,M,Yes,M,1,Minority,412608.153570000024047,2857.063016569999945
"Block Group 2, Census Tract 7107, Worcester County, Massachusetts",250277107002,N,Fitchburg,1064.000000000000000,470.000000000000000,55.827067669999998,599.000000000000000,79,13.188647270000001,20216.000000000000000,23.956865310000001,0,54683.000000000000000,64.801803590000006,I, ,M,Yes,MI,2,Minority and income,328814.003749999974389,2712.492316759999994
"Block Group 3, Census Tract 7311.01, Worcester County, Massachusetts",250277311013,N,Worcester,995.000000000000000,659.000000000000000,33.768844219999998,585.000000000000000,9,1.538461570000000,50568.000000000000000,59.925342559999997,0,51647.000000000000000,61.204006200000002,I, ,M,Yes,MI,2,Minority and income,628754.263536000042222,4847.830218289999721
"Block Group 4, Census Tract 7311.01, Worcester County, Massachusetts",250277311014,N,Worcester,1640.000000000000000,552.000000000000000,66.341463410000003,401.000000000000000,45,11.221944810000000,40847.000000000000000,48.405521389999997,0,51647.000000000000000,61.204006200000002,I, ,M,Yes,MI,2,Minority and income,366524.083366999984719,2593.733973190000142
"Block Group 1, Census Tract 7441.04, Worcester County, Massachusetts",250277441041,N,Milford,1576.000000000000000,1157.000000000000000,26.586294420000002,623.000000000000000,0,0.000000000000000,110365.000000000000000,130.787460329999988,0,86203.000000000000000,102.154411319999994, , ,M,Yes,M,1,Minority,882216.564266999950632,4188.351361840000209
"Block Group 2, Census Tract 7441.04, Worcester County, Massachusetts",250277441042,N,Milford,1708.000000000000000,1211.000000000000000,29.098360660000001,590.000000000000000,0,0.000000000000000,84605.000000000000000,100.260711670000006,0,86203.000000000000000,102.154411319999994, , ,M,Yes,M,1,Minority,811569.398894999991171,4505.240956759999790
"Block Group 1, Census Tract 7318.02, Worcester County, Massachusetts",250277318021,N,Worcester,898.000000000000000,351.000000000000000,60.913140310000003,396.000000000000000,92,23.232322690000000,43583.000000000000000,51.647804260000001,0,51647.000000000000000,61.204006200000002,I, ,M,Yes,MI,2,Minority and income,207235.928768999991007,2099.130088909999813
"Block Group 2, Census Tract 7318.01, Worcester County, Massachusetts",250277318012,N,Worcester,1862.000000000000000,923.000000000000000,50.429645540000003,1017.000000000000000,297,29.203538890000001,15176.000000000000000,17.984239580000001,0,51647.000000000000000,61.204006200000002,I,E,M,Yes,MIE,3,"Minority, income and English isolation",908705.945683000027202,6471.024932399999670
"Block Group 3, Census Tract 7318.02, Worcester County, Massachusetts",250277318023,N,Worcester,987.000000000000000,227.000000000000000,77.001013169999993,201.000000000000000,37,18.407960889999998,97885.000000000000000,114.027931210000006,1,51647.000000000000000,61.204006200000002, , ,M,Yes,M,1,Minority,148792.626078000001144,1697.375042639999947
"Block Group 4, Census Tract 7318.02, Worcester County, Massachusetts",250277318024,N,Worcester,733.000000000000000,226.000000000000000,69.167803550000002,131.000000000000000,67,51.145038599999999,33203.000000000000000,39.347042080000001,0,51647.000000000000000,61.204006200000002,I,E,M,Yes,MIE,3,"Minority, income and English isolation",75532.339487599994754,1359.669010280000066
"Block Group 1, Census Tract 7108, Worcester County, Massachusetts",250277108001,N,Fitchburg,1507.000000000000000,832.000000000000000,44.790975449999998,370.000000000000000,50,13.513513570000001,54342.000000000000000,64.397697449999995,0,54683.000000000000000,64.801803590000006,I, ,M,Yes,MI,2,Minority and income,844626.688815000001341,5410.166016870000021
"Block Group 1, Census Tract 7111, Worcester County, Massachusetts",250277111001,N,Fitchburg,2436.000000000000000,1610.000000000000000,33.908045979999997,704.000000000000000,0,0.000000000000000,92339.000000000000000,109.425842290000006,0,54683.000000000000000,64.801803590000006, , ,M,Yes,M,1,Minority,3714231.020020000170916,8647.116267280000102
"Block Group 3, Census Tract 7108, Worcester County, Massachusetts",250277108003,N,Fitchburg,1035.000000000000000,484.000000000000000,53.236714980000002,427.000000000000000,16,3.747072700000000,28764.000000000000000,34.086627960000001,0,54683.000000000000000,64.801803590000006,I, ,M,Yes,MI,2,Minority and income,403839.213064000010490,3226.495796740000060
"Block Group 1, Census Tract 7311.02, Worcester County, Massachusetts",250277311021,N,Worcester,925.000000000000000,681.000000000000000,26.378378380000001,307.000000000000000,0,0.000000000000000,118594.000000000000000,140.539199830000001,0,51647.000000000000000,61.204006200000002, , ,M,Yes,M,1,Minority,277149.029233000008389,2433.505073369999991
"Block Group 2, Census Tract 7311.02, Worcester County, Massachusetts",250277311022,N,Worcester,1032.000000000000000,509.000000000000000,50.678294569999998,510.000000000000000,49,9.607843400000000,46964.000000000000000,55.654441830000003,0,51647.000000000000000,61.204006200000002,I, ,M,Yes,MI,2,Minority and income,390285.901928999985103,2997.097853360000045
"Block Group 4, Census Tract 7312.03, Worcester County, Massachusetts",250277312034,N,Worcester,1006.000000000000000,333.000000000000000,66.898608350000003,262.000000000000000,0,0.000000000000000,41058.000000000000000,48.655567169999998,0,51647.000000000000000,61.204006200000002,I, ,M,Yes,MI,2,Minority and income,163246.836340999987442,2000.837095630000022
"Block Group 1, Census Tract 7312.02, Worcester County, Massachusetts",250277312021,N,Worcester,1375.000000000000000,996.000000000000000,27.563636360000000,0.000000000000000,0,0.000000000000000,0.000000000000000,0.000000000000000,0,51647.000000000000000,61.204006200000002, , ,M,Yes,M,1,Minority,99191.307033499993850,1335.686799020000080
"Block Group 2, Census Tract 7442.01, Worcester County, Massachusetts",250277442012,N,Milford,815.000000000000000,465.000000000000000,42.944785279999998,257.000000000000000,0,0.000000000000000,97625.000000000000000,115.689994810000002,0,86203.000000000000000,102.154411319999994, , ,M,Yes,M,1,Minority,524359.536556000006385,3550.762506800000210
"Block Group 4, Census Tract 7442.02, Worcester County, Massachusetts",250277442024,N,Milford,2217.000000000000000,1430.000000000000000,35.498421290000003,744.000000000000000,78,10.483870509999999,90000.000000000000000,106.654029850000001,0,86203.000000000000000,102.154411319999994, , ,M,Yes,M,1,Minority,4588346.751720000058413,11756.450734000000011
"Block Group 3, Census Tract 7443, Worcester County, Massachusetts",250277443003,N,Milford,842.000000000000000,345.000000000000000,59.026128270000001,325.000000000000000,77,23.692308430000001,47156.000000000000000,55.881969450000000,0,86203.000000000000000,102.154411319999994,I, ,M,Yes,MI,2,Minority and income,177391.759924999991199,1743.208786310000050
"Block Group 4, Census Tract 7443, Worcester County, Massachusetts",250277443004,N,Milford,1101.000000000000000,505.000000000000000,54.132606719999998,419.000000000000000,0,0.000000000000000,51513.000000000000000,61.045207980000001,0,86203.000000000000000,102.154411319999994,I, ,M,Yes,MI,2,Minority and income,288980.833984000026248,2636.231093160000000
"Block Group 3, Census Tract 7320.02, Worcester County, Massachusetts",250277320023,N,Worcester,803.000000000000000,535.000000000000000,33.374844330000002,210.000000000000000,0,0.000000000000000,67188.000000000000000,79.620788570000002,0,51647.000000000000000,61.204006200000002, , ,M,Yes,M,1,Minority,3672765.073460000101477,10142.384168599999612
"Block Group 1, Census Tract 7071, Worcester County, Massachusetts",250277071001,N,Gardner,1853.000000000000000,1339.000000000000000,27.738801939999998,764.000000000000000,24,3.141361240000000,44167.000000000000000,52.339870449999999,0,51708.000000000000000,61.276294710000002,I, ,M,Yes,MI,2,Minority and income,5350497.749239999800920,12040.079984500000137
"Block Group 5, Census Tract 7316.01, Worcester County, Massachusetts",250277316015,N,Worcester,495.000000000000000,288.000000000000000,41.818181820000000,171.000000000000000,34,19.883041380000002,44145.000000000000000,52.313800809999996,0,51647.000000000000000,61.204006200000002,I, ,M,Yes,MI,2,Minority and income,55585.699453599998378,984.397473633000004
"Block Group 2, Census Tract 7318.02, Worcester County, Massachusetts",250277318022,N,Worcester,1500.000000000000000,121.000000000000000,91.933333329999996,731.000000000000000,248,33.926128390000002,11543.000000000000000,13.678971290000000,0,51647.000000000000000,61.204006200000002,I,E,M,Yes,MIE,3,"Minority, income and English isolation",104478.505007999992813,1340.478975790000050
"Block Group 3, Census Tract 7302, Worcester County, Massachusetts",250277302003,N,Worcester,761.000000000000000,568.000000000000000,25.361366619999998,371.000000000000000,141,38.005390169999998,44681.000000000000000,52.948982239999999,0,51647.000000000000000,61.204006200000002,I,E,M,Yes,MIE,3,"Minority, income and English isolation",274943.939239999977872,2317.116468340000210
"Block Group 2, Census Tract 7071, Worcester County, Massachusetts",250277071002,N,Gardner,2232.000000000000000,1874.000000000000000,16.039426519999999,841.000000000000000,7,0.832342450000000,47460.000000000000000,56.242221829999998,0,51708.000000000000000,61.276294710000002,I, , ,Yes,I,1,Income,5640032.626349999569356,13175.205430100000740
"Block Group 1, Census Tract 7072, Worcester County, Massachusetts",250277072001,N,Gardner,995.000000000000000,765.000000000000000,23.115577890000001,364.000000000000000,0,0.000000000000000,49531.000000000000000,58.696449280000003,0,51708.000000000000000,61.276294710000002,I, , ,Yes,I,1,Income,643612.480567999999039,4625.299013339999874
"Block Group 1, Census Tract 7110, Worcester County, Massachusetts",250277110001,N,Fitchburg,1211.000000000000000,729.000000000000000,39.801816680000002,440.000000000000000,0,0.000000000000000,45114.000000000000000,53.462108610000001,0,54683.000000000000000,64.801803590000006,I, ,M,Yes,MI,2,Minority and income,663372.521015999955125,3602.502808799999912
"Block Group 1, Census Tract 7315, Worcester County, Massachusetts",250277315001,N,Worcester,731.000000000000000,115.000000000000000,84.268125850000004,273.000000000000000,53,19.413919450000002,16319.000000000000000,19.338745119999999,0,51647.000000000000000,61.204006200000002,I, ,M,Yes,MI,2,Minority and income,94549.271322700005840,1555.348263540000062
"Block Group 3, Census Tract 7163, Worcester County, Massachusetts",250277163003,N,Clinton,1127.000000000000000,643.000000000000000,42.945874000000003,411.000000000000000,47,11.435523030000001,50078.000000000000000,59.344669340000003,0,75455.000000000000000,89.417549129999998,I, ,M,Yes,MI,2,Minority and income,423396.003803000028711,2666.479849240000021
"Block Group 4, Census Tract 7131, Worcester County, Massachusetts",250277131004,N,Lancaster,3316.000000000000000,2121.000000000000000,36.037394450000001,900.000000000000000,0,0.000000000000000,108676.000000000000000,128.785919189999987,0,103140.000000000000000,122.225517269999997, , ,M,Yes,M,1,Minority,48970488.704700000584126,34619.471273499999370
"Block Group 1, Census Tract 7312.03, Worcester County, Massachusetts",250277312031,N,Worcester,1793.000000000000000,472.000000000000000,73.675404349999994,721.000000000000000,121,16.782247540000000,14852.000000000000000,17.600284580000000,0,51647.000000000000000,61.204006200000002,I, ,M,Yes,MI,2,Minority and income,286940.747054999985266,2550.096452629999931
"Block Group 1, Census Tract 7312.04, Worcester County, Massachusetts",250277312041,N,Worcester,1470.000000000000000,393.000000000000000,73.265306120000005,483.000000000000000,51,10.559005740000000,44784.000000000000000,53.071044919999999,0,51647.000000000000000,61.204006200000002,I, ,M,Yes,MI,2,Minority and income,271529.836494999995921,2099.095736090000173
"Block Group 2, Census Tract 7312.04, Worcester County, Massachusetts",250277312042,N,Worcester,1061.000000000000000,277.000000000000000,73.892554189999998,287.000000000000000,29,10.104529380000001,31406.000000000000000,37.217514039999998,0,51647.000000000000000,61.204006200000002,I, ,M,Yes,MI,2,Minority and income,142781.893684000009671,1904.866986450000013
"Block Group 3, Census Tract 7312.03, Worcester County, Massachusetts",250277312033,N,Worcester,1675.000000000000000,546.000000000000000,67.402985070000000,737.000000000000000,217,29.443691250000001,39276.000000000000000,46.543815610000003,0,51647.000000000000000,61.204006200000002,I,E,M,Yes,MIE,3,"Minority, income and English isolation",135286.974106000008760,1571.249580930000093
"Block Group 1, Census Tract 7313, Worcester County, Massachusetts",250277313001,N,Worcester,1376.000000000000000,264.000000000000000,80.813953490000003,537.000000000000000,65,12.104283329999999,16719.000000000000000,19.812763210000000,0,51647.000000000000000,61.204006200000002,I, ,M,Yes,MI,2,Minority and income,183221.592569000000367,1885.413051839999980
"Block Group 2, Census Tract 7322.02, Worcester County, Massachusetts",250277322022,N,Worcester,2296.000000000000000,1403.000000000000000,38.893728220000000,1039.000000000000000,95,9.143406870000000,92344.000000000000000,109.431770319999998,0,51647.000000000000000,61.204006200000002, , ,M,Yes,M,1,Minority,1514980.762110000010580,5308.059851179999896
"Block Group 1, Census Tract 7322.03, Worcester County, Massachusetts",250277322031,N,Worcester,1070.000000000000000,463.000000000000000,56.728971960000003,567.000000000000000,147,25.925926210000000,75401.000000000000000,89.353561400000004,0,51647.000000000000000,61.204006200000002, ,E,M,Yes,ME,2,Minority and English isolation,245511.235947000008309,2734.431409750000057
"Block Group 2, Census Tract 7072, Worcester County, Massachusetts",250277072002,N,Gardner,1125.000000000000000,904.000000000000000,19.644444440000001,595.000000000000000,39,6.554621700000000,30947.000000000000000,36.673580170000001,0,51708.000000000000000,61.276294710000002,I, , ,Yes,I,1,Income,234795.256675999989966,2221.887485279999964
"Block Group 3, Census Tract 7073, Worcester County, Massachusetts",250277073003,N,Gardner,1059.000000000000000,800.000000000000000,24.457034940000000,535.000000000000000,0,0.000000000000000,38994.000000000000000,46.209632870000000,0,51708.000000000000000,61.276294710000002,I, , ,Yes,I,1,Income,394437.428477999987081,4016.586822690000190
"Block Group 2, Census Tract 7074, Worcester County, Massachusetts",250277074002,N,Gardner,1196.000000000000000,987.000000000000000,17.474916390000001,586.000000000000000,0,0.000000000000000,50074.000000000000000,59.339931489999998,0,51708.000000000000000,61.276294710000002,I, , ,Yes,I,1,Income,505008.934141999983694,3373.851847830000224
"Block Group 1, Census Tract 7075, Worcester County, Massachusetts",250277075001,N,Gardner,2053.000000000000000,1615.000000000000000,21.334632249999999,781.000000000000000,32,4.097311020000000,49097.000000000000000,58.182140349999997,0,51708.000000000000000,61.276294710000002,I, , ,Yes,I,1,Income,16337648.917799999937415,17305.455161300000327
"Block Group 2, Census Tract 7075, Worcester County, Massachusetts",250277075002,N,Gardner,2123.000000000000000,1379.000000000000000,35.044747999999998,524.000000000000000,11,2.099236730000000,67941.000000000000000,80.513122559999999,0,51708.000000000000000,61.276294710000002, , ,M,Yes,M,1,Minority,10608087.616000000387430,17722.518242800000735
"Block Group 1, Census Tract 7161.02, Worcester County, Massachusetts",250277161021,N,Clinton,1330.000000000000000,841.000000000000000,36.766917290000002,291.000000000000000,0,0.000000000000000,46023.000000000000000,54.539314269999998,0,75455.000000000000000,89.417549129999998,I, ,M,Yes,MI,2,Minority and income,326204.879306000017095,3134.842123509999965
"Block Group 4, Census Tract 7161.02, Worcester County, Massachusetts",250277161024,N,Clinton,1310.000000000000000,984.000000000000000,24.885496180000001,555.000000000000000,11,1.981981990000000,81757.000000000000000,96.885704039999993,0,75455.000000000000000,89.417549129999998, , ,M,Yes,M,1,Minority,2398892.503750000149012,7060.995189520000167
"Block Group 2, Census Tract 7161.02, Worcester County, Massachusetts",250277161022,N,Clinton,1222.000000000000000,703.000000000000000,42.471358430000002,528.000000000000000,0,0.000000000000000,61361.000000000000000,72.715530400000006,0,75455.000000000000000,89.417549129999998, , ,M,Yes,M,1,Minority,2814400.776459999848157,8090.574852560000181
"Block Group 1, Census Tract 7162, Worcester County, Massachusetts",250277162001,N,Clinton,1688.000000000000000,1083.000000000000000,35.841232230000003,689.000000000000000,55,7.982583520000000,63750.000000000000000,75.546600339999998,0,75455.000000000000000,89.417549129999998, , ,M,Yes,M,1,Minority,908251.801860000006855,4722.315602839999883
"Block Group 1, Census Tract 7314, Worcester County, Massachusetts",250277314001,N,Worcester,898.000000000000000,136.000000000000000,84.855233850000005,447.000000000000000,114,25.503355030000002,14744.000000000000000,17.472299580000001,0,51647.000000000000000,61.204006200000002,I,E,M,Yes,MIE,3,"Minority, income and English isolation",95570.671767299994826,1692.426283519999970
"Block Group 2, Census Tract 7314, Worcester County, Massachusetts",250277314002,N,Worcester,906.000000000000000,189.000000000000000,79.139072850000005,244.000000000000000,75,30.737705230000000,22778.000000000000000,26.992948530000000,0,51647.000000000000000,61.204006200000002,I,E,M,Yes,MIE,3,"Minority, income and English isolation",107373.314541999992798,1701.580657989999963
"Block Group 4, Census Tract 7314, Worcester County, Massachusetts",250277314004,N,Worcester,1379.000000000000000,201.000000000000000,85.424220450000007,291.000000000000000,0,0.000000000000000,46908.000000000000000,55.588077550000001,0,51647.000000000000000,61.204006200000002,I, ,M,Yes,MI,2,Minority and income,189843.171138000005158,2066.907609930000035
"Block Group 5, Census Tract 7314, Worcester County, Massachusetts",250277314005,N,Worcester,830.000000000000000,185.000000000000000,77.710843370000006,180.000000000000000,0,0.000000000000000,27981.000000000000000,33.158737180000003,0,51647.000000000000000,61.204006200000002,I, ,M,Yes,MI,2,Minority and income,204439.020695000013802,1841.020898360000047
"Block Group 4, Census Tract 7315, Worcester County, Massachusetts",250277315004,N,Worcester,828.000000000000000,125.000000000000000,84.903381640000006,233.000000000000000,23,9.871244430000001,0.000000000000000,0.000000000000000,0,51647.000000000000000,61.204006200000002, , ,M,Yes,M,1,Minority,92143.409026799999992,1241.702735999999959
"Block Group 1, Census Tract 7329.01, Worcester County, Massachusetts",250277329011,N,Worcester,1141.000000000000000,555.000000000000000,51.358457489999999,521.000000000000000,46,8.829174999999999,32768.000000000000000,38.831546779999996,0,51647.000000000000000,61.204006200000002,I, ,M,Yes,MI,2,Minority and income,2444583.019049999769777,7904.319061309999597
"Block Group 3, Census Tract 7329.01, Worcester County, Massachusetts",250277329013,N,Worcester,1171.000000000000000,533.000000000000000,54.483347569999999,346.000000000000000,51,14.739884379999999,71458.000000000000000,84.680923460000002,0,51647.000000000000000,61.204006200000002, , ,M,Yes,M,1,Minority,310894.152185000013560,3274.633948600000167
"Block Group 3, Census Tract 7309.02, Worcester County, Massachusetts",250277309023,N,Worcester,1262.000000000000000,951.000000000000000,24.643423139999999,371.000000000000000,0,0.000000000000000,101750.000000000000000,120.578300479999996,0,51647.000000000000000,61.204006200000002, , ,M,Yes,M,1,Minority,618944.419310000026599,3287.060632669999904
"Block Group 2, Census Tract 7319, Worcester County, Massachusetts",250277319002,N,Worcester,1499.000000000000000,439.000000000000000,70.713809209999994,514.000000000000000,102,19.844358440000001,53375.000000000000000,63.251762390000003,0,51647.000000000000000,61.204006200000002,I, ,M,Yes,MI,2,Minority and income,183383.201132999995025,1961.167235870000013
"Block Group 1, Census Tract 7303, Worcester County, Massachusetts",250277303001,N,Worcester,975.000000000000000,591.000000000000000,39.384615380000000,255.000000000000000,20,7.843137260000000,55733.000000000000000,66.046096800000001,0,51647.000000000000000,61.204006200000002, , ,M,Yes,M,1,Minority,248151.048498999996809,2767.766362750000098
"Block Group 3, Census Tract 7091, Worcester County, Massachusetts",250277091003,N,Leominster,1126.000000000000000,522.000000000000000,53.641207819999998,553.000000000000000,33,5.967450140000000,53301.000000000000000,63.164070129999999,0,63119.000000000000000,74.798835749999995,I, ,M,Yes,MI,2,Minority and income,347868.060806999972556,2555.363777449999816
"Block Group 3, Census Tract 7092.01, Worcester County, Massachusetts",250277092013,N,Leominster,2604.000000000000000,1517.000000000000000,41.743471579999998,917.000000000000000,28,3.053435090000000,54180.000000000000000,64.205726619999993,0,63119.000000000000000,74.798835749999995,I, ,M,Yes,MI,2,Minority and income,1974972.369230000069365,8402.228493599999638
"Block Group 2, Census Tract 7162, Worcester County, Massachusetts",250277162002,N,Clinton,1265.000000000000000,884.000000000000000,30.118577080000001,534.000000000000000,30,5.617977620000000,51027.000000000000000,60.469276430000001,0,75455.000000000000000,89.417549129999998,I, ,M,Yes,MI,2,Minority and income,1222148.772429999895394,4993.808261389999643
"Block Group 1, Census Tract 7163, Worcester County, Massachusetts",250277163001,N,Clinton,950.000000000000000,683.000000000000000,28.105263160000000,296.000000000000000,21,7.094594480000000,94500.000000000000000,111.986724850000002,0,75455.000000000000000,89.417549129999998, , ,M,Yes,M,1,Minority,466823.539167999988422,4028.607867879999958
"Block Group 2, Census Tract 7163, Worcester County, Massachusetts",250277163002,N,Clinton,1890.000000000000000,1376.000000000000000,27.195767199999999,825.000000000000000,13,1.575757620000000,87240.000000000000000,103.383300779999999,0,75455.000000000000000,89.417549129999998, , ,M,Yes,M,1,Minority,790858.989119000034407,4082.159965240000020
"Block Group 2, Census Tract 7313, Worcester County, Massachusetts",250277313002,N,Worcester,1409.000000000000000,161.000000000000000,88.573456350000001,535.000000000000000,228,42.616821289999997,37548.000000000000000,44.496059420000002,0,51647.000000000000000,61.204006200000002,I,E,M,Yes,MIE,3,"Minority, income and English isolation",293345.197510000027250,2632.999365959999977
"Block Group 3, Census Tract 7313, Worcester County, Massachusetts",250277313003,N,Worcester,1638.000000000000000,360.000000000000000,78.021978020000006,414.000000000000000,80,19.323671340000001,38333.000000000000000,45.426319120000002,0,51647.000000000000000,61.204006200000002,I, ,M,Yes,MI,2,Minority and income,273815.358033999975305,2282.081028239999796
"Block Group 3, Census Tract 7315, Worcester County, Massachusetts",250277315003,N,Worcester,1418.000000000000000,285.000000000000000,79.901269389999996,337.000000000000000,14,4.154302600000000,39240.000000000000000,46.501155850000004,0,51647.000000000000000,61.204006200000002,I, ,M,Yes,MI,2,Minority and income,144936.121630999987246,1763.832690550000052
"Block Group 1, Census Tract 7318.01, Worcester County, Massachusetts",250277318011,N,Worcester,963.000000000000000,538.000000000000000,44.132917960000000,449.000000000000000,0,0.000000000000000,47208.000000000000000,55.943592070000001,0,51647.000000000000000,61.204006200000002,I, ,M,Yes,MI,2,Minority and income,181175.865354000008665,2265.230402709999908
"Block Group 1, Census Tract 7392.02, Worcester County, Massachusetts",250277392021,N,Shrewsbury,1439.000000000000000,859.000000000000000,40.305767889999998,609.000000000000000,25,4.105090140000000,94946.000000000000000,112.515258790000004,0,108870.000000000000000,129.015823360000013, , ,M,Yes,M,1,Minority,925724.838385000010021,4969.604911129999891
"Block Group 1, Census Tract 7092.03, Worcester County, Massachusetts",250277092031,N,Leominster,779.000000000000000,536.000000000000000,31.193838249999999,180.000000000000000,0,0.000000000000000,120833.000000000000000,143.192504880000001,0,63119.000000000000000,74.798835749999995, , ,M,Yes,M,1,Minority,2067516.773210000013933,5934.317485900000065
"Block Group 2, Census Tract 7092.03, Worcester County, Massachusetts",250277092032,N,Leominster,1715.000000000000000,856.000000000000000,50.087463560000003,734.000000000000000,115,15.667574880000000,40121.000000000000000,47.545181270000000,0,63119.000000000000000,74.798835749999995,I, ,M,Yes,MI,2,Minority and income,698077.043870999943465,4520.086481160000403
"Block Group 3, Census Tract 7092.04, Worcester County, Massachusetts",250277092043,N,Leominster,1802.000000000000000,1254.000000000000000,30.410654829999999,634.000000000000000,0,0.000000000000000,87559.000000000000000,103.761329649999993,0,63119.000000000000000,74.798835749999995, , ,M,Yes,M,1,Minority,4058733.192789999768138,11218.819202999999106
"Block Group 3, Census Tract 7251, Worcester County, Massachusetts",250277251003,N,North Brookfield,785.000000000000000,692.000000000000000,11.847133760000000,240.000000000000000,0,0.000000000000000,51053.000000000000000,60.500087739999998,0,73208.000000000000000,86.754753109999996,I, , ,Yes,I,1,Income,1282502.750190000049770,6016.999999059999936
"Block Group 3, Census Tract 7303, Worcester County, Massachusetts",250277303003,N,Worcester,1146.000000000000000,854.000000000000000,25.479930190000001,565.000000000000000,25,4.424778940000000,87625.000000000000000,103.839546200000001,0,51647.000000000000000,61.204006200000002, , ,M,Yes,M,1,Minority,353786.850130999984685,2458.749960659999942
"Block Group 1, Census Tract 7316.01, Worcester County, Massachusetts",250277316011,N,Worcester,1375.000000000000000,710.000000000000000,48.363636360000001,616.000000000000000,61,9.902597430000000,17012.000000000000000,20.159980770000001,0,51647.000000000000000,61.204006200000002,I, ,M,Yes,MI,2,Minority and income,141909.210434000007808,1508.432653099999925
"Block Group 1, Census Tract 7317, Worcester County, Massachusetts",250277317001,N,Worcester,1061.000000000000000,537.000000000000000,49.387370410000003,639.000000000000000,133,20.813772199999999,32813.000000000000000,38.884872440000002,0,51647.000000000000000,61.204006200000002,I, ,M,Yes,MI,2,Minority and income,253144.171516000002157,2653.917431490000126
"Block Group 2, Census Tract 7320.01, Worcester County, Massachusetts",250277320012,N,Worcester,1565.000000000000000,415.000000000000000,73.482428119999994,618.000000000000000,87,14.077670100000001,30000.000000000000000,35.551342009999999,0,51647.000000000000000,61.204006200000002,I, ,M,Yes,MI,2,Minority and income,473185.886092000000644,3444.381296550000116
"Block Group 1, Census Tract 7320.02, Worcester County, Massachusetts",250277320021,N,Worcester,1444.000000000000000,536.000000000000000,62.880886429999997,526.000000000000000,78,14.828897480000000,65965.000000000000000,78.171478269999994,0,51647.000000000000000,61.204006200000002, , ,M,Yes,M,1,Minority,1279542.840409999946132,6008.170986590000211
"Block Group 1, Census Tract 7331.02, Worcester County, Massachusetts",250277331021,N,Worcester,1051.000000000000000,449.000000000000000,57.278782110000002,338.000000000000000,28,8.284023280000000,43696.000000000000000,51.781715390000002,0,51647.000000000000000,61.204006200000002,I, ,M,Yes,MI,2,Minority and income,694863.215782999992371,4210.222376220000115
"Block Group 2, Census Tract 7331.02, Worcester County, Massachusetts",250277331022,N,Worcester,1657.000000000000000,962.000000000000000,41.943270970000000,487.000000000000000,37,7.597536090000000,74712.000000000000000,88.537063599999996,0,51647.000000000000000,61.204006200000002, , ,M,Yes,M,1,Minority,1076889.226610000012442,4865.625179050000042
"Block Group 1, Census Tract 7352, Worcester County, Massachusetts",250277352001,N,Leicester,1271.000000000000000,941.000000000000000,25.963808029999999,395.000000000000000,0,0.000000000000000,103021.000000000000000,122.084495540000006,0,84236.000000000000000,99.823425290000003, , ,M,Yes,M,1,Minority,11864316.485700000077486,15429.310050500000216
"Block Group 3, Census Tract 7092.03, Worcester County, Massachusetts",250277092033,N,Leominster,910.000000000000000,588.000000000000000,35.384615380000000,535.000000000000000,268,50.093456269999997,46126.000000000000000,54.661373140000002,0,63119.000000000000000,74.798835749999995,I,E,M,Yes,MIE,3,"Minority, income and English isolation",687526.618773999973200,4628.387004010000055
"Block Group 2, Census Tract 7094, Worcester County, Massachusetts",250277094002,N,Leominster,1492.000000000000000,829.000000000000000,44.436997320000003,539.000000000000000,97,17.996290210000002,53137.000000000000000,62.969722750000003,0,63119.000000000000000,74.798835749999995,I, ,M,Yes,MI,2,Minority and income,439055.294179000018630,2979.318008520000149
"Block Group 1, Census Tract 7092.04, Worcester County, Massachusetts",250277092041,N,Leominster,1189.000000000000000,668.000000000000000,43.818334739999997,530.000000000000000,78,14.716980930000000,92567.000000000000000,109.696037290000007,0,63119.000000000000000,74.798835749999995, , ,M,Yes,M,1,Minority,2722250.214860000181943,11136.465274899999713
"Block Group 2, Census Tract 7092.04, Worcester County, Massachusetts",250277092042,N,Leominster,1087.000000000000000,553.000000000000000,49.126034959999998,489.000000000000000,36,7.361963270000000,34291.000000000000000,40.636367800000002,0,63119.000000000000000,74.798835749999995,I, ,M,Yes,MI,2,Minority and income,484670.162216000026092,3499.940555130000121
"Block Group 4, Census Tract 7262, Worcester County, Massachusetts",250277262004,N,Spencer,1338.000000000000000,1106.000000000000000,17.339312410000002,805.000000000000000,0,0.000000000000000,28977.000000000000000,34.339042659999997,0,70265.000000000000000,83.267166140000000,I, , ,Yes,I,1,Income,1800146.640180000104010,6982.259509810000054
"Block Group 2, Census Tract 7315, Worcester County, Massachusetts",250277315002,N,Worcester,1136.000000000000000,353.000000000000000,68.926056340000002,529.000000000000000,96,18.147447589999999,14179.000000000000000,16.802749630000001,0,51647.000000000000000,61.204006200000002,I, ,M,Yes,MI,2,Minority and income,71526.459182000005967,1119.570789919999925
"Block Group 1, Census Tract 7301, Worcester County, Massachusetts",250277301001,N,Worcester,869.000000000000000,515.000000000000000,40.736478710000000,287.000000000000000,0,0.000000000000000,104228.000000000000000,123.514839170000002,0,51647.000000000000000,61.204006200000002, , ,M,Yes,M,1,Minority,1282844.836820000084117,9085.127486690000296
"Block Group 3, Census Tract 7301, Worcester County, Massachusetts",250277301003,N,Worcester,2422.000000000000000,1459.000000000000000,39.760528489999999,1090.000000000000000,50,4.587155820000000,79926.000000000000000,94.715888980000003,0,51647.000000000000000,61.204006200000002, , ,M,Yes,M,1,Minority,2355285.958000000100583,7349.517442049999772
"Block Group 2, Census Tract 7320.02, Worcester County, Massachusetts",250277320022,N,Worcester,2101.000000000000000,1266.000000000000000,39.742979529999999,990.000000000000000,86,8.686868670000001,60893.000000000000000,72.160926820000000,0,51647.000000000000000,61.204006200000002, , ,M,Yes,M,1,Minority,1364035.809420000063255,6443.537026379999588
"Block Group 1, Census Tract 7322.01, Worcester County, Massachusetts",250277322011,N,Worcester,855.000000000000000,551.000000000000000,35.555555560000002,497.000000000000000,56,11.267605780000000,45224.000000000000000,53.592464450000001,0,51647.000000000000000,61.204006200000002,I, ,M,Yes,MI,2,Minority and income,464295.358817000000272,3345.946123619999980
"Block Group 2, Census Tract 7372, Worcester County, Massachusetts",250277372002,N,Millbury,925.000000000000000,798.000000000000000,13.729729730000001,483.000000000000000,0,0.000000000000000,53375.000000000000000,63.251762390000003,0,92556.000000000000000,109.682998659999996,I, , ,Yes,I,1,Income,790473.564299999969080,4893.772903140000381
"Block Group 3, Census Tract 7094, Worcester County, Massachusetts",250277094003,N,Leominster,1216.000000000000000,599.000000000000000,50.740131580000003,437.000000000000000,88,20.137300490000001,18563.000000000000000,21.997985839999998,0,63119.000000000000000,74.798835749999995,I, ,M,Yes,MI,2,Minority and income,1708101.361409999895841,9180.616406909999569
"Block Group 1, Census Tract 7096, Worcester County, Massachusetts",250277096001,N,Leominster,643.000000000000000,328.000000000000000,48.989113529999997,277.000000000000000,44,15.884476660000001,43576.000000000000000,51.639511110000001,0,63119.000000000000000,74.798835749999995,I, ,M,Yes,MI,2,Minority and income,1008130.960979999974370,6326.147929169999770
"Block Group 2, Census Tract 7095.02, Worcester County, Massachusetts",250277095022,N,Leominster,2935.000000000000000,2152.000000000000000,26.678023849999999,974.000000000000000,24,2.464065790000000,98768.000000000000000,117.044494630000003,0,63119.000000000000000,74.798835749999995, , ,M,Yes,M,1,Minority,3885253.922809999901801,10317.954278200000772
"Block Group 1, Census Tract 7097.01, Worcester County, Massachusetts",250277097011,N,Leominster,1334.000000000000000,490.000000000000000,63.268365820000000,416.000000000000000,105,25.240385060000001,41235.000000000000000,48.865318299999998,0,63119.000000000000000,74.798835749999995,I,E,M,Yes,MIE,3,"Minority, income and English isolation",398819.860444999998435,3219.843938229999821
"Block Group 4, Census Tract 7301, Worcester County, Massachusetts",250277301004,N,Worcester,1823.000000000000000,1136.000000000000000,37.685134390000002,559.000000000000000,0,0.000000000000000,60430.000000000000000,71.612251279999995,0,51647.000000000000000,61.204006200000002, , ,M,Yes,M,1,Minority,1168434.317599999951199,6829.752503079999769
"Block Group 2, Census Tract 7302, Worcester County, Massachusetts",250277302002,N,Worcester,1539.000000000000000,855.000000000000000,44.444444439999998,693.000000000000000,114,16.450216290000000,55938.000000000000000,66.289031980000004,0,51647.000000000000000,61.204006200000002, , ,M,Yes,M,1,Minority,904083.108330999966711,4584.227082430000337
"Block Group 2, Census Tract 7322.01, Worcester County, Massachusetts",250277322012,N,Worcester,2409.000000000000000,1263.000000000000000,47.571606480000000,772.000000000000000,94,12.176165579999999,76250.000000000000000,90.359657290000001,0,51647.000000000000000,61.204006200000002, , ,M,Yes,M,1,Minority,1132600.936089999973774,6082.374986359999639
"Block Group 1, Census Tract 7322.02, Worcester County, Massachusetts",250277322021,N,Worcester,1387.000000000000000,806.000000000000000,41.888969000000003,358.000000000000000,84,23.463687900000000,51163.000000000000000,60.630443569999997,0,51647.000000000000000,61.204006200000002,I, ,M,Yes,MI,2,Minority and income,211641.801677999988897,2131.626249079999980
"Block Group 2, Census Tract 7393, Worcester County, Massachusetts",250277393002,N,Shrewsbury,2229.000000000000000,1378.000000000000000,38.178555410000001,884.000000000000000,8,0.904977380000000,85625.000000000000000,101.469451899999996,0,108870.000000000000000,129.015823360000013, , ,M,Yes,M,1,Minority,1623324.594770000083372,6753.132946519999678
"Block Group 1, Census Tract 7395, Worcester County, Massachusetts",250277395001,N,Shrewsbury,3199.000000000000000,2219.000000000000000,30.634573300000000,813.000000000000000,34,4.182041650000000,190865.000000000000000,226.183563230000004,0,108870.000000000000000,129.015823360000013, , ,M,Yes,M,1,Minority,4428392.973829999566078,9998.222960659999444
"Block Group 4, Census Tract 7303, Worcester County, Massachusetts",250277303004,N,Worcester,750.000000000000000,457.000000000000000,39.066666669999996,184.000000000000000,0,0.000000000000000,55682.000000000000000,65.985664369999995,0,51647.000000000000000,61.204006200000002, , ,M,Yes,M,1,Minority,178230.363214999990305,2367.598425529999986
"Block Group 2, Census Tract 7097.01, Worcester County, Massachusetts",250277097012,N,Leominster,1155.000000000000000,668.000000000000000,42.164502159999998,436.000000000000000,50,11.467889789999999,67553.000000000000000,80.053329469999994,0,63119.000000000000000,74.798835749999995, , ,M,Yes,M,1,Minority,1132128.415419999975711,5073.123225739999725
"Block Group 4, Census Tract 7097.01, Worcester County, Massachusetts",250277097014,N,Leominster,1177.000000000000000,873.000000000000000,25.828377230000001,536.000000000000000,0,0.000000000000000,110833.000000000000000,131.342056270000000,0,63119.000000000000000,74.798835749999995, , ,M,Yes,M,1,Minority,1600744.348729999968782,7883.773118729999624
"Block Group 5, Census Tract 7302, Worcester County, Massachusetts",250277302005,N,Worcester,1376.000000000000000,1014.000000000000000,26.308139529999998,547.000000000000000,0,0.000000000000000,68917.000000000000000,81.669731139999996,0,51647.000000000000000,61.204006200000002, , ,M,Yes,M,1,Minority,518598.404594000021461,3550.241143879999981
"Block Group 2, Census Tract 7303, Worcester County, Massachusetts",250277303002,N,Worcester,1544.000000000000000,918.000000000000000,40.544041450000002,742.000000000000000,67,9.029649729999999,79118.000000000000000,93.758369450000004,0,51647.000000000000000,61.204006200000002, , ,M,Yes,M,1,Minority,846102.100509000010788,4621.665188359999775
"Block Group 5, Census Tract 7303, Worcester County, Massachusetts",250277303005,N,Worcester,808.000000000000000,552.000000000000000,31.683168320000000,269.000000000000000,0,0.000000000000000,87656.000000000000000,103.876281739999996,0,51647.000000000000000,61.204006200000002, , ,M,Yes,M,1,Minority,378763.798104999994393,3107.713613200000054
"Block Group 3, Census Tract 7322.03, Worcester County, Massachusetts",250277322033,N,Worcester,1008.000000000000000,315.000000000000000,68.750000000000000,233.000000000000000,34,14.592274670000000,39732.000000000000000,47.084198000000001,0,51647.000000000000000,61.204006200000002,I, ,M,Yes,MI,2,Minority and income,511277.871038999990560,4708.699402019999980
"Block Group 1, Census Tract 7323.01, Worcester County, Massachusetts",250277323011,N,Worcester,1538.000000000000000,881.000000000000000,42.717815340000001,697.000000000000000,32,4.591104510000000,61607.000000000000000,73.007049559999999,0,51647.000000000000000,61.204006200000002, , ,M,Yes,M,1,Minority,646771.274541000020690,5449.389467580000201
"Block Group 1, Census Tract 7323.02, Worcester County, Massachusetts",250277323021,N,Worcester,2958.000000000000000,1298.000000000000000,56.118999320000000,1040.000000000000000,154,14.807692530000001,39207.000000000000000,46.462047579999997,0,51647.000000000000000,61.204006200000002,I, ,M,Yes,MI,2,Minority and income,366195.309213000000454,2701.944229969999924
"Block Group 2, Census Tract 7323.02, Worcester County, Massachusetts",250277323022,N,Worcester,1758.000000000000000,949.000000000000000,46.018202500000001,584.000000000000000,127,21.746574400000000,77561.000000000000000,91.913253780000005,0,51647.000000000000000,61.204006200000002, , ,M,Yes,M,1,Minority,522426.677824000013061,2967.038603699999840
"Block Group 2, Census Tract 7322.03, Worcester County, Massachusetts",250277322032,N,Worcester,1134.000000000000000,547.000000000000000,51.763668430000003,380.000000000000000,127,33.421051030000001,68902.000000000000000,81.651954649999993,0,51647.000000000000000,61.204006200000002, ,E,M,Yes,ME,2,Minority and English isolation,388015.554400000022724,3152.573404719999871
"Block Group 2, Census Tract 7323.01, Worcester County, Massachusetts",250277323012,N,Worcester,3297.000000000000000,2139.000000000000000,35.122838940000001,1407.000000000000000,66,4.690831660000000,68795.000000000000000,81.525154110000003,0,51647.000000000000000,61.204006200000002, , ,M,Yes,M,1,Minority,2240345.144900000188500,8656.373315599999842
"Block Group 4, Census Tract 7324, Worcester County, Massachusetts",250277324004,N,Worcester,945.000000000000000,230.000000000000000,75.661375660000004,270.000000000000000,40,14.814814569999999,52621.000000000000000,62.358238219999997,0,51647.000000000000000,61.204006200000002,I, ,M,Yes,MI,2,Minority and income,138606.512459999998100,1726.708692429999928
"Block Group 1, Census Tract 7325, Worcester County, Massachusetts",250277325001,N,Worcester,1323.000000000000000,524.000000000000000,60.393046110000000,391.000000000000000,34,8.695652010000000,29886.000000000000000,35.416248320000001,0,51647.000000000000000,61.204006200000002,I, ,M,Yes,MI,2,Minority and income,602502.193014999968000,5658.236223650000284
"Block Group 5, Census Tract 7097.01, Worcester County, Massachusetts",250277097015,N,Leominster,1482.000000000000000,1080.000000000000000,27.125506070000000,541.000000000000000,0,0.000000000000000,67188.000000000000000,79.620788570000002,0,63119.000000000000000,74.798835749999995, , ,M,Yes,M,1,Minority,847763.872096000006422,6423.716653690000385
"Block Group 2, Census Tract 7101, Worcester County, Massachusetts",250277101002,N,Fitchburg,685.000000000000000,254.000000000000000,62.919708030000002,333.000000000000000,0,0.000000000000000,41800.000000000000000,49.534870150000003,0,54683.000000000000000,64.801803590000006,I, ,M,Yes,MI,2,Minority and income,2614102.744080000091344,8590.650517329999275
"Block Group 1, Census Tract 7304.01, Worcester County, Massachusetts",250277304011,N,Worcester,1035.000000000000000,616.000000000000000,40.483091790000003,430.000000000000000,63,14.651163100000000,67969.000000000000000,80.546302800000007,0,51647.000000000000000,61.204006200000002, , ,M,Yes,M,1,Minority,359994.859577999974135,4657.113020329999927
"Block Group 4, Census Tract 7304.01, Worcester County, Massachusetts",250277304014,N,Worcester,1384.000000000000000,280.000000000000000,79.768786129999995,875.000000000000000,94,10.742856979999999,20417.000000000000000,24.195058820000000,0,51647.000000000000000,61.204006200000002,I, ,M,Yes,MI,2,Minority and income,342056.971491999982391,2494.186777270000221
"Block Group 2, Census Tract 7304.01, Worcester County, Massachusetts",250277304012,N,Worcester,1484.000000000000000,1006.000000000000000,32.210242590000000,378.000000000000000,24,6.349206450000000,87875.000000000000000,104.135803220000000,0,51647.000000000000000,61.204006200000002, , ,M,Yes,M,1,Minority,1515688.184859999921173,6987.558541229999719
"Block Group 1, Census Tract 7324, Worcester County, Massachusetts",250277324001,N,Worcester,1433.000000000000000,508.000000000000000,64.549895320000005,493.000000000000000,21,4.259634970000000,60851.000000000000000,72.111160279999993,0,51647.000000000000000,61.204006200000002, , ,M,Yes,M,1,Minority,209723.169029000011506,2299.280776139999944
"Block Group 2, Census Tract 7324, Worcester County, Massachusetts",250277324002,N,Worcester,1740.000000000000000,615.000000000000000,64.655172410000006,622.000000000000000,88,14.147910120000001,66250.000000000000000,78.509216309999999,0,51647.000000000000000,61.204006200000002, , ,M,Yes,M,1,Minority,246272.929846000013640,2090.365258029999950
"Block Group 3, Census Tract 7324, Worcester County, Massachusetts",250277324003,N,Worcester,1234.000000000000000,293.000000000000000,76.256077800000000,295.000000000000000,86,29.152542109999999,37964.000000000000000,44.989036560000002,0,51647.000000000000000,61.204006200000002,I,E,M,Yes,MIE,3,"Minority, income and English isolation",117673.120334999999614,1575.875950849999981
"Block Group 5, Census Tract 7324, Worcester County, Massachusetts",250277324005,N,Worcester,967.000000000000000,169.000000000000000,82.523267840000003,246.000000000000000,85,34.552844999999998,31406.000000000000000,37.217514039999998,0,51647.000000000000000,61.204006200000002,I,E,M,Yes,MIE,3,"Minority, income and English isolation",96441.325249000001349,1487.750084539999989
"Block Group 6, Census Tract 7324, Worcester County, Massachusetts",250277324006,N,Worcester,1699.000000000000000,459.000000000000000,72.984108300000003,368.000000000000000,32,8.695652010000000,35217.000000000000000,41.733718869999997,0,51647.000000000000000,61.204006200000002,I, ,M,Yes,MI,2,Minority and income,185869.630130000005011,2117.751310709999871
"Block Group 2, Census Tract 7381, Worcester County, Massachusetts",250277381002,N,Grafton,1463.000000000000000,1054.000000000000000,27.956254269999999,698.000000000000000,0,0.000000000000000,67273.000000000000000,79.721511840000005,0,103383.000000000000000,122.513481139999996, , ,M,Yes,M,1,Minority,2249476.175850000232458,10582.448755499999606
"Block Group 3, Census Tract 7381, Worcester County, Massachusetts",250277381003,N,Grafton,2386.000000000000000,1532.000000000000000,35.792120699999998,794.000000000000000,0,0.000000000000000,127619.000000000000000,151.234222410000001,0,103383.000000000000000,122.513481139999996, , ,M,Yes,M,1,Minority,5453819.688350000418723,11763.039588600000570
"Block Group 3, Census Tract 7101, Worcester County, Massachusetts",250277101003,N,Fitchburg,752.000000000000000,318.000000000000000,57.712765959999999,243.000000000000000,0,0.000000000000000,63427.000000000000000,75.163833620000005,0,54683.000000000000000,64.801803590000006, , ,M,Yes,M,1,Minority,462928.698531000001822,4154.287486010000066
"Block Group 4, Census Tract 7101, Worcester County, Massachusetts",250277101004,N,Fitchburg,1018.000000000000000,435.000000000000000,57.269155210000001,314.000000000000000,21,6.687898160000000,62868.000000000000000,74.501396180000000,0,54683.000000000000000,64.801803590000006, , ,M,Yes,M,1,Minority,332050.756126999971457,3168.650499989999844
"Block Group 1, Census Tract 7102, Worcester County, Massachusetts",250277102001,N,Fitchburg,973.000000000000000,383.000000000000000,60.637204519999997,457.000000000000000,12,2.625820640000000,26461.000000000000000,31.357469559999998,0,54683.000000000000000,64.801803590000006,I, ,M,Yes,MI,2,Minority and income,595854.835077999974601,4310.866447200000039
"Block Group 1, Census Tract 7304.02, Worcester County, Massachusetts",250277304021,N,Worcester,1022.000000000000000,481.000000000000000,52.935420739999998,347.000000000000000,0,0.000000000000000,54875.000000000000000,65.029327390000006,0,51647.000000000000000,61.204006200000002,I, ,M,Yes,MI,2,Minority and income,544974.661968000000343,4228.704629560000285
"Block Group 2, Census Tract 7305, Worcester County, Massachusetts",250277305002,N,Worcester,1187.000000000000000,350.000000000000000,70.513900590000006,524.000000000000000,110,20.992366789999998,59375.000000000000000,70.362030030000000,0,51647.000000000000000,61.204006200000002, , ,M,Yes,M,1,Minority,1071913.435589999891818,9725.923037369999292
"Block Group 1, Census Tract 7305, Worcester County, Massachusetts",250277305001,N,Worcester,928.000000000000000,538.000000000000000,42.025862070000002,267.000000000000000,0,0.000000000000000,49046.000000000000000,58.121704100000002,0,51647.000000000000000,61.204006200000002,I, ,M,Yes,MI,2,Minority and income,944144.387526000034995,5044.474865340000179
"Block Group 3, Census Tract 7305, Worcester County, Massachusetts",250277305003,N,Worcester,2051.000000000000000,1194.000000000000000,41.784495370000002,621.000000000000000,38,6.119162560000000,44125.000000000000000,52.290100099999997,0,51647.000000000000000,61.204006200000002,I, ,M,Yes,MI,2,Minority and income,1534687.366489999927580,8712.827790319999622
"Block Group 5, Census Tract 7326, Worcester County, Massachusetts",250277326005,N,Worcester,901.000000000000000,253.000000000000000,71.920088789999994,255.000000000000000,111,43.529411320000001,37839.000000000000000,44.840908050000003,0,51647.000000000000000,61.204006200000002,I,E,M,Yes,MIE,3,"Minority, income and English isolation",110053.810985999996774,1520.996315200000026
"Block Group 1, Census Tract 7327, Worcester County, Massachusetts",250277327001,N,Worcester,1379.000000000000000,540.000000000000000,60.841189270000001,513.000000000000000,76,14.814814569999999,24044.000000000000000,28.493215559999999,0,51647.000000000000000,61.204006200000002,I, ,M,Yes,MI,2,Minority and income,181369.804012000007788,2082.693174420000105
"Block Group 1, Census Tract 7328.01, Worcester County, Massachusetts",250277328011,N,Worcester,2253.000000000000000,1511.000000000000000,32.933865959999999,1055.000000000000000,18,1.706161140000000,77821.000000000000000,92.221366880000005,0,51647.000000000000000,61.204006200000002, , ,M,Yes,M,1,Minority,2307267.645870000123978,8079.936939049999637
"Block Group 2, Census Tract 7328.01, Worcester County, Massachusetts",250277328012,N,Worcester,3121.000000000000000,1785.000000000000000,42.806792690000002,1410.000000000000000,76,5.390070920000000,70766.000000000000000,83.860877990000006,0,51647.000000000000000,61.204006200000002, , ,M,Yes,M,1,Minority,1306253.221360000083223,5056.113445449999745
"Block Group 1, Census Tract 7328.02, Worcester County, Massachusetts",250277328021,N,Worcester,2321.000000000000000,1351.000000000000000,41.792330890000002,782.000000000000000,81,10.358056070000000,63676.000000000000000,75.458908080000000,0,51647.000000000000000,61.204006200000002, , ,M,Yes,M,1,Minority,3848253.911259999964386,9916.300335759999143
"Block Group 4, Census Tract 7329.01, Worcester County, Massachusetts",250277329014,N,Worcester,1454.000000000000000,880.000000000000000,39.477303990000003,331.000000000000000,18,5.438066480000000,64798.000000000000000,76.788528439999993,0,51647.000000000000000,61.204006200000002, , ,M,Yes,M,1,Minority,967883.280358999967575,5264.598518279999553
"Block Group 1, Census Tract 7329.02, Worcester County, Massachusetts",250277329021,N,Worcester,3299.000000000000000,2273.000000000000000,31.100333429999999,0.000000000000000,0,0.000000000000000,0.000000000000000,0.000000000000000,0,51647.000000000000000,61.204006200000002, , ,M,Yes,M,1,Minority,899882.853742999956012,4613.019354220000423
"Block Group 2, Census Tract 7102, Worcester County, Massachusetts",250277102002,N,Fitchburg,723.000000000000000,482.000000000000000,33.333333330000002,415.000000000000000,13,3.132530210000000,58295.000000000000000,69.082183839999999,0,54683.000000000000000,64.801803590000006, , ,M,Yes,M,1,Minority,520588.880524999985937,3890.152986850000161
"Block Group 3, Census Tract 7102, Worcester County, Massachusetts",250277102003,N,Fitchburg,991.000000000000000,630.000000000000000,36.427850659999997,382.000000000000000,149,39.005233760000003,76591.000000000000000,90.763763429999997,0,54683.000000000000000,64.801803590000006, ,E,M,Yes,ME,2,Minority and English isolation,2958247.378149999771267,8240.262111109999751
"Block Group 2, Census Tract 7103, Worcester County, Massachusetts",250277103002,N,Fitchburg,1858.000000000000000,1211.000000000000000,34.822389670000000,728.000000000000000,0,0.000000000000000,66648.000000000000000,78.980857850000007,0,54683.000000000000000,64.801803590000006, , ,M,Yes,M,1,Minority,5221208.458879999816418,14145.676908900000853
"Block Group 1, Census Tract 7104, Worcester County, Massachusetts",250277104001,N,Fitchburg,1155.000000000000000,587.000000000000000,49.177489180000002,378.000000000000000,5,1.322751280000000,66146.000000000000000,78.385971069999997,0,54683.000000000000000,64.801803590000006, , ,M,Yes,M,1,Minority,923023.381826000055298,3973.619115099999817
"Block Group 2, Census Tract 7104, Worcester County, Massachusetts",250277104002,N,Fitchburg,1049.000000000000000,771.000000000000000,26.501429930000000,451.000000000000000,0,0.000000000000000,48958.000000000000000,58.017421720000002,0,54683.000000000000000,64.801803590000006,I, ,M,Yes,MI,2,Minority and income,615584.557936000055633,3457.323056319999978
"Block Group 2, Census Tract 7306, Worcester County, Massachusetts",250277306002,N,Worcester,1019.000000000000000,798.000000000000000,21.687929340000000,399.000000000000000,0,0.000000000000000,17179.000000000000000,20.357883449999999,0,51647.000000000000000,61.204006200000002,I, , ,Yes,I,1,Income,1028640.217850000015460,7596.699505820000013
"Block Group 5, Census Tract 7306, Worcester County, Massachusetts",250277306005,N,Worcester,1333.000000000000000,1001.000000000000000,24.906226560000000,735.000000000000000,0,0.000000000000000,34952.000000000000000,41.419685360000003,0,51647.000000000000000,61.204006200000002,I, ,M,Yes,MI,2,Minority and income,703467.797358999960124,3982.973169630000029
"Block Group 2, Census Tract 7307, Worcester County, Massachusetts",250277307002,N,Worcester,832.000000000000000,563.000000000000000,32.331730770000000,208.000000000000000,0,0.000000000000000,98269.000000000000000,116.453163149999995,0,51647.000000000000000,61.204006200000002, , ,M,Yes,M,1,Minority,680058.480691000004299,5261.605264169999828
"Block Group 3, Census Tract 7328.02, Worcester County, Massachusetts",250277328023,N,Worcester,959.000000000000000,340.000000000000000,64.546402499999999,183.000000000000000,24,13.114753720000000,0.000000000000000,0.000000000000000,0,51647.000000000000000,61.204006200000002, , ,M,Yes,M,1,Minority,180179.764610999991419,2504.684183219999795
"Block Group 2, Census Tract 7329.01, Worcester County, Massachusetts",250277329012,N,Worcester,2763.000000000000000,1333.000000000000000,51.755338399999999,1263.000000000000000,96,7.600950240000000,63737.000000000000000,75.531196589999993,0,51647.000000000000000,61.204006200000002, , ,M,Yes,M,1,Minority,1001991.256210000021383,4276.867940350000026
"Block Group 5, Census Tract 7329.01, Worcester County, Massachusetts",250277329015,N,Worcester,915.000000000000000,375.000000000000000,59.016393440000002,385.000000000000000,68,17.662338259999999,12080.000000000000000,14.315340040000001,0,51647.000000000000000,61.204006200000002,I, ,M,Yes,MI,2,Minority and income,263431.215047999983653,2393.041568699999971
"Block Group 1, Census Tract 7326, Worcester County, Massachusetts",250277326001,N,Worcester,1355.000000000000000,367.000000000000000,72.915129149999999,866.000000000000000,290,33.487297060000003,22578.000000000000000,26.755939479999999,0,51647.000000000000000,61.204006200000002,I,E,M,Yes,MIE,3,"Minority, income and English isolation",151799.397308000014164,1627.305795459999899
"Block Group 2, Census Tract 7325, Worcester County, Massachusetts",250277325002,N,Worcester,1167.000000000000000,288.000000000000000,75.321336759999994,402.000000000000000,44,10.945273400000000,32845.000000000000000,38.922794340000003,0,51647.000000000000000,61.204006200000002,I, ,M,Yes,MI,2,Minority and income,194983.084786999999778,1748.424026390000108
"Block Group 2, Census Tract 7326, Worcester County, Massachusetts",250277326002,N,Worcester,1365.000000000000000,390.000000000000000,71.428571430000005,303.000000000000000,58,19.141914369999999,51458.000000000000000,60.980033870000000,0,51647.000000000000000,61.204006200000002,I, ,M,Yes,MI,2,Minority and income,104866.076004999995348,1283.036745760000031
"Block Group 3, Census Tract 7326, Worcester County, Massachusetts",250277326003,N,Worcester,1056.000000000000000,415.000000000000000,60.700757580000001,260.000000000000000,0,0.000000000000000,58958.000000000000000,69.867866520000007,0,51647.000000000000000,61.204006200000002, , ,M,Yes,M,1,Minority,90799.688033400001586,1285.234320719999914
"Block Group 4, Census Tract 7326, Worcester County, Massachusetts",250277326004,N,Worcester,771.000000000000000,277.000000000000000,64.072632940000005,270.000000000000000,7,2.592592480000000,60047.000000000000000,71.158378600000006,0,51647.000000000000000,61.204006200000002, , ,M,Yes,M,1,Minority,146808.505495999997947,2420.965391530000034
"Block Group 2, Census Tract 7105, Worcester County, Massachusetts",250277105002,N,Fitchburg,1417.000000000000000,557.000000000000000,60.691601980000002,559.000000000000000,18,3.220035790000000,16875.000000000000000,19.997629170000000,0,54683.000000000000000,64.801803590000006,I, ,M,Yes,MI,2,Minority and income,253765.366548999998486,2241.828298739999809
"Block Group 3, Census Tract 7314, Worcester County, Massachusetts",250277314003,N,Worcester,1184.000000000000000,298.000000000000000,74.831081080000004,441.000000000000000,76,17.233560560000001,47419.000000000000000,56.193637850000002,0,51647.000000000000000,61.204006200000002,I, ,M,Yes,MI,2,Minority and income,131890.995625999988988,1616.429990880000105
"Block Group 1, Census Tract 7106.01, Worcester County, Massachusetts",250277106011,N,Fitchburg,1372.000000000000000,542.000000000000000,60.495626819999998,270.000000000000000,44,16.296297070000001,66032.000000000000000,78.250877380000006,0,54683.000000000000000,64.801803590000006, , ,M,Yes,M,1,Minority,463794.058610000007320,3728.094180789999882
"Block Group 4, Census Tract 7307, Worcester County, Massachusetts",250277307004,N,Worcester,2140.000000000000000,1352.000000000000000,36.822429909999997,839.000000000000000,46,5.482717510000000,81708.000000000000000,96.827636720000001,0,51647.000000000000000,61.204006200000002, , ,M,Yes,M,1,Minority,1196120.707239999901503,4947.746891189999587
"Block Group 2, Census Tract 7308.02, Worcester County, Massachusetts",250277308022,N,Worcester,1336.000000000000000,945.000000000000000,29.266467070000001,482.000000000000000,38,7.883817200000000,80300.000000000000000,95.159095760000000,0,51647.000000000000000,61.204006200000002, , ,M,Yes,M,1,Minority,718863.061075999983586,6080.425017479999951
"Block Group 3, Census Tract 7330, Worcester County, Massachusetts",250277330003,N,Worcester,1684.000000000000000,317.000000000000000,81.175771970000000,502.000000000000000,73,14.541832919999999,33799.000000000000000,40.053325649999998,0,51647.000000000000000,61.204006200000002,I, ,M,Yes,MI,2,Minority and income,468781.725786000024527,3783.147931080000035
"Block Group 1, Census Tract 7331.01, Worcester County, Massachusetts",250277331011,N,Worcester,1033.000000000000000,553.000000000000000,46.466602129999998,246.000000000000000,16,6.504065040000000,57500.000000000000000,68.140075679999995,0,51647.000000000000000,61.204006200000002, , ,M,Yes,M,1,Minority,2209164.589519999921322,7066.300397449999764
"Block Group 2, Census Tract 7331.01, Worcester County, Massachusetts",250277331012,N,Worcester,1240.000000000000000,777.000000000000000,37.338709680000001,625.000000000000000,0,0.000000000000000,66369.000000000000000,78.650230410000006,0,51647.000000000000000,61.204006200000002, , ,M,Yes,M,1,Minority,856940.494410000042990,3824.361857920000148
"Block Group 3, Census Tract 7352, Worcester County, Massachusetts",250277352003,N,Leicester,1450.000000000000000,1066.000000000000000,26.482758619999998,507.000000000000000,0,0.000000000000000,97821.000000000000000,115.922264100000007,0,84236.000000000000000,99.823425290000003, , ,M,Yes,M,1,Minority,7316748.192760000005364,20517.026426100001117
"Block Group 3, Census Tract 7365, Worcester County, Massachusetts",250277365003,N,Auburn,948.000000000000000,852.000000000000000,10.126582279999999,532.000000000000000,0,0.000000000000000,44773.000000000000000,53.058006290000002,0,82388.000000000000000,97.633468629999996,I, , ,Yes,I,1,Income,3076688.621650000102818,9720.369441970000480
"Block Group 2, Census Tract 7394.01, Worcester County, Massachusetts",250277394012,N,Shrewsbury,902.000000000000000,558.000000000000000,38.137472279999997,298.000000000000000,0,0.000000000000000,173566.000000000000000,205.683471679999997,0,108870.000000000000000,129.015823360000013, , ,M,Yes,M,1,Minority,1197145.917979999911040,4417.172598719999769
"Block Group 3, Census Tract 7394.01, Worcester County, Massachusetts",250277394013,N,Shrewsbury,1417.000000000000000,645.000000000000000,54.481298520000003,406.000000000000000,0,0.000000000000000,64309.000000000000000,76.209045410000002,0,108870.000000000000000,129.015823360000013, , ,M,Yes,M,1,Minority,829481.704842000035569,4756.179595739999968
"Block Group 1, Census Tract 7391.02, Worcester County, Massachusetts",250277391021,N,Shrewsbury,2476.000000000000000,1059.000000000000000,57.229402260000001,816.000000000000000,0,0.000000000000000,148523.000000000000000,176.006393430000003,0,108870.000000000000000,129.015823360000013, , ,M,Yes,M,1,Minority,6562464.659009999595582,12694.497517899999366
"Block Group 2, Census Tract 7424.01, Worcester County, Massachusetts",250277424012,N,Westborough,1008.000000000000000,760.000000000000000,24.603174599999999,480.000000000000000,0,0.000000000000000,213409.000000000000000,252.899215700000013,0,119299.000000000000000,141.374649049999988, , ,M,Yes,M,1,Minority,2163995.256359999999404,8072.906246319999809
"Block Group 1, Census Tract 7392.01, Worcester County, Massachusetts",250277392011,N,Shrewsbury,2006.000000000000000,1304.000000000000000,34.995014959999999,682.000000000000000,43,6.304985520000000,80756.000000000000000,95.699470520000006,0,108870.000000000000000,129.015823360000013, , ,M,Yes,M,1,Minority,1628858.698899999959394,6189.945167840000067
"Block Group 2, Census Tract 7106.01, Worcester County, Massachusetts",250277106012,N,Fitchburg,1913.000000000000000,789.000000000000000,58.755880820000002,833.000000000000000,0,0.000000000000000,44476.000000000000000,52.706050869999999,0,54683.000000000000000,64.801803590000006,I, ,M,Yes,MI,2,Minority and income,1138199.868990000104532,5930.038564399999814
"Block Group 4, Census Tract 7108, Worcester County, Massachusetts",250277108004,N,Fitchburg,1014.000000000000000,421.000000000000000,58.481262330000000,432.000000000000000,0,0.000000000000000,53686.000000000000000,63.620311739999998,0,54683.000000000000000,64.801803590000006,I, ,M,Yes,MI,2,Minority and income,263526.193985000019893,3194.735488509999868
"Block Group 2, Census Tract 7309.02, Worcester County, Massachusetts",250277309022,N,Worcester,833.000000000000000,534.000000000000000,35.894357739999997,302.000000000000000,36,11.920529370000001,72667.000000000000000,86.113647459999996,0,51647.000000000000000,61.204006200000002, , ,M,Yes,M,1,Minority,594376.277785000042059,4081.159956989999955
"Block Group 1, Census Tract 7310.02, Worcester County, Massachusetts",250277310021,N,Worcester,994.000000000000000,518.000000000000000,47.887323940000002,363.000000000000000,20,5.509641650000000,63115.000000000000000,74.794097899999997,0,51647.000000000000000,61.204006200000002, , ,M,Yes,M,1,Minority,253409.038991000008537,1954.307884040000090
"Block Group 4, Census Tract 7310.02, Worcester County, Massachusetts",250277310024,N,Worcester,1034.000000000000000,408.000000000000000,60.541586070000001,172.000000000000000,13,7.558139320000000,0.000000000000000,0.000000000000000,0,51647.000000000000000,61.204006200000002, , ,M,Yes,M,1,Minority,291017.307351999974344,2479.707643969999936
"Block Group 1, Census Tract 7310.01, Worcester County, Massachusetts",250277310011,N,Worcester,2468.000000000000000,1262.000000000000000,48.865478119999999,1009.000000000000000,88,8.721506120000001,82917.000000000000000,98.260353089999995,0,51647.000000000000000,61.204006200000002, , ,M,Yes,M,1,Minority,4016529.289169999770820,11707.339282299999468
"Block Group 1, Census Tract 7372, Worcester County, Massachusetts",250277372001,N,Millbury,835.000000000000000,696.000000000000000,16.646706590000001,380.000000000000000,0,0.000000000000000,53875.000000000000000,63.844284060000000,0,92556.000000000000000,109.682998659999996,I, , ,Yes,I,1,Income,730947.778121000039391,4596.962943370000175
"Block Group 2, Census Tract 7391.01, Worcester County, Massachusetts",250277391012,N,Shrewsbury,1248.000000000000000,848.000000000000000,32.051282049999998,411.000000000000000,0,0.000000000000000,72425.000000000000000,85.826866150000001,0,108870.000000000000000,129.015823360000013, , ,M,Yes,M,1,Minority,2646173.656940000131726,10375.415383899999142
"Block Group 3, Census Tract 7391.01, Worcester County, Massachusetts",250277391013,N,Shrewsbury,2752.000000000000000,1529.000000000000000,44.440406979999999,780.000000000000000,22,2.820512770000000,131200.000000000000000,155.477874759999992,0,108870.000000000000000,129.015823360000013, , ,M,Yes,M,1,Minority,4218689.707019999623299,9826.227728149999166
"Block Group 2, Census Tract 7391.02, Worcester County, Massachusetts",250277391022,N,Shrewsbury,2756.000000000000000,1151.000000000000000,58.236574750000003,1080.000000000000000,127,11.759259220000001,100313.000000000000000,118.875389100000007,0,108870.000000000000000,129.015823360000013, , ,M,Yes,M,1,Minority,4736341.541869999840856,11142.133132499999192
"Block Group 2, Census Tract 7392.01, Worcester County, Massachusetts",250277392012,N,Shrewsbury,1502.000000000000000,709.000000000000000,52.796271640000001,844.000000000000000,184,21.800947189999999,74873.000000000000000,88.727851869999995,0,108870.000000000000000,129.015823360000013, , ,M,Yes,M,1,Minority,626834.588594999979250,3558.365091260000099
"Block Group 1, Census Tract 7330, Worcester County, Massachusetts",250277330001,N,Worcester,827.000000000000000,183.000000000000000,77.871825880000003,162.000000000000000,0,0.000000000000000,41667.000000000000000,49.377258300000001,0,51647.000000000000000,61.204006200000002,I, ,M,Yes,MI,2,Minority and income,546025.074140000040643,3445.135674669999844
"Block Group 2, Census Tract 7330, Worcester County, Massachusetts",250277330002,N,Worcester,1762.000000000000000,622.000000000000000,64.699205449999994,539.000000000000000,36,6.679035190000000,41369.000000000000000,49.024116520000000,0,51647.000000000000000,61.204006200000002,I, ,M,Yes,MI,2,Minority and income,679007.613226999994367,4292.176882579999983
"Block Group 1, Census Tract 7106.02, Worcester County, Massachusetts",250277106021,N,Fitchburg,880.000000000000000,379.000000000000000,56.931818180000000,661.000000000000000,10,1.512859340000000,25920.000000000000000,30.716360089999998,0,54683.000000000000000,64.801803590000006,I, ,M,Yes,MI,2,Minority and income,494314.384946000005584,5055.208714260000306
"Block Group 2, Census Tract 7316.01, Worcester County, Massachusetts",250277316012,N,Worcester,930.000000000000000,318.000000000000000,65.806451609999996,407.000000000000000,29,7.125307080000000,41481.000000000000000,48.321937560000002,1,51647.000000000000000,61.204006200000002,I, ,M,Yes,MI,2,Minority and income,79944.853590200000326,1162.899866190000012
"Block Group 3, Census Tract 7316.01, Worcester County, Massachusetts",250277316013,N,Worcester,1277.000000000000000,663.000000000000000,48.081440880000002,684.000000000000000,159,23.245613100000000,40984.000000000000000,48.567874910000000,0,51647.000000000000000,61.204006200000002,I, ,M,Yes,MI,2,Minority and income,179099.862377999990713,1882.487706370000069
"Block Group 4, Census Tract 7316.01, Worcester County, Massachusetts",250277316014,N,Worcester,735.000000000000000,477.000000000000000,35.102040819999999,137.000000000000000,0,0.000000000000000,25772.000000000000000,30.022249219999999,1,51647.000000000000000,61.204006200000002,I, ,M,Yes,MI,2,Minority and income,260530.626190999988467,2195.743768979999913
"Block Group 2, Census Tract 7316.02, Worcester County, Massachusetts",250277316022,N,Worcester,2253.000000000000000,1479.000000000000000,34.354194409999998,246.000000000000000,62,25.203252790000001,25921.000000000000000,30.717544560000000,0,51647.000000000000000,61.204006200000002,I,E,M,Yes,MIE,3,"Minority, income and English isolation",397321.554382000002079,2751.523953700000220
"Block Group 3, Census Tract 7310.02, Worcester County, Massachusetts",250277310023,N,Worcester,2781.000000000000000,1366.000000000000000,50.880978069999998,831.000000000000000,81,9.747292520000000,48705.000000000000000,57.717605589999998,0,51647.000000000000000,61.204006200000002,I, ,M,Yes,MI,2,Minority and income,1137532.363200000021607,4826.413021649999791
"Block Group 1, Census Tract 7311.01, Worcester County, Massachusetts",250277311011,N,Worcester,939.000000000000000,301.000000000000000,67.944621940000005,186.000000000000000,35,18.817203520000000,30238.000000000000000,35.833381650000000,0,51647.000000000000000,61.204006200000002,I, ,M,Yes,MI,2,Minority and income,164489.885142999992240,1796.213976730000013
"Block Group 2, Census Tract 7311.01, Worcester County, Massachusetts",250277311012,N,Worcester,953.000000000000000,361.000000000000000,62.119622249999999,239.000000000000000,11,4.602510450000000,53147.000000000000000,62.981571199999998,0,51647.000000000000000,61.204006200000002,I, ,M,Yes,MI,2,Minority and income,231462.398401000013109,2553.986512339999990
"Block Group 2, Census Tract 7392.02, Worcester County, Massachusetts",250277392022,N,Shrewsbury,1809.000000000000000,1085.000000000000000,40.022111660000000,798.000000000000000,129,16.165412900000000,92500.000000000000000,109.616638179999995,0,108870.000000000000000,129.015823360000013, , ,M,Yes,M,1,Minority,1963692.383140000049025,6464.911329710000246
"Block Group 1, Census Tract 7394.01, Worcester County, Massachusetts",250277394011,N,Shrewsbury,2794.000000000000000,1795.000000000000000,35.755189690000002,831.000000000000000,14,1.684717180000000,128750.000000000000000,152.574508670000000,0,108870.000000000000000,129.015823360000013, , ,M,Yes,M,1,Minority,3401281.063570000231266,9282.255948669999270
"Block Group 4, Census Tract 7395, Worcester County, Massachusetts",250277395004,N,Shrewsbury,1135.000000000000000,797.000000000000000,29.779735680000002,344.000000000000000,0,0.000000000000000,114198.000000000000000,135.329742430000010,0,108870.000000000000000,129.015823360000013, , ,M,Yes,M,1,Minority,5728375.429069999605417,12474.948146900000211
"Block Group 1, Census Tract 7424.01, Worcester County, Massachusetts",250277424011,N,Westborough,2539.000000000000000,1750.000000000000000,31.075226470000000,693.000000000000000,0,0.000000000000000,218859.000000000000000,259.357696529999998,0,119299.000000000000000,141.374649049999988, , ,M,Yes,M,1,Minority,6793688.123990000225604,10698.070379000000685
"Block Group 2, Census Tract 7327, Worcester County, Massachusetts",250277327002,N,Worcester,1009.000000000000000,319.000000000000000,68.384539149999995,402.000000000000000,12,2.985074520000000,53750.000000000000000,63.696155550000000,0,51647.000000000000000,61.204006200000002,I, ,M,Yes,MI,2,Minority and income,268362.691625999985263,2502.431033540000044
"Block Group 3, Census Tract 7327, Worcester County, Massachusetts",250277327003,N,Worcester,1334.000000000000000,427.000000000000000,67.991004500000003,426.000000000000000,40,9.389671330000001,47788.000000000000000,56.630916599999999,0,51647.000000000000000,61.204006200000002,I, ,M,Yes,MI,2,Minority and income,250412.833791999990353,2560.833181909999894
"Block Group 4, Census Tract 7327, Worcester County, Massachusetts",250277327004,N,Worcester,977.000000000000000,318.000000000000000,67.451381780000006,391.000000000000000,0,0.000000000000000,28997.000000000000000,34.362743379999998,0,51647.000000000000000,61.204006200000002,I, ,M,Yes,MI,2,Minority and income,156199.166602000012062,1950.345688500000051
"Block Group 2, Census Tract 7328.02, Worcester County, Massachusetts",250277328022,N,Worcester,1340.000000000000000,571.000000000000000,57.388059699999999,438.000000000000000,38,8.675799370000000,73250.000000000000000,86.804527280000002,0,51647.000000000000000,61.204006200000002, , ,M,Yes,M,1,Minority,1575006.152139999903738,8161.550170489999800
"Block Group 5, Census Tract 1707.02, Suffolk County, Massachusetts",250251707025,N,Revere,1589.000000000000000,473.000000000000000,70.232850850000005,555.000000000000000,115,20.720720289999999,60271.000000000000000,71.423828130000004,0,68331.000000000000000,80.975288390000003, , ,M,Yes,M,1,Minority,106427.310991999998805,1596.436973580000085
"Block Group 2, Census Tract 1708, Suffolk County, Massachusetts",250251708002,N,Revere,1572.000000000000000,705.000000000000000,55.152671759999997,741.000000000000000,34,4.588394170000000,53420.000000000000000,63.305088040000001,0,68331.000000000000000,80.975288390000003,I, ,M,Yes,MI,2,Minority and income,151655.727030000009108,1993.124305099999901
"Block Group 3, Census Tract 1708, Suffolk County, Massachusetts",250251708003,N,Revere,1184.000000000000000,555.000000000000000,53.125000000000000,335.000000000000000,70,20.895523069999999,44250.000000000000000,52.438228610000003,0,68331.000000000000000,80.975288390000003,I, ,M,Yes,MI,2,Minority and income,121401.473194999998668,2080.972381609999957
"Block Group 1, Census Tract 1707.01, Suffolk County, Massachusetts",250251707011,N,Revere,1181.000000000000000,521.000000000000000,55.884843349999997,299.000000000000000,22,7.357859610000000,34420.000000000000000,40.789237980000003,0,68331.000000000000000,80.975288390000003,I, ,M,Yes,MI,2,Minority and income,244045.099427999986801,4239.723534699999618
