9. TRIFD,10. FACILITY NAME,12. FACILITY CITY,13. FACILITY COUNTY,14. FACILITY STATE,15. FACILITY ZIP CODE,LATITUDE,LONGITUDE,81. CHEMICAL NAME,84. CLASSIFICATION,85. UNIT OF MEASURE,86. HAZARDOUS AIR POLLUTANT - HAPS,87. CARCINOGEN,88. PFAS_IND,89. METAL IND,118. TOTAL AIR EMISSIONS
02184WLLST205WO,WOLLASTON ALLOYS,BRAINTREE,NORFOLK,MA,2184,42.2222,-71.0361,Nickel,TRI,Pounds,YES,YES,NO,YES,21
02184WLLST205WO,WOLLASTON ALLOYS,BRAINTREE,NORFOLK,MA,2184,42.2222,-71.0361,Diisocyanates,TRI,Pounds,NO,NO,NO,NO,0
02184WLLST205WO,WOLLASTON ALLOYS,BRAINTREE,NORFOLK,MA,2184,42.2222,-71.0361,Copper,TRI,Pounds,NO,NO,NO,YES,4
02184WLLST205WO,WOLLASTON ALLOYS,BRAINTREE,NORFOLK,MA,2184,42.2222,-71.0361,Chromium,TRI,Pounds,YES,NO,NO,YES,12
01566BRLLCSTURB,PHOTONIS SCIENTIFIC INC,STURBRIDGE,WORCESTER,MA,1566,42.115406,-72.125698,Lead compounds,PBT,Pounds,YES,NO,NO,YES,0
0107WNKCRP7GAYL,E INK CORP,SOUTH HADLEY,HAMPSHIRE,MA,1075,42.217624,-72.597011,Toluene,TRI,Pounds,YES,NO,NO,NO,1035.48
01950HRCTN13MAL,HERO COATINGS INC.,NEWBURYPORT,ESSEX,MA,1950,42.80147,-70.89347,Toluene,TRI,Pounds,YES,NO,NO,NO,8315
01906GGRGT1831B,HOLCIM - NER INC.,SAUGUS,ESSEX,MA,1906,42.448437,-71.029902,"Benzo[g,h,i]perylene",PBT,Pounds,YES,NO,NO,NO,0
01906GGRGT1831B,HOLCIM - NER INC.,SAUGUS,ESSEX,MA,1906,42.448437,-71.029902,Polycyclic aromatic compounds,PBT,Pounds,YES,YES,NO,NO,5.2
02745RTHTC699TA,ROTHTEC ENGRAVING CORP,NEW BEDFORD,BRISTOL,MA,2745,41.67975,-70.94259,Nickel compounds,TRI,Pounds,YES,YES,NO,YES,960
02745RTHTC699TA,ROTHTEC ENGRAVING CORP,NEW BEDFORD,BRISTOL,MA,2745,41.67975,-70.94259,Lead compounds,PBT,Pounds,YES,NO,NO,YES,0
02032BYRCR333CO,SIEMENS HEALTHCARE DIAGNOSTICS,EAST WALPOLE,NORFOLK,MA,2032,42.14976,-71.20135,Methanol,TRI,Pounds,YES,NO,NO,NO,1380
02134HSTNC52CAM,HOUGHTON CHEMICAL CORP,ALLSTON,SUFFOLK,MA,2134,42.359689,-71.120022,Ethylene glycol,TRI,Pounds,YES,NO,NO,NO,0
02134HSTNC52CAM,HOUGHTON CHEMICAL CORP,ALLSTON,SUFFOLK,MA,2134,42.359689,-71.120022,N-Methyl-2-pyrrolidone,TRI,Pounds,NO,NO,NO,NO,12
01752DVTCH40CED,DAV-TECH PLATING INC.,MARLBOROUGH,MIDDLESEX,MA,1752,42.31647,-71.57932,Nitric acid,TRI,Pounds,NO,NO,NO,NO,185
01752DVTCH40CED,DAV-TECH PLATING INC.,MARLBOROUGH,MIDDLESEX,MA,1752,42.31647,-71.57932,Nitrate compounds (water dissociable; reportable only when in aqueous solution),TRI,Pounds,NO,NO,NO,NO,0
0207WDPHNS1157T,DAUPHINAIS CONCRETE INC.,STOUGHTON,NORFOLK,MA,2072,42.1413,-71.07675,Lead,PBT,Pounds,NO,YES,NO,YES,0.1
0182WSTPRD9LINN,AST PRODUCTS INC,BILLERICA,MIDDLESEX,MA,1821,42.5307,-71.25329,n-Butyl alcohol,TRI,Pounds,NO,NO,NO,NO,2
01109LSTRN54WAL,LUSTER-ON PRODUCTS INC,SPRINGFIELD,HAMPDEN,MA,1109,42.10985,-72.56132,Chromium compounds (except for chromite ore mined in the Transvaal Region),TRI,Pounds,YES,NO,NO,YES,0
02717HTTRN120BR,ARISTON THERMO USA (PREV HEAT TRANSFER PRODUCTS),EAST FREETOWN,BRISTOL,MA,2717,41.75179,-70.96836,Chromium,TRI,Pounds,YES,NO,NO,YES,10
02717HTTRN120BR,ARISTON THERMO USA (PREV HEAT TRANSFER PRODUCTS),EAST FREETOWN,BRISTOL,MA,2717,41.75179,-70.96836,Nickel,TRI,Pounds,YES,YES,NO,YES,10
02717HTTRN120BR,ARISTON THERMO USA (PREV HEAT TRANSFER PRODUCTS),EAST FREETOWN,BRISTOL,MA,2717,41.75179,-70.96836,Manganese,TRI,Pounds,YES,NO,NO,YES,10
02717HTTRN120BR,ARISTON THERMO USA (PREV HEAT TRANSFER PRODUCTS),EAST FREETOWN,BRISTOL,MA,2717,41.75179,-70.96836,Diisocyanates,TRI,Pounds,NO,NO,NO,NO,10
02717HTTRN120BR,ARISTON THERMO USA (PREV HEAT TRANSFER PRODUCTS),EAST FREETOWN,BRISTOL,MA,2717,41.75179,-70.96836,Copper,TRI,Pounds,NO,NO,NO,YES,10
02254PLTNG94CAL,PLATING FOR ELECTRONICS INC.,WALTHAM,MIDDLESEX,MA,2453,42.36893,-71.22608,Nitric acid,TRI,Pounds,NO,NO,NO,NO,20
01887CHMGN33IND,CHEMGENES CORP,WILMINGTON,MIDDLESEX,MA,1887,42.52832,-71.14323,n-Hexane,TRI,Pounds,YES,NO,NO,NO,254
01887CHMGN33IND,CHEMGENES CORP,WILMINGTON,MIDDLESEX,MA,1887,42.52832,-71.14323,Chloroform,TRI,Pounds,YES,YES,NO,NO,234
01887CHMGN33IND,CHEMGENES CORP,WILMINGTON,MIDDLESEX,MA,1887,42.52832,-71.14323,Dichloromethane,TRI,Pounds,YES,YES,NO,NO,50
0173WNTGRS9CRSB,ENTEGRIS INC,BEDFORD,MIDDLESEX,MA,1730,42.50526,-71.24221,Methanol,TRI,Pounds,YES,NO,NO,NO,13776
0173WNTGRS9CRSB,ENTEGRIS INC,BEDFORD,MIDDLESEX,MA,1730,42.50526,-71.24221,Di(2-ethylhexyl) phthalate,TRI,Pounds,YES,YES,NO,NO,1053
0192WTDFMT7ELEC,TDF METAL FINISHING,DANVERS,ESSEX,MA,1923,42.57494,-70.97307,Nitric acid,TRI,Pounds,NO,NO,NO,NO,0
02767JHNSN325PA,DEPUY SYNTHES A JOHNSON & JOHNSON CO,RAYNHAM,BRISTOL,MA,2767,41.90048,-71.0315,Cobalt,TRI,Pounds,YES,YES,NO,YES,56
02767JHNSN325PA,DEPUY SYNTHES A JOHNSON & JOHNSON CO,RAYNHAM,BRISTOL,MA,2767,41.90048,-71.0315,Chromium,TRI,Pounds,YES,NO,NO,YES,26
01862SPNCRIRONH,STANDEX INTERNATIONAL SPINCRAFT DIV,NORTH BILLERICA,MIDDLESEX,MA,1862,42.58434,-71.269708,Copper,TRI,Pounds,NO,NO,NO,YES,5
01022SNCPR1000S,JAIN AMERICAS - NUCEDAR MILLS,CHICOPEE,HAMPDEN,MA,1022,42.183874,-72.560478,Certain glycol ethers,TRI,Pounds,YES,NO,NO,NO,15625
01420NWRKM1NEWA,NEWARK AMERICA,FITCHBURG,WORCESTER,MA,1420,42.560572,-71.849629,Peracetic acid,TRI,Pounds,NO,NO,NO,NO,262.04
01420NWRKM1NEWA,NEWARK AMERICA,FITCHBURG,WORCESTER,MA,1420,42.560572,-71.849629,Lead,PBT,Pounds,NO,YES,NO,YES,0.29
01730PPLDB2PRES,THERMO FISHER SCIENTIFIC,BEDFORD,MIDDLESEX,MA,1730,42.482194,-71.264228,Methanol,TRI,Pounds,YES,NO,NO,NO,1394
02038SPDLN16FOR,TEGRA MEDICAL,FRANKLIN,NORFOLK,MA,2038,42.08241,-71.438407,Nitric acid,TRI,Pounds,NO,NO,NO,NO,0
0272WSWMXN39AIR,SWIMEX INC.,FALL RIVER,BRISTOL,MA,2720,41.75147,-71.1182,Styrene,TRI,Pounds,YES,YES,NO,NO,3545
01581MRSHMNEAME,CYTIVA,WESTBOROUGH,WORCESTER,MA,1581,42.27366,-71.57004,N-Methyl-2-pyrrolidone,TRI,Pounds,NO,NO,NO,NO,150
02330CPCDR334TR,CAPE COD READY MIX CARVER,CARVER,PLYMOUTH,MA,2330,41.82575,-70.75495,Lead,PBT,Pounds,NO,YES,NO,YES,0.11
01453CMCMN165PI,HIGHLINE WARREN LLC,LEOMINSTER,WORCESTER,MA,1453,42.531387,-71.70778,Methanol,TRI,Pounds,YES,NO,NO,NO,5200
02134HSTNC52CAM,HOUGHTON CHEMICAL CORP,ALLSTON,SUFFOLK,MA,2134,42.359689,-71.120022,Certain glycol ethers,TRI,Pounds,YES,NO,NO,NO,20
01089FNTNP492PR,FOUNTAIN PLATING CO LLC,WEST SPRINGFIELD,HAMPDEN,MA,1089,42.15478,-72.6502,Nitric acid,TRI,Pounds,NO,NO,NO,NO,0
01089FNTNP492PR,FOUNTAIN PLATING CO LLC,WEST SPRINGFIELD,HAMPDEN,MA,1089,42.15478,-72.6502,Nitrate compounds (water dissociable; reportable only when in aqueous solution),TRI,Pounds,NO,NO,NO,NO,0
01420SLCTN260LU,SELECT ENGINEERING INC,FITCHBURG,WORCESTER,MA,1420,42.58571,-71.77868,Silver compounds,TRI,Pounds,NO,NO,NO,YES,0
01420SLCTN260LU,SELECT ENGINEERING INC,FITCHBURG,WORCESTER,MA,1420,42.58571,-71.77868,Nitrate compounds (water dissociable; reportable only when in aqueous solution),TRI,Pounds,NO,NO,NO,NO,0
01887PRNTR310BA,POSCO INC,WILMINGTON,MIDDLESEX,MA,1887,42.596975,-71.1623,Xylene (mixed isomers),TRI,Pounds,YES,NO,NO,NO,
01887PRNTR310BA,POSCO INC,WILMINGTON,MIDDLESEX,MA,1887,42.596975,-71.1623,Styrene,TRI,Pounds,YES,YES,NO,NO,
01887PRNTR310BA,POSCO INC,WILMINGTON,MIDDLESEX,MA,1887,42.596975,-71.1623,Methanol,TRI,Pounds,YES,NO,NO,NO,
01887PRNTR310BA,POSCO INC,WILMINGTON,MIDDLESEX,MA,1887,42.596975,-71.1623,Certain glycol ethers,TRI,Pounds,YES,NO,NO,NO,
01887PRNTR310BA,POSCO INC,WILMINGTON,MIDDLESEX,MA,1887,42.596975,-71.1623,Toluene,TRI,Pounds,YES,NO,NO,NO,
01056CPCRX203WE,JAMES AUSTIN CO,LUDLOW,HAMPDEN,MA,1056,42.165068,-72.491318,Methanol,TRI,Pounds,YES,NO,NO,NO,466
01056CPCRX203WE,JAMES AUSTIN CO,LUDLOW,HAMPDEN,MA,1056,42.165068,-72.491318,Ethylene glycol,TRI,Pounds,YES,NO,NO,NO,0
01057LMNTNPALME,TRELLEBORG COATED SYSTEMS US INC.,MONSON,HAMPDEN,MA,1057,42.120299,-72.307873,Toluene,TRI,Pounds,YES,NO,NO,NO,3275
01057LMNTNPALME,TRELLEBORG COATED SYSTEMS US INC.,MONSON,HAMPDEN,MA,1057,42.120299,-72.307873,"N,N-Dimethylformamide",TRI,Pounds,YES,YES,NO,NO,4262
01060MDTLN45IND,COCA-COLA NORTHAMERICA,NORTHAMPTON,HAMPSHIRE,MA,1060,42.33447,-72.626499,Nitric acid,TRI,Pounds,NO,NO,NO,NO,0
01060MDTLN45IND,COCA-COLA NORTHAMERICA,NORTHAMPTON,HAMPSHIRE,MA,1060,42.33447,-72.626499,Nitrate compounds (water dissociable; reportable only when in aqueous solution),TRI,Pounds,NO,NO,NO,NO,0
01887CHMGN33IND,CHEMGENES CORP,WILMINGTON,MIDDLESEX,MA,1887,42.52832,-71.14323,Methanol,TRI,Pounds,YES,NO,NO,NO,50
02745FCCBL96FLA,AFC CABLE SYSTEMS,NEW BEDFORD,BRISTOL,MA,2745,41.71708,-70.96888,Copper,TRI,Pounds,NO,NO,NO,YES,0.8
02745FCCBL96FLA,AFC CABLE SYSTEMS,NEW BEDFORD,BRISTOL,MA,2745,41.71708,-70.96888,Antimony compounds,TRI,Pounds,YES,NO,NO,YES,0
01069PLMRF22MTD,PALMER FOUNDRY INC,PALMER,HAMPDEN,MA,1069,42.17708,-72.32346,Diisocyanates,TRI,Pounds,NO,NO,NO,NO,3.35
0182WCHMGN9MIDD,CHEMGENES CORP,BILLERICA,MIDDLESEX,MA,1821,42.526917,-71.254598,Dichloromethane,TRI,Pounds,YES,YES,NO,NO,26
0175WRPLGN111LC,REPLIGEN CORP,MARLBOROUGH,MIDDLESEX,MA,1752,42.34958,-71.57998,N-Methyl-2-pyrrolidone,TRI,Pounds,NO,NO,NO,NO,179.5
02724KNLCN47SLA,ORGANIC DYES & PIGMENTS,FALL RIVER,BRISTOL,MA,27240250,41.68804,-71.18513,Formaldehyde,TRI,Pounds,YES,YES,NO,NO,0
02724KNLCN47SLA,ORGANIC DYES & PIGMENTS,FALL RIVER,BRISTOL,MA,27240250,41.68804,-71.18513,Ammonia,TRI,Pounds,NO,NO,NO,NO,0
02724KNLCN47SLA,ORGANIC DYES & PIGMENTS,FALL RIVER,BRISTOL,MA,27240250,41.68804,-71.18513,Triethylamine,TRI,Pounds,YES,NO,NO,NO,0
0276WLDCST41ALM,OLDCASTLE APG NEW ENGLAND,REHOBOTH,BRISTOL,MA,2769,41.78784,-71.29144,Lead compounds,PBT,Pounds,YES,NO,NO,YES,0.01188
01821TCMTL11SUB,AOTCO METAL FINISHING LLC,BILLERICA,MIDDLESEX,MA,1821,42.53044,-71.25473,Nitric acid,TRI,Pounds,NO,NO,NO,NO,0.09
01862MCSSMBILLE,MC ASSEMBLY LLC,NORTH BILLERICA,MIDDLESEX,MA,1862,42.60575,-71.28406,Lead compounds,PBT,Pounds,YES,NO,NO,YES,0
01028MRCNS301CH,IRWIN INDUSTRIAL TOOLS DBA LENOX TOOLS,EAST LONGMEADOW,HAMPDEN,MA,1028,42.05325,-72.52331,Cobalt,TRI,Pounds,YES,YES,NO,YES,0.093
01028MRCNS301CH,IRWIN INDUSTRIAL TOOLS DBA LENOX TOOLS,EAST LONGMEADOW,HAMPDEN,MA,1028,42.05325,-72.52331,Nickel,TRI,Pounds,YES,YES,NO,YES,1.645
01028MRCNS301CH,IRWIN INDUSTRIAL TOOLS DBA LENOX TOOLS,EAST LONGMEADOW,HAMPDEN,MA,1028,42.05325,-72.52331,Lead,PBT,Pounds,NO,YES,NO,YES,0.02
01453CMCMN165PI,HIGHLINE WARREN LLC,LEOMINSTER,WORCESTER,MA,1453,42.531387,-71.70778,Ethylene glycol,TRI,Pounds,YES,NO,NO,NO,9.9
01915DLTLC416CA,DELTA ELECTRONICS MANUFACTURING CORP.,BEVERLY,ESSEX,MA,1915,42.55983,-70.88304,Copper,TRI,Pounds,NO,NO,NO,YES,0
0216WLTRMR15BWE,ULTRA MARITIME NAVAL SYSTEMS & SENSORS,QUINCY,NORFOLK,MA,2169,42.236188,-70.986341,Lead compounds,PBT,Pounds,YES,NO,NO,YES,0.06
02763VHBLC221JO,V H BLACKINTON & CO INC,ATTLEBORO FALLS,BRISTOL,MA,2763,41.97989,-71.3002,Copper,TRI,Pounds,NO,NO,NO,YES,0
02703VTRNL10VEN,V-TRON ELECTRONICS CORP.,SOUTH ATTLEBORO,BRISTOL,MA,2703,41.90328,-71.33819,Copper,TRI,Pounds,NO,NO,NO,YES,0
0237WVLSTC9PLEA,VEOLIA ES TECHNICAL SOLUTIONS,WEST BRIDGEWATER,PLYMOUTH,MA,2379,42.0082,-71.04604,Polychlorinated biphenyls,PBT,Pounds,YES,YES,NO,NO,0
0237WVLSTC9PLEA,VEOLIA ES TECHNICAL SOLUTIONS,WEST BRIDGEWATER,PLYMOUTH,MA,2379,42.0082,-71.04604,Mercury,PBT,Pounds,YES,NO,NO,YES,0.001
01432NSYFD1NEWE,NASOYA FOODS USA LLC.,AYER,MIDDLESEX,MA,1432,42.562573,-71.533697,Nitric acid,TRI,Pounds,NO,NO,NO,NO,0
01432NSYFD1NEWE,NASOYA FOODS USA LLC.,AYER,MIDDLESEX,MA,1432,42.562573,-71.533697,Nitrate compounds (water dissociable; reportable only when in aqueous solution),TRI,Pounds,NO,NO,NO,NO,0
01331LSSTR121CR,LS STARRETT CO,ATHOL,WORCESTER,MA,1331,42.595325,-72.226707,Lead,PBT,Pounds,NO,YES,NO,YES,0
01331LSSTR121CR,LS STARRETT CO,ATHOL,WORCESTER,MA,1331,42.595325,-72.226707,Propylene,TRI,Pounds,NO,NO,NO,NO,0
01331LSSTR121CR,LS STARRETT CO,ATHOL,WORCESTER,MA,1331,42.595325,-72.226707,Copper,TRI,Pounds,NO,NO,NO,YES,0
01022SRFRC250PA,U.S. DOD USAF WESTOVER ARB,CHICOPEE,HAMPDEN,MA,1022,42.18846,-72.54072,Naphthalene,TRI,Pounds,YES,YES,NO,NO,0
01022SRFRC250PA,U.S. DOD USAF WESTOVER ARB,CHICOPEE,HAMPDEN,MA,1022,42.18846,-72.54072,Ethylbenzene,TRI,Pounds,YES,YES,NO,NO,4
02151GLBLP140LE,GLOBAL COMPANIES LLC,REVERE,SUFFOLK,MA,2151,42.39898,-71.00719,Cumene,TRI,Pounds,YES,YES,NO,NO,3.16
02151GLBLP140LE,GLOBAL COMPANIES LLC,REVERE,SUFFOLK,MA,2151,42.39898,-71.00719,Naphthalene,TRI,Pounds,YES,YES,NO,NO,3.17
02151GLBLP140LE,GLOBAL COMPANIES LLC,REVERE,SUFFOLK,MA,2151,42.39898,-71.00719,"1,2,4-Trimethylbenzene",TRI,Pounds,NO,NO,NO,NO,102.49
02151GLBLP140LE,GLOBAL COMPANIES LLC,REVERE,SUFFOLK,MA,2151,42.39898,-71.00719,Xylene (mixed isomers),TRI,Pounds,YES,NO,NO,NO,313.07
02151GLBLP140LE,GLOBAL COMPANIES LLC,REVERE,SUFFOLK,MA,2151,42.39898,-71.00719,Toluene,TRI,Pounds,YES,NO,NO,NO,266.32
02151GLBLP140LE,GLOBAL COMPANIES LLC,REVERE,SUFFOLK,MA,2151,42.39898,-71.00719,Polycyclic aromatic compounds,PBT,Pounds,YES,YES,NO,NO,0.02
02151GLBLP140LE,GLOBAL COMPANIES LLC,REVERE,SUFFOLK,MA,2151,42.39898,-71.00719,Benzene,TRI,Pounds,YES,YES,NO,NO,142.29
02151GLBLP140LE,GLOBAL COMPANIES LLC,REVERE,SUFFOLK,MA,2151,42.39898,-71.00719,n-Hexane,TRI,Pounds,YES,NO,NO,NO,141.27
02151GLBLP140LE,GLOBAL COMPANIES LLC,REVERE,SUFFOLK,MA,2151,42.39898,-71.00719,Lead compounds,PBT,Pounds,YES,NO,NO,YES,0
02151GLBLP140LE,GLOBAL COMPANIES LLC,REVERE,SUFFOLK,MA,2151,42.39898,-71.00719,Ethylbenzene,TRI,Pounds,YES,YES,NO,NO,29.85
02151GLBLP140LE,GLOBAL COMPANIES LLC,REVERE,SUFFOLK,MA,2151,42.39898,-71.00719,"Benzo[g,h,i]perylene",PBT,Pounds,YES,NO,NO,NO,0.0022
02191FRRVR9BRID,CALPINE FORE RIVER ENERGY CENTER LLC,WEYMOUTH,NORFOLK,MA,2191,42.241669,-70.965851,Polycyclic aromatic compounds,PBT,Pounds,YES,YES,NO,NO,4.2
02191FRRVR9BRID,CALPINE FORE RIVER ENERGY CENTER LLC,WEYMOUTH,NORFOLK,MA,2191,42.241669,-70.965851,n-Hexane,TRI,Pounds,YES,NO,NO,NO,
02191FRRVR9BRID,CALPINE FORE RIVER ENERGY CENTER LLC,WEYMOUTH,NORFOLK,MA,2191,42.241669,-70.965851,Naphthalene,TRI,Pounds,YES,YES,NO,NO,
02191FRRVR9BRID,CALPINE FORE RIVER ENERGY CENTER LLC,WEYMOUTH,NORFOLK,MA,2191,42.241669,-70.965851,Ammonia,TRI,Pounds,NO,NO,NO,NO,21036
01028MRCNS301CH,IRWIN INDUSTRIAL TOOLS DBA LENOX TOOLS,EAST LONGMEADOW,HAMPDEN,MA,1028,42.05325,-72.52331,Chromium,TRI,Pounds,YES,NO,NO,YES,3.167
02370TCCNTAIRST,HOLCIM SOLUTIONS & PRODUCTS US LLC,ROCKLAND,PLYMOUTH,MA,2370,42.159852,-70.911287,Toluene,TRI,Pounds,YES,NO,NO,NO,3687
02370TCCNTAIRST,HOLCIM SOLUTIONS & PRODUCTS US LLC,ROCKLAND,PLYMOUTH,MA,2370,42.159852,-70.911287,Diisocyanates,TRI,Pounds,NO,NO,NO,NO,0
02370TCCNTAIRST,HOLCIM SOLUTIONS & PRODUCTS US LLC,ROCKLAND,PLYMOUTH,MA,2370,42.159852,-70.911287,n-Hexane,TRI,Pounds,YES,NO,NO,NO,2485
02370TCCNTAIRST,HOLCIM SOLUTIONS & PRODUCTS US LLC,ROCKLAND,PLYMOUTH,MA,2370,42.159852,-70.911287,Cyclohexane,TRI,Pounds,NO,NO,NO,NO,299
02370TCCNTAIRST,HOLCIM SOLUTIONS & PRODUCTS US LLC,ROCKLAND,PLYMOUTH,MA,2370,42.159852,-70.911287,Dichloromethane,TRI,Pounds,YES,YES,NO,NO,457
02370TCCNTAIRST,HOLCIM SOLUTIONS & PRODUCTS US LLC,ROCKLAND,PLYMOUTH,MA,2370,42.159852,-70.911287,Xylene (mixed isomers),TRI,Pounds,YES,NO,NO,NO,
01960NLGCC8CENT,ANALOGIC CORP,PEABODY,ESSEX,MA,1960,42.52362,-70.95672,Lead compounds,PBT,Pounds,YES,NO,NO,YES,0.5
01069RTHBN241PA,RATHBONE PRECISION METALS INC,PALMER,HAMPDEN,MA,1069,42.15079,-72.313571,Nitric acid,TRI,Pounds,NO,NO,NO,NO,66
01069RTHBN241PA,RATHBONE PRECISION METALS INC,PALMER,HAMPDEN,MA,1069,42.15079,-72.313571,Nitrate compounds (water dissociable; reportable only when in aqueous solution),TRI,Pounds,NO,NO,NO,NO,0
01069RTHBN241PA,RATHBONE PRECISION METALS INC,PALMER,HAMPDEN,MA,1069,42.15079,-72.313571,Lead,PBT,Pounds,NO,YES,NO,YES,0
01069RTHBN241PA,RATHBONE PRECISION METALS INC,PALMER,HAMPDEN,MA,1069,42.15079,-72.313571,Chromium,TRI,Pounds,YES,NO,NO,YES,0
0106WCNNLL25TEX,O'CONNELL OIL NORTHAMPTON FACILITY,NORTHAMPTON,HAMPSHIRE,MA,1060,42.30884,-72.64336,Hydrogen sulfide,TRI,Pounds,NO,NO,NO,NO,1.5
0106WCNNLL25TEX,O'CONNELL OIL NORTHAMPTON FACILITY,NORTHAMPTON,HAMPSHIRE,MA,1060,42.30884,-72.64336,Polycyclic aromatic compounds,PBT,Pounds,YES,YES,NO,NO,0.0015
0106WCNNLL25TEX,O'CONNELL OIL NORTHAMPTON FACILITY,NORTHAMPTON,HAMPSHIRE,MA,1060,42.30884,-72.64336,Benzene,TRI,Pounds,YES,YES,NO,NO,1.5
0102WRWNND79IND,IRWIN INDUSTRIAL TOOL CO,EAST LONGMEADOW,HAMPDEN,MA,1028,42.0475,-72.52883,Cobalt,TRI,Pounds,YES,YES,NO,YES,0.0002
0102WRWNND79IND,IRWIN INDUSTRIAL TOOL CO,EAST LONGMEADOW,HAMPDEN,MA,1028,42.0475,-72.52883,Chromium,TRI,Pounds,YES,NO,NO,YES,0.0028
01040SNCPR2SARG,SONOCO PRODUCTS CO,HOLYOKE,HAMPDEN,MA,1040,42.1936,-72.60794,Lead,PBT,Pounds,NO,YES,NO,YES,0.1305
02151RVNGL41LEE,IRVING OIL TERMINALS INC.,REVERE,SUFFOLK,MA,2151,42.39619,-71.00924,"Benzo[g,h,i]perylene",PBT,Pounds,YES,NO,NO,NO,0.00001
02151RVNGL41LEE,IRVING OIL TERMINALS INC.,REVERE,SUFFOLK,MA,2151,42.39619,-71.00924,Benzene,TRI,Pounds,YES,YES,NO,NO,677.47
02151RVNGL41LEE,IRVING OIL TERMINALS INC.,REVERE,SUFFOLK,MA,2151,42.39619,-71.00924,n-Hexane,TRI,Pounds,YES,NO,NO,NO,598.99
02151RVNGL41LEE,IRVING OIL TERMINALS INC.,REVERE,SUFFOLK,MA,2151,42.39619,-71.00924,Ethylbenzene,TRI,Pounds,YES,YES,NO,NO,63.8
02151RVNGL41LEE,IRVING OIL TERMINALS INC.,REVERE,SUFFOLK,MA,2151,42.39619,-71.00924,Lead,PBT,Pounds,NO,YES,NO,YES,0.139
02151RVNGL41LEE,IRVING OIL TERMINALS INC.,REVERE,SUFFOLK,MA,2151,42.39619,-71.00924,Naphthalene,TRI,Pounds,YES,YES,NO,NO,0.31
02151RVNGL41LEE,IRVING OIL TERMINALS INC.,REVERE,SUFFOLK,MA,2151,42.39619,-71.00924,Polycyclic aromatic compounds,PBT,Pounds,YES,YES,NO,NO,0.0084
02151RVNGL41LEE,IRVING OIL TERMINALS INC.,REVERE,SUFFOLK,MA,2151,42.39619,-71.00924,Toluene,TRI,Pounds,YES,NO,NO,NO,779.36
02151RVNGL41LEE,IRVING OIL TERMINALS INC.,REVERE,SUFFOLK,MA,2151,42.39619,-71.00924,Xylene (mixed isomers),TRI,Pounds,YES,NO,NO,NO,163.69
02151RVNGL41LEE,IRVING OIL TERMINALS INC.,REVERE,SUFFOLK,MA,2151,42.39619,-71.00924,"1,2,4-Trimethylbenzene",TRI,Pounds,NO,NO,NO,NO,39.67
02184CTGPT385QU,CITGO PETROLEUM CORP,BRAINTREE,NORFOLK,MA,2184,42.236031,-70.967873,Naphthalene,TRI,Pounds,YES,YES,NO,NO,0
02191FRRVR9BRID,CALPINE FORE RIVER ENERGY CENTER LLC,WEYMOUTH,NORFOLK,MA,2191,42.241669,-70.965851,"1,2,4-Trimethylbenzene",TRI,Pounds,NO,NO,NO,NO,
01085WSTFL68NOR,WESTFIELD ELECTROPLATING CO,WESTFIELD,HAMPDEN,MA,1085,42.131098,-72.744474,Nitrate compounds (water dissociable; reportable only when in aqueous solution),TRI,Pounds,NO,NO,NO,NO,0
01085WSTFL68NOR,WESTFIELD ELECTROPLATING CO,WESTFIELD,HAMPDEN,MA,1085,42.131098,-72.744474,Nitric acid,TRI,Pounds,NO,NO,NO,NO,750
01085WSTFL68NOR,WESTFIELD ELECTROPLATING CO,WESTFIELD,HAMPDEN,MA,1085,42.131098,-72.744474,Cyanide compounds,TRI,Pounds,YES,NO,NO,NO,0
01095CNSTR2420B,CS-MA LLC DBA CONSTRUCTION SERVICE,WILBRAHAM,HAMPDEN,MA,1095,42.149686,-72.449118,Nitrate compounds (water dissociable; reportable only when in aqueous solution),TRI,Pounds,NO,NO,NO,NO,10
01095CNSTR2420B,CS-MA LLC DBA CONSTRUCTION SERVICE,WILBRAHAM,HAMPDEN,MA,1095,42.149686,-72.449118,Lead,PBT,Pounds,NO,YES,NO,YES,0.06
0109WYNKCN12CHR,YANKEE CANDLE CO,WHATELY,FRANKLIN,MA,1093,42.443067,-72.617477,"1,3,4,6,7,8-Hexahydro-4,6,6,7,8,8-hexamethylcyclopenta[g]-2-benzopyran",PBT,Pounds,NO,NO,NO,NO,2.8
0234WPVSTN18CWA,PAVESTONE - BOSTON MA PLANT,MIDDLEBORO,PLYMOUTH,MA,2346,41.814835,-70.800657,Lead,PBT,Pounds,NO,YES,NO,YES,0.3387
02360TCHTC45ALD,TECH-ETCH INC,PLYMOUTH,PLYMOUTH,MA,2360,41.95872,-70.69333,Nitrate compounds (water dissociable; reportable only when in aqueous solution),TRI,Pounds,NO,NO,NO,NO,0
02360TCHTC45ALD,TECH-ETCH INC,PLYMOUTH,PLYMOUTH,MA,2360,41.95872,-70.69333,Nitric acid,TRI,Pounds,NO,NO,NO,NO,465
02360TCHTC45ALD,TECH-ETCH INC,PLYMOUTH,PLYMOUTH,MA,2360,41.95872,-70.69333,Lead compounds,PBT,Pounds,YES,NO,NO,YES,2.73
02360TCHTC45ALD,TECH-ETCH INC,PLYMOUTH,PLYMOUTH,MA,2360,41.95872,-70.69333,Hydrogen fluoride,TRI,Pounds,YES,NO,NO,NO,267
02360TCHTC45ALD,TECH-ETCH INC,PLYMOUTH,PLYMOUTH,MA,2360,41.95872,-70.69333,Chlorine,TRI,Pounds,YES,NO,NO,NO,53
02360TCHTC45ALD,TECH-ETCH INC,PLYMOUTH,PLYMOUTH,MA,2360,41.95872,-70.69333,Copper,TRI,Pounds,NO,NO,NO,YES,57
02375NDSTR27BEL,INDUSTRIAL BLAST COIL CORP,SOUTH EASTON,BRISTOL,MA,2375,42.05104,-71.08093,Copper,TRI,Pounds,NO,NO,NO,YES,0
02169PRCTR780WA,TWIN RIVERS TECHNOLOGIES LP,QUINCY,NORFOLK,MA,2169,42.245278,-70.969335,Polycyclic aromatic compounds,PBT,Pounds,YES,YES,NO,NO,0
02169PRCTR780WA,TWIN RIVERS TECHNOLOGIES LP,QUINCY,NORFOLK,MA,2169,42.245278,-70.969335,"Benzo[g,h,i]perylene",PBT,Pounds,YES,NO,NO,NO,0
02178CMBRD39HIT,PURECOAT NORTH LLC,BELMONT,MIDDLESEX,MA,2478,42.39511,-71.15961,Nickel compounds,TRI,Pounds,YES,YES,NO,YES,0
02178CMBRD39HIT,PURECOAT NORTH LLC,BELMONT,MIDDLESEX,MA,2478,42.39511,-71.15961,Lead compounds,PBT,Pounds,YES,NO,NO,YES,0
02178CMBRD39HIT,PURECOAT NORTH LLC,BELMONT,MIDDLESEX,MA,2478,42.39511,-71.15961,Nitric acid,TRI,Pounds,NO,NO,NO,NO,0
02178CMBRD39HIT,PURECOAT NORTH LLC,BELMONT,MIDDLESEX,MA,2478,42.39511,-71.15961,Nitrate compounds (water dissociable; reportable only when in aqueous solution),TRI,Pounds,NO,NO,NO,NO,0
0218WBRNTR15PTT,BRAINTREE ELECTRIC LIGHT DEPARTMENT,BRAINTREE,NORFOLK,MA,2184,42.235,-70.966734,Naphthalene,TRI,Pounds,YES,YES,NO,NO,
0218WBRNTR15PTT,BRAINTREE ELECTRIC LIGHT DEPARTMENT,BRAINTREE,NORFOLK,MA,2184,42.235,-70.966734,Ethylbenzene,TRI,Pounds,YES,YES,NO,NO,
0218WBRNTR15PTT,BRAINTREE ELECTRIC LIGHT DEPARTMENT,BRAINTREE,NORFOLK,MA,2184,42.235,-70.966734,"1,2,4-Trimethylbenzene",TRI,Pounds,NO,NO,NO,NO,
01075SWRCB775NE,EIS WIRE & CABLE CO,SOUTH HADLEY,HAMPSHIRE,MA,1075,42.21741,-72.55421,Copper,TRI,Pounds,NO,NO,NO,YES,0
01075SWRCB775NE,EIS WIRE & CABLE CO,SOUTH HADLEY,HAMPSHIRE,MA,1075,42.21741,-72.55421,Antimony compounds,TRI,Pounds,YES,NO,NO,YES,0
01085THCLM1CYCL,COLUMBIA MANUFACTURING INC,WESTFIELD,HAMPDEN,MA,1085,42.11144,-72.74138,Lead,PBT,Pounds,NO,YES,NO,YES,0
01102SMTHW2100R,SMITH & WESSON BRANDS INC.,SPRINGFIELD,HAMPDEN,MA,1104,42.13722,-72.54706,Sodium nitrite,TRI,Pounds,NO,NO,NO,YES,0
01102SMTHW2100R,SMITH & WESSON BRANDS INC.,SPRINGFIELD,HAMPDEN,MA,1104,42.13722,-72.54706,Chromium,TRI,Pounds,YES,NO,NO,YES,0
01102SMTHW2100R,SMITH & WESSON BRANDS INC.,SPRINGFIELD,HAMPDEN,MA,1104,42.13722,-72.54706,Nitrate compounds (water dissociable; reportable only when in aqueous solution),TRI,Pounds,NO,NO,NO,NO,0
02184CTGPT385QU,CITGO PETROLEUM CORP,BRAINTREE,NORFOLK,MA,2184,42.236031,-70.967873,Lead compounds,PBT,Pounds,YES,NO,NO,YES,0
02184CTGPT385QU,CITGO PETROLEUM CORP,BRAINTREE,NORFOLK,MA,2184,42.236031,-70.967873,Xylene (mixed isomers),TRI,Pounds,YES,NO,NO,NO,651
02184CTGPT385QU,CITGO PETROLEUM CORP,BRAINTREE,NORFOLK,MA,2184,42.236031,-70.967873,Toluene,TRI,Pounds,YES,NO,NO,NO,1658
02184CTGPT385QU,CITGO PETROLEUM CORP,BRAINTREE,NORFOLK,MA,2184,42.236031,-70.967873,"Benzo[g,h,i]perylene",PBT,Pounds,YES,NO,NO,NO,0
02184CTGPT385QU,CITGO PETROLEUM CORP,BRAINTREE,NORFOLK,MA,2184,42.236031,-70.967873,Polycyclic aromatic compounds,PBT,Pounds,YES,YES,NO,NO,0
02184CTGPT385QU,CITGO PETROLEUM CORP,BRAINTREE,NORFOLK,MA,2184,42.236031,-70.967873,n-Hexane,TRI,Pounds,YES,NO,NO,NO,2083
02184CTGPT385QU,CITGO PETROLEUM CORP,BRAINTREE,NORFOLK,MA,2184,42.236031,-70.967873,Cyclohexane,TRI,Pounds,NO,NO,NO,NO,127
02184CTGPT385QU,CITGO PETROLEUM CORP,BRAINTREE,NORFOLK,MA,2184,42.236031,-70.967873,Ethylbenzene,TRI,Pounds,YES,YES,NO,NO,152
02184CTGPT385QU,CITGO PETROLEUM CORP,BRAINTREE,NORFOLK,MA,2184,42.236031,-70.967873,Cumene,TRI,Pounds,YES,YES,NO,NO,4
02184CTGPT385QU,CITGO PETROLEUM CORP,BRAINTREE,NORFOLK,MA,2184,42.236031,-70.967873,Benzene,TRI,Pounds,YES,YES,NO,NO,597
02184CTGPT385QU,CITGO PETROLEUM CORP,BRAINTREE,NORFOLK,MA,2184,42.236031,-70.967873,"1,2,4-Trimethylbenzene",TRI,Pounds,NO,NO,NO,NO,502
0218WLTRXX11CAM,ULTRA,BRAINTREE,NORFOLK,MA,2184,42.203798,-71.028607,Lead compounds,PBT,Pounds,YES,NO,NO,YES,0.12
01089GRMRK958RI,AGRIMARK INC,WEST SPRINGFIELD,HAMPDEN,MA,1089,42.13065,-72.627313,Nitric acid,TRI,Pounds,NO,NO,NO,NO,0
01089GRMRK958RI,AGRIMARK INC,WEST SPRINGFIELD,HAMPDEN,MA,1089,42.13065,-72.627313,Nitrate compounds (water dissociable; reportable only when in aqueous solution),TRI,Pounds,NO,NO,NO,NO,0
0108WSVGRM1SPRI,SAVAGE ARMSINC,WESTFIELD,HAMPDEN,MA,1085,42.14067,-72.72683,Lead,PBT,Pounds,NO,YES,NO,YES,0
02453GGRGT537SS,HOLCIM - NER INC.,WALTHAM,MIDDLESEX,MA,2453,42.362194,-71.26051,Lead compounds,PBT,Pounds,YES,NO,NO,YES,0.2
02453GGRGT537SS,HOLCIM - NER INC.,WALTHAM,MIDDLESEX,MA,2453,42.362194,-71.26051,Mercury,PBT,Pounds,YES,NO,NO,YES,0
02536FLMTH475TH,FALMOUTH READY MIX INC,EAST FALMOUTH,BARNSTABLE,MA,2536,41.61469,-70.59832,Lead,PBT,Pounds,NO,YES,NO,YES,0.1
02536FLMTH475TH,FALMOUTH READY MIX INC,EAST FALMOUTH,BARNSTABLE,MA,2536,41.61469,-70.59832,Nitrate compounds (water dissociable; reportable only when in aqueous solution),TRI,Pounds,NO,NO,NO,NO,
01202NSTRS550CH,BERKSHIRE CONCRETE CORP,PITTSFIELD,BERKSHIRE,MA,1201,42.48682,-73.20194,Mercury,PBT,Pounds,YES,NO,NO,YES,0
01202NSTRS550CH,BERKSHIRE CONCRETE CORP,PITTSFIELD,BERKSHIRE,MA,1201,42.48682,-73.20194,Lead,PBT,Pounds,NO,YES,NO,YES,0
01301BTFGN50GRE,BETE FOG NOZZLE INC.,GREENFIELD,FRANKLIN,MA,1301,42.619163,-72.558105,Nickel,TRI,Pounds,YES,YES,NO,YES,22
01301BTFGN50GRE,BETE FOG NOZZLE INC.,GREENFIELD,FRANKLIN,MA,1301,42.619163,-72.558105,Copper,TRI,Pounds,NO,NO,NO,YES,20
01301BTFGN50GRE,BETE FOG NOZZLE INC.,GREENFIELD,FRANKLIN,MA,1301,42.619163,-72.558105,Chromium,TRI,Pounds,YES,NO,NO,YES,23
01364CHNDS61RWM,ECHO INDUSTRIES ORANGE MA,ORANGE,FRANKLIN,MA,1364,42.567131,-72.297978,Copper,TRI,Pounds,NO,NO,NO,YES,0
0136WMPCTN153QU,IMPACT NANO LLC ORANGE,ORANGE,FRANKLIN,MA,1364,42.56972,-72.298563,Toluene,TRI,Pounds,YES,NO,NO,NO,33
02542SRMYNBLDG4,U.S. ARMY NATIONAL GUARD CAMP EDWARDS RANGE,BOURNE,BARNSTABLE,MA,2542,41.66708,-70.55534,Lead,PBT,Pounds,NO,YES,NO,YES,0
02703NGNRD39PER,ENGINEERED MATERIALS SOLUTIONS  LLC,ATTLEBORO,BRISTOL,MA,2703,41.948486,-71.272143,Chromium,TRI,Pounds,YES,NO,NO,YES,10
02703NGNRD39PER,ENGINEERED MATERIALS SOLUTIONS  LLC,ATTLEBORO,BRISTOL,MA,2703,41.948486,-71.272143,Copper,TRI,Pounds,NO,NO,NO,YES,10
01102SMTHW2100R,SMITH & WESSON BRANDS INC.,SPRINGFIELD,HAMPDEN,MA,1104,42.13722,-72.54706,Manganese,TRI,Pounds,YES,NO,NO,YES,0
01102SMTHW2100R,SMITH & WESSON BRANDS INC.,SPRINGFIELD,HAMPDEN,MA,1104,42.13722,-72.54706,Lead compounds,PBT,Pounds,YES,NO,NO,YES,1
01102SMTHW2100R,SMITH & WESSON BRANDS INC.,SPRINGFIELD,HAMPDEN,MA,1104,42.13722,-72.54706,Copper,TRI,Pounds,NO,NO,NO,YES,0.3
0110WCNSTR34RCU,CS-MA LLC DBA CONSTRUCTION SERVICE,SPRINGFIELD,HAMPDEN,MA,1104,42.14643,-72.54181,Nitrate compounds (water dissociable; reportable only when in aqueous solution),TRI,Pounds,NO,NO,NO,NO,5
0110WCNSTR34RCU,CS-MA LLC DBA CONSTRUCTION SERVICE,SPRINGFIELD,HAMPDEN,MA,1104,42.14643,-72.54181,Lead,PBT,Pounds,NO,YES,NO,YES,0.03
02322TLDWR100WA,TL EDWARDS INC.,AVON,NORFOLK,MA,2322,42.14655,-71.0558,Polycyclic aromatic compounds,PBT,Pounds,YES,YES,NO,NO,0.0877
02322TLDWR100WA,TL EDWARDS INC.,AVON,NORFOLK,MA,2322,42.14655,-71.0558,"Benzo[g,h,i]perylene",PBT,Pounds,YES,NO,NO,NO,0.012
02343FSTRS46SPR,OLDCASTLE - ANCHOR,HOLBROOK,NORFOLK,MA,2343,42.130677,-71.024097,Lead compounds,PBT,Pounds,YES,NO,NO,YES,0.02091
0234WBYRNS21WDS,BYRNE SAND & GRAVEL INC.,MIDDLEBORO,PLYMOUTH,MA,2346,41.88395,-70.88546,Lead compounds,PBT,Pounds,YES,NO,NO,YES,0.01
02370VNTRT30COM,3M CO,ROCKLAND,PLYMOUTH,MA,2370,42.163919,-70.901419,Toluene,TRI,Pounds,YES,NO,NO,NO,664.25
02370VNTRT30COM,3M CO,ROCKLAND,PLYMOUTH,MA,2370,42.163919,-70.901419,Methanol,TRI,Pounds,YES,NO,NO,NO,5495.7
02370VNTRT30COM,3M CO,ROCKLAND,PLYMOUTH,MA,2370,42.163919,-70.901419,n-Hexane,TRI,Pounds,YES,NO,NO,NO,64.3
01151HTBTH107FR,DUBOIS CHEMICALS INC. - INDIAN ORCHARD MA (SPRINGFIELD),INDIAN ORCHARD,HAMPDEN,MA,1151,42.16056,-72.50445,Nickel compounds,TRI,Pounds,YES,YES,NO,YES,
01151MNSNT730WO,SOLUTIA INC,SPRINGFIELD,HAMPDEN,MA,1151,42.154981,-72.526419,Nitric acid,TRI,Pounds,NO,NO,NO,NO,0
01151MNSNT730WO,SOLUTIA INC,SPRINGFIELD,HAMPDEN,MA,1151,42.154981,-72.526419,Formaldehyde,TRI,Pounds,YES,YES,NO,NO,1821
0108WWSTLK44GRI,WESTLAKE ROYAL BUILDING PRODUCTS,WESTFIELD,HAMPDEN,MA,1085,42.15231,-72.74574,Zinc compounds,TRI,Pounds,NO,NO,NO,YES,
01104STRMS160CO,DONCASTERS STORMS FORGE,SPRINGFIELD,HAMPDEN,MA,1104,42.13927,-72.53861,Chromium,TRI,Pounds,YES,NO,NO,YES,1.62
01104STRMS160CO,DONCASTERS STORMS FORGE,SPRINGFIELD,HAMPDEN,MA,1104,42.13927,-72.53861,Nickel,TRI,Pounds,YES,YES,NO,YES,0.44
02339GMGRV112SC,GEM GRAVURE CO INC.,WEST HANOVER,PLYMOUTH,MA,2339,42.10718,-70.87576,Toluene,TRI,Pounds,YES,NO,NO,NO,23
02346CNSPRBRIDG,OCEAN SPRAY CRANBERRIES INC,MIDDLEBORO,PLYMOUTH,MA,2346,41.87113,-70.91206,Polycyclic aromatic compounds,PBT,Pounds,YES,YES,NO,NO,0.000077
02346CNSPRBRIDG,OCEAN SPRAY CRANBERRIES INC,MIDDLEBORO,PLYMOUTH,MA,2346,41.87113,-70.91206,"Benzo[g,h,i]perylene",PBT,Pounds,YES,NO,NO,NO,0.000011
02370LCTRS175RU,ELECTROSWITCH SWITCHES & RELAYS,ROCKLAND,PLYMOUTH,MA,2370,42.126841,-70.914252,Copper,TRI,Pounds,NO,NO,NO,YES,0
01151NSMLM73BWR,PREFERE MELAMINES LLC,SPRINGFIELD,HAMPDEN,MA,1151,42.159065,-72.517605,Methanol,TRI,Pounds,YES,NO,NO,NO,3221
01151NSMLM73BWR,PREFERE MELAMINES LLC,SPRINGFIELD,HAMPDEN,MA,1151,42.159065,-72.517605,Formic acid,TRI,Pounds,NO,NO,NO,NO,0
01151NSMLM73BWR,PREFERE MELAMINES LLC,SPRINGFIELD,HAMPDEN,MA,1151,42.159065,-72.517605,n-Butyl alcohol,TRI,Pounds,NO,NO,NO,NO,1434
01151NSMLM73BWR,PREFERE MELAMINES LLC,SPRINGFIELD,HAMPDEN,MA,1151,42.159065,-72.517605,Xylene (mixed isomers),TRI,Pounds,YES,NO,NO,NO,0
01151NSMLM73BWR,PREFERE MELAMINES LLC,SPRINGFIELD,HAMPDEN,MA,1151,42.159065,-72.517605,Nitric acid,TRI,Pounds,NO,NO,NO,NO,0
01151NSMLM73BWR,PREFERE MELAMINES LLC,SPRINGFIELD,HAMPDEN,MA,1151,42.159065,-72.517605,Nitrate compounds (water dissociable; reportable only when in aqueous solution),TRI,Pounds,NO,NO,NO,NO,0
01151NSMLM73BWR,PREFERE MELAMINES LLC,SPRINGFIELD,HAMPDEN,MA,1151,42.159065,-72.517605,Formaldehyde,TRI,Pounds,YES,YES,NO,NO,1005
01201CNNLL545ME,O'CONNELL OIL CO MERRILL ROAD FACILITY,PITTSFIELD,BERKSHIRE,MA,1201,42.462752,-73.20685,Benzene,TRI,Pounds,YES,YES,NO,NO,42
02703NGNRD39PER,ENGINEERED MATERIALS SOLUTIONS  LLC,ATTLEBORO,BRISTOL,MA,2703,41.948486,-71.272143,Nickel,TRI,Pounds,YES,YES,NO,YES,10
0270WNRKNG53CUN,NORKING CO INC,ATTLEBORO,BRISTOL,MA,2703,41.9433,-71.2864,Ammonia,TRI,Pounds,NO,NO,NO,NO,32151
02714RGSTW266SA,ZAPP PRECISION STRIP INC.,DARTMOUTH,BRISTOL,MA,2745,41.71996,-70.969526,Chromium,TRI,Pounds,YES,NO,NO,YES,0
02714RGSTW266SA,ZAPP PRECISION STRIP INC.,DARTMOUTH,BRISTOL,MA,2745,41.71996,-70.969526,Manganese,TRI,Pounds,YES,NO,NO,YES,0
02714RGSTW266SA,ZAPP PRECISION STRIP INC.,DARTMOUTH,BRISTOL,MA,2745,41.71996,-70.969526,Nickel,TRI,Pounds,YES,YES,NO,YES,0
02714RGSTW266SA,ZAPP PRECISION STRIP INC.,DARTMOUTH,BRISTOL,MA,2745,41.71996,-70.969526,Copper,TRI,Pounds,NO,NO,NO,YES,0
02714RGSTW266SA,ZAPP PRECISION STRIP INC.,DARTMOUTH,BRISTOL,MA,2745,41.71996,-70.969526,Lead,PBT,Pounds,NO,YES,NO,YES,0
02714RGSTW266SA,ZAPP PRECISION STRIP INC.,DARTMOUTH,BRISTOL,MA,2745,41.71996,-70.969526,Cobalt,TRI,Pounds,YES,YES,NO,YES,0
0137WCHRTR18IND,CHARTER NEXT GENERATION - TURNERS FALLS,TURNERS FALLS,FRANKLIN,MA,1376,42.59181,-72.52915,Ozone,TRI,Pounds,NO,NO,NO,NO,92108
0144WNWNGL65ZUB,BIOSYNTH INTERNATIONAL INC.,GARDNER,WORCESTER,MA,1440,42.59689,-71.95395,Acetonitrile,TRI,Pounds,YES,NO,NO,NO,14
0144WNWNGL65ZUB,BIOSYNTH INTERNATIONAL INC.,GARDNER,WORCESTER,MA,1440,42.59689,-71.95395,"N,N-Dimethylformamide",TRI,Pounds,YES,YES,NO,NO,1
01453LPHWR128TO,ALPHA WIRE CO,LEOMINSTER,WORCESTER,MA,1453,42.54926,-71.74515,Tetrabromobisphenol A,PBT,Pounds,YES,NO,NO,NO,0
01453LPHWR128TO,ALPHA WIRE CO,LEOMINSTER,WORCESTER,MA,1453,42.54926,-71.74515,Lead compounds,PBT,Pounds,YES,NO,NO,YES,0
01453LPHWR128TO,ALPHA WIRE CO,LEOMINSTER,WORCESTER,MA,1453,42.54926,-71.74515,Antimony compounds,TRI,Pounds,YES,NO,NO,YES,0
01453LPHWR128TO,ALPHA WIRE CO,LEOMINSTER,WORCESTER,MA,1453,42.54926,-71.74515,Copper compounds,TRI,Pounds,NO,NO,NO,YES,0
02722BRMCS106FE,BORDEN & REMINGTON CORP,FALL RIVER,BRISTOL,MA,2721,41.703194,-71.165407,Ammonia,TRI,Pounds,NO,NO,NO,NO,1507
01151MNSNT730WO,SOLUTIA INC,SPRINGFIELD,HAMPDEN,MA,1151,42.154981,-72.526419,Butyraldehyde,TRI,Pounds,NO,NO,NO,NO,25915
01151MNSNT730WO,SOLUTIA INC,SPRINGFIELD,HAMPDEN,MA,1151,42.154981,-72.526419,Nitrate compounds (water dissociable; reportable only when in aqueous solution),TRI,Pounds,NO,NO,NO,NO,0
01151MNSNT730WO,SOLUTIA INC,SPRINGFIELD,HAMPDEN,MA,1151,42.154981,-72.526419,Methanol,TRI,Pounds,YES,NO,NO,NO,8599
01151MNSNT730WO,SOLUTIA INC,SPRINGFIELD,HAMPDEN,MA,1151,42.154981,-72.526419,Formic acid,TRI,Pounds,NO,NO,NO,NO,0
01151MNSNT730WO,SOLUTIA INC,SPRINGFIELD,HAMPDEN,MA,1151,42.154981,-72.526419,Vinyl acetate,TRI,Pounds,YES,YES,NO,NO,6751
01201PTTSF235ME,PITTSFIELD GENERATING CO LP,PITTSFIELD,BERKSHIRE,MA,1201,42.45488,-73.21734,Ammonia,TRI,Pounds,NO,NO,NO,NO,2516
01220HLLND153HO,HOLLAND CO,ADAMS,BERKSHIRE,MA,1220,42.65338,-73.11039,Ammonia,TRI,Pounds,NO,NO,NO,NO,1
0122WCRNPN6PINE,CRANE PIONEER MILL,DALTON,BERKSHIRE,MA,1226,42.470835,-73.177032,Polycyclic aromatic compounds,PBT,Pounds,YES,YES,NO,NO,0.0012
0122WCRNPN6PINE,CRANE PIONEER MILL,DALTON,BERKSHIRE,MA,1226,42.470835,-73.177032,"Benzo[g,h,i]perylene",PBT,Pounds,YES,NO,NO,NO,0.0001
0255WSLNDN11IND,ISLAND ENERGY SERVICES,NANTUCKET,NANTUCKET,MA,2554,41.27508,-70.10588,"Benzo[g,h,i]perylene",PBT,Pounds,YES,NO,NO,NO,0
0255WSLNDN11IND,ISLAND ENERGY SERVICES,NANTUCKET,NANTUCKET,MA,2554,41.27508,-70.10588,Ethylbenzene,TRI,Pounds,YES,YES,NO,NO,10.82
0255WSLNDN11IND,ISLAND ENERGY SERVICES,NANTUCKET,NANTUCKET,MA,2554,41.27508,-70.10588,Benzene,TRI,Pounds,YES,YES,NO,NO,135.6
0255WSLNDN11IND,ISLAND ENERGY SERVICES,NANTUCKET,NANTUCKET,MA,2554,41.27508,-70.10588,Xylene (mixed isomers),TRI,Pounds,YES,NO,NO,NO,57.22
0255WSLNDN11IND,ISLAND ENERGY SERVICES,NANTUCKET,NANTUCKET,MA,2554,41.27508,-70.10588,Toluene,TRI,Pounds,YES,NO,NO,NO,150.17
0255WSLNDN11IND,ISLAND ENERGY SERVICES,NANTUCKET,NANTUCKET,MA,2554,41.27508,-70.10588,Polycyclic aromatic compounds,PBT,Pounds,YES,YES,NO,NO,0.0021
01201CNNLL545ME,O'CONNELL OIL CO MERRILL ROAD FACILITY,PITTSFIELD,BERKSHIRE,MA,1201,42.462752,-73.20685,Hydrogen sulfide,TRI,Pounds,NO,NO,NO,NO,0.7
01201CNNLL545ME,O'CONNELL OIL CO MERRILL ROAD FACILITY,PITTSFIELD,BERKSHIRE,MA,1201,42.462752,-73.20685,Ethylbenzene,TRI,Pounds,YES,YES,NO,NO,104
01201CNNLL545ME,O'CONNELL OIL CO MERRILL ROAD FACILITY,PITTSFIELD,BERKSHIRE,MA,1201,42.462752,-73.20685,Cyclohexane,TRI,Pounds,NO,NO,NO,NO,187
01201CNNLL545ME,O'CONNELL OIL CO MERRILL ROAD FACILITY,PITTSFIELD,BERKSHIRE,MA,1201,42.462752,-73.20685,Xylene (mixed isomers),TRI,Pounds,YES,NO,NO,NO,519
01201CNNLL545ME,O'CONNELL OIL CO MERRILL ROAD FACILITY,PITTSFIELD,BERKSHIRE,MA,1201,42.462752,-73.20685,Toluene,TRI,Pounds,YES,NO,NO,NO,623
01201CNNLL545ME,O'CONNELL OIL CO MERRILL ROAD FACILITY,PITTSFIELD,BERKSHIRE,MA,1201,42.462752,-73.20685,Naphthalene,TRI,Pounds,YES,YES,NO,NO,104
01201CNNLL545ME,O'CONNELL OIL CO MERRILL ROAD FACILITY,PITTSFIELD,BERKSHIRE,MA,1201,42.462752,-73.20685,"1,2,4-Trimethylbenzene",TRI,Pounds,NO,NO,NO,NO,104
0120WNTRPR11CEN,INTERPRINT INC,PITTSFIELD,BERKSHIRE,MA,1201,42.42441,-73.33398,"Sulfuric acid (acid aerosols including mists, vapors, gas, fog, and other airborne forms of any particle size)",TRI,Pounds,NO,NO,NO,NO,0
01226CRNCN30SOU,CRANE & CO. INC.,DALTON,BERKSHIRE,MA,1226,42.470467,-73.178993,Polycyclic aromatic compounds,PBT,Pounds,YES,YES,NO,NO,0.0002
0133WKRNGL31KRI,KRINGLE CANDLE,BERNARDSTON,FRANKLIN,MA,1337,42.668301,-72.544465,"1,3,4,6,7,8-Hexahydro-4,6,6,7,8,8-hexamethylcyclopenta[g]-2-benzopyran",PBT,Pounds,NO,NO,NO,NO,0
0133WWHPPN37SUT,WHIPPS INC,ATHOL,WORCESTER,MA,1331,42.58647,-72.23819,Nickel,TRI,Pounds,YES,YES,NO,YES,0.11
0133WWHPPN37SUT,WHIPPS INC,ATHOL,WORCESTER,MA,1331,42.58647,-72.23819,Manganese,TRI,Pounds,YES,NO,NO,YES,0.01
0133WWHPPN37SUT,WHIPPS INC,ATHOL,WORCESTER,MA,1331,42.58647,-72.23819,Chromium,TRI,Pounds,YES,NO,NO,YES,0.14
02702PLRDC238SO,ISP FREETOWN FINE CHEMICALS INC,ASSONET,BRISTOL,MA,2702,41.766111,-71.106944,Butyl acrylate,TRI,Pounds,NO,NO,NO,NO,63.22
02702PLRDC238SO,ISP FREETOWN FINE CHEMICALS INC,ASSONET,BRISTOL,MA,2702,41.766111,-71.106944,Acrylic acid,TRI,Pounds,YES,NO,NO,NO,15.5
02745CSHNT215DU,ACUSHNET CO BALL PLANT III,NEW BEDFORD,BRISTOL,MA,2745,41.72544,-70.95518,Zinc compounds,TRI,Pounds,NO,NO,NO,YES,0
02745CSHNT215DU,ACUSHNET CO BALL PLANT III,NEW BEDFORD,BRISTOL,MA,2745,41.72544,-70.95518,Methyl isobutyl ketone,TRI,Pounds,YES,YES,NO,NO,2148
02745CSHNT215DU,ACUSHNET CO BALL PLANT III,NEW BEDFORD,BRISTOL,MA,2745,41.72544,-70.95518,Diisocyanates,TRI,Pounds,NO,NO,NO,NO,0
02745LNGSN50WEL,AMETEK AEGIS,NEW BEDFORD,BRISTOL,MA,2745,41.70612,-70.94969,Nitrate compounds (water dissociable; reportable only when in aqueous solution),TRI,Pounds,NO,NO,NO,NO,0
02745LNGSN50WEL,AMETEK AEGIS,NEW BEDFORD,BRISTOL,MA,2745,41.70612,-70.94969,Nitric acid,TRI,Pounds,NO,NO,NO,NO,155
01453MNRLL205CR,INTERNATIONAL RECTIFIER HIREL PRODUCTS INC.,LEOMINSTER,WORCESTER,MA,1453,42.54647,-71.745322,Lead,PBT,Pounds,NO,YES,NO,YES,0.4
01462GTTGL140LE,S&E SPECIALTY POLYMERS LLC,LUNENBURG,WORCESTER,MA,1462,42.536041,-71.704031,Antimony compounds,TRI,Pounds,YES,NO,NO,YES,42.332
01462GTTGL140LE,S&E SPECIALTY POLYMERS LLC,LUNENBURG,WORCESTER,MA,1462,42.536041,-71.704031,Zinc compounds,TRI,Pounds,NO,NO,NO,YES,10.1528
01462GTTGL140LE,S&E SPECIALTY POLYMERS LLC,LUNENBURG,WORCESTER,MA,1462,42.536041,-71.704031,Lead,PBT,Pounds,NO,YES,NO,YES,0.04965
01462GTTGL140LE,S&E SPECIALTY POLYMERS LLC,LUNENBURG,WORCESTER,MA,1462,42.536041,-71.704031,Barium compounds (except for barium sulfate (CAS No. 7727-43-7)),TRI,Pounds,NO,NO,NO,YES,1.7987
0151WDPHNS1LACK,DAUPHINAIS CONCRETE INC.,DOUGLAS,WORCESTER,MA,1516,42.08538,-71.69641,Nitrate compounds (water dissociable; reportable only when in aqueous solution),TRI,Pounds,NO,NO,NO,NO,11
0151WDPHNS1LACK,DAUPHINAIS CONCRETE INC.,DOUGLAS,WORCESTER,MA,1516,42.08538,-71.69641,Lead,PBT,Pounds,NO,YES,NO,YES,0.3
01520HLDNT2077N,HOLDEN TRAP ROCK,HOLDEN,WORCESTER,MA,1520,42.368862,-71.903824,Polycyclic aromatic compounds,PBT,Pounds,YES,YES,NO,NO,0.07
01520HLDNT2077N,HOLDEN TRAP ROCK,HOLDEN,WORCESTER,MA,1520,42.368862,-71.903824,"Benzo[g,h,i]perylene",PBT,Pounds,YES,NO,NO,NO,0.0072
0255WSLNDN11IND,ISLAND ENERGY SERVICES,NANTUCKET,NANTUCKET,MA,2554,41.27508,-70.10588,n-Hexane,TRI,Pounds,YES,NO,NO,NO,125.16
0255WSLNDN11IND,ISLAND ENERGY SERVICES,NANTUCKET,NANTUCKET,MA,2554,41.27508,-70.10588,Naphthalene,TRI,Pounds,YES,YES,NO,NO,0.69
0255WSLNDN11IND,ISLAND ENERGY SERVICES,NANTUCKET,NANTUCKET,MA,2554,41.27508,-70.10588,"1,2,4-Trimethylbenzene",TRI,Pounds,NO,NO,NO,NO,18.59
0266WCPCDR248GR,CAPE COD READY-MIX,SOUTH DENNIS,BARNSTABLE,MA,2660,41.68949,-70.133139,Lead,PBT,Pounds,NO,YES,NO,YES,0.1
02703CHMTC52GAR,METALOR TECHNOLOGIES USA,ATTLEBORO,BRISTOL,MA,2703,41.94198,-71.2769,Silver compounds,TRI,Pounds,NO,NO,NO,YES,0
02703CHMTC52GAR,METALOR TECHNOLOGIES USA,ATTLEBORO,BRISTOL,MA,2703,41.94198,-71.2769,Nitrate compounds (water dissociable; reportable only when in aqueous solution),TRI,Pounds,NO,NO,NO,NO,0
02703CHMTC52GAR,METALOR TECHNOLOGIES USA,ATTLEBORO,BRISTOL,MA,2703,41.94198,-71.2769,Methanol,TRI,Pounds,YES,NO,NO,NO,885
02703CHMTC52GAR,METALOR TECHNOLOGIES USA,ATTLEBORO,BRISTOL,MA,2703,41.94198,-71.2769,Hydrazine,TRI,Pounds,YES,YES,NO,NO,
02703CHMTC52GAR,METALOR TECHNOLOGIES USA,ATTLEBORO,BRISTOL,MA,2703,41.94198,-71.2769,Nitric acid,TRI,Pounds,NO,NO,NO,NO,0
02703CMPST1MILL,COMPOSITE MODULES INC.,ATTLEBORO,BRISTOL,MA,2703,41.94232,-71.28251,Ammonia,TRI,Pounds,NO,NO,NO,NO,0
02703NRTHS330TU,COMTRAN LLC,ATTLEBORO,BRISTOL,MA,2703,41.89642,-71.38025,Zinc compounds,TRI,Pounds,NO,NO,NO,YES,0
01376HTFBX13IND,HART & COOLEY LLC,TURNERS FALLS,FRANKLIN,MA,1376,42.598244,-72.517952,Nickel,TRI,Pounds,YES,YES,NO,YES,0.025
01376HTFBX13IND,HART & COOLEY LLC,TURNERS FALLS,FRANKLIN,MA,1376,42.598244,-72.517952,Chromium,TRI,Pounds,YES,NO,NO,YES,0.037
01432PHRMC25PAT,VERANOVA L.P.,DEVENS,WORCESTER,MA,1434,42.528806,-71.625768,Ethylbenzene,TRI,Pounds,YES,YES,NO,NO,6.15
01432PHRMC25PAT,VERANOVA L.P.,DEVENS,WORCESTER,MA,1434,42.528806,-71.625768,Dichloromethane,TRI,Pounds,YES,YES,NO,NO,2436.36
02702PLRDC238SO,ISP FREETOWN FINE CHEMICALS INC,ASSONET,BRISTOL,MA,2702,41.766111,-71.106944,Vinyl acetate,TRI,Pounds,YES,YES,NO,NO,933
02702PLRDC238SO,ISP FREETOWN FINE CHEMICALS INC,ASSONET,BRISTOL,MA,2702,41.766111,-71.106944,Toluene,TRI,Pounds,YES,NO,NO,NO,234
02702PLRDC238SO,ISP FREETOWN FINE CHEMICALS INC,ASSONET,BRISTOL,MA,2702,41.766111,-71.106944,tert-Butyl alcohol,TRI,Pounds,NO,NO,NO,NO,71.1
02702PLRDC238SO,ISP FREETOWN FINE CHEMICALS INC,ASSONET,BRISTOL,MA,2702,41.766111,-71.106944,Ethylene glycol,TRI,Pounds,YES,NO,NO,NO,0
02702PLRDC238SO,ISP FREETOWN FINE CHEMICALS INC,ASSONET,BRISTOL,MA,2702,41.766111,-71.106944,Certain glycol ethers,TRI,Pounds,YES,NO,NO,NO,2.4
02702PLRDC238SO,ISP FREETOWN FINE CHEMICALS INC,ASSONET,BRISTOL,MA,2702,41.766111,-71.106944,Methyl methacrylate,TRI,Pounds,YES,NO,NO,NO,6
02703BRNND48FRA,BRAININ ADVANCE INDUSTRIES,ATTLEBORO,BRISTOL,MA,2703,41.91928,-71.32351,Ammonia,TRI,Pounds,NO,NO,NO,NO,
02703GLNSN189EA,GLINES & RHODES INC,ATTLEBORO,BRISTOL,MA,2703,41.93806,-71.2745,Lead compounds,PBT,Pounds,YES,NO,NO,YES,4
02703LCHGR49PEA,LEACHGARNER,ATTLEBORO,BRISTOL,MA,2703,41.94034,-71.27906,Silver,TRI,Pounds,NO,NO,NO,YES,0.4
0270WRBRTS33BVI,ROBERTS CHEMCIAL CO INC,ATTLEBORO,BRISTOL,MA,2703,41.904074,-71.31342,Nitric acid,TRI,Pounds,NO,NO,NO,NO,
01376JDDWR55TUR,JUDD WIRE INC.,TURNERS FALLS,FRANKLIN,MA,1376,42.58878,-72.55703,Zinc compounds,TRI,Pounds,NO,NO,NO,YES,0
01376JDDWR55TUR,JUDD WIRE INC.,TURNERS FALLS,FRANKLIN,MA,1376,42.58878,-72.55703,Copper,TRI,Pounds,NO,NO,NO,YES,0
01376JDDWR55TUR,JUDD WIRE INC.,TURNERS FALLS,FRANKLIN,MA,1376,42.58878,-72.55703,Antimony compounds,TRI,Pounds,YES,NO,NO,YES,0
0137WHRDGG147NR,HARDIGG INDUSTRIES INC,SOUTH DEERFIELD,FRANKLIN,MA,1373,42.48712,-72.60511,Diisocyanates,TRI,Pounds,NO,NO,NO,NO,0
01420THDRB119AU,SYNTHOMER INC.,FITCHBURG,WORCESTER,MA,1420,42.552092,-71.849629,Ethyl acrylate,TRI,Pounds,YES,YES,NO,NO,28
01520RDPLSHOLDE,AVIENT COLORANTS USA LLC - HOLDEN FACILITY,HOLDEN,WORCESTER,MA,1520,42.34071,-71.844937,Zinc compounds,TRI,Pounds,NO,NO,NO,YES,5.23
02763MTFBN332JO,METFAB ENGINEERING INC.,ATTLEBORO FALLS,BRISTOL,MA,2763,41.983462,-71.301355,Lead,PBT,Pounds,NO,YES,NO,YES,0
02763MTFBN332JO,METFAB ENGINEERING INC.,ATTLEBORO FALLS,BRISTOL,MA,2763,41.983462,-71.301355,Chromium,TRI,Pounds,YES,NO,NO,YES,0
0277WSHCNC153CR,SHEA CONCRETE PRODUCTS - ROCHESTER,WEST WAREHAM,PLYMOUTH,MA,2576,41.805571,-70.782872,Lead,PBT,Pounds,NO,YES,NO,YES,0
02780MCCBS120BE,DAUPHINAIS CONCRETE INC.,TAUNTON,BRISTOL,MA,2780,41.88248,-71.08801,Nitrate compounds (water dissociable; reportable only when in aqueous solution),TRI,Pounds,NO,NO,NO,NO,19
02780MCCBS120BE,DAUPHINAIS CONCRETE INC.,TAUNTON,BRISTOL,MA,2780,41.88248,-71.08801,Lead,PBT,Pounds,NO,YES,NO,YES,0.3
02780PRFSS40MYL,PROFESSIONAL CONTRACT STERILIZATION INC (PCS),TAUNTON,BRISTOL,MA,2780,41.94799,-71.14219,Ethylene oxide,TRI,Pounds,YES,YES,NO,NO,102.4
02780PRFSS40MYL,PROFESSIONAL CONTRACT STERILIZATION INC (PCS),TAUNTON,BRISTOL,MA,2780,41.94799,-71.14219,Ethylene glycol,TRI,Pounds,YES,NO,NO,NO,0
01527CNTYH32HOW,COUNTY HEAT TREAT LLC,MILLBURY,WORCESTER,MA,1527,42.19631,-71.75821,Ammonia,TRI,Pounds,NO,NO,NO,NO,520
01550SCHTT122CH,LIGHTING & IMAGING - SOUTHBRIDGE,SOUTHBRIDGE,WORCESTER,MA,1550,42.07981,-72.02609,Lead compounds,PBT,Pounds,YES,NO,NO,YES,0
0156WSTRLN194WR,STERLING CONCRETE CORP,STERLING,WORCESTER,MA,1564,42.428425,-71.767939,Nitrate compounds (water dissociable; reportable only when in aqueous solution),TRI,Pounds,NO,NO,NO,NO,0
0156WSTRLN194WR,STERLING CONCRETE CORP,STERLING,WORCESTER,MA,1564,42.428425,-71.767939,Lead,PBT,Pounds,NO,YES,NO,YES,0
01581MCRNS125FL,GVS N.A. INC.,WESTBOROUGH,WORCESTER,MA,1581,42.275272,-71.573889,N-Methyl-2-pyrrolidone,TRI,Pounds,NO,NO,NO,NO,46
01581MCRNS125FL,GVS N.A. INC.,WESTBOROUGH,WORCESTER,MA,1581,42.275272,-71.573889,Formic acid,TRI,Pounds,NO,NO,NO,NO,478
0158WCRTSN7HART,CURTIS INDUSTRIES LLC,WEST BOYLSTON,WORCESTER,MA,1583,42.33728,-71.77547,Diisocyanates,TRI,Pounds,NO,NO,NO,NO,
01432PHRMC25PAT,VERANOVA L.P.,DEVENS,WORCESTER,MA,1434,42.528806,-71.625768,Methanol,TRI,Pounds,YES,NO,NO,NO,499.23
01432PHRMC25PAT,VERANOVA L.P.,DEVENS,WORCESTER,MA,1434,42.528806,-71.625768,Methyl tert-butyl ether,TRI,Pounds,YES,NO,NO,NO,300.58
01453GRYCHPIONE,MEXICHEM SPECIALTY COMPOUNDS,LEOMINSTER,WORCESTER,MA,1453,42.53286,-71.70806,Zinc compounds,TRI,Pounds,NO,NO,NO,YES,17.8
01453GRYCHPIONE,MEXICHEM SPECIALTY COMPOUNDS,LEOMINSTER,WORCESTER,MA,1453,42.53286,-71.70806,Lead compounds,PBT,Pounds,YES,NO,NO,YES,0.09
01453GRYCHPIONE,MEXICHEM SPECIALTY COMPOUNDS,LEOMINSTER,WORCESTER,MA,1453,42.53286,-71.70806,Antimony compounds,TRI,Pounds,YES,NO,NO,YES,86
01453GRYCHPIONE,MEXICHEM SPECIALTY COMPOUNDS,LEOMINSTER,WORCESTER,MA,1453,42.53286,-71.70806,Barium compounds (except for barium sulfate (CAS No. 7727-43-7)),TRI,Pounds,NO,NO,NO,YES,
02742CSHNT744BE,ACUSHNET RUBBER CO D/B/A PRECIX INC.,NEW BEDFORD,BRISTOL,MA,2745,41.674663,-70.920503,Diisocyanates,TRI,Pounds,NO,NO,NO,NO,14
02742TLDYN1357E,ULBRICH PRECISION ALLOYS LLC,NEW BEDFORD,BRISTOL,MA,2744,41.603889,-70.904444,Nickel,TRI,Pounds,YES,YES,NO,YES,0
02742TLDYN1357E,ULBRICH PRECISION ALLOYS LLC,NEW BEDFORD,BRISTOL,MA,2744,41.603889,-70.904444,Chromium compounds (except for chromite ore mined in the Transvaal Region),TRI,Pounds,YES,NO,NO,YES,0
02742TLDYN1357E,ULBRICH PRECISION ALLOYS LLC,NEW BEDFORD,BRISTOL,MA,2744,41.603889,-70.904444,Manganese,TRI,Pounds,YES,NO,NO,YES,0
02742TLDYN1357E,ULBRICH PRECISION ALLOYS LLC,NEW BEDFORD,BRISTOL,MA,2744,41.603889,-70.904444,Copper,TRI,Pounds,NO,NO,NO,YES,0
02742TLDYN1357E,ULBRICH PRECISION ALLOYS LLC,NEW BEDFORD,BRISTOL,MA,2744,41.603889,-70.904444,Cobalt,TRI,Pounds,YES,YES,NO,YES,0
02760BRSND192PL,BORO SAND & STONE CORP,NORTH ATTLEBORO,BRISTOL,MA,2760,42.007827,-71.290263,Lead,PBT,Pounds,NO,YES,NO,YES,0.14
02760LCHGR255JO,METALOR TECHNOLOGIES USA CORP REFINING DIV,NORTH ATTLEBORO,BRISTOL,MA,2763,41.98305,-71.30004,Zinc compounds,TRI,Pounds,NO,NO,NO,YES,0
02760LCHGR255JO,METALOR TECHNOLOGIES USA CORP REFINING DIV,NORTH ATTLEBORO,BRISTOL,MA,2763,41.98305,-71.30004,Formic acid,TRI,Pounds,NO,NO,NO,NO,
01420THDRB119AU,SYNTHOMER INC.,FITCHBURG,WORCESTER,MA,1420,42.552092,-71.849629,Butyl acrylate,TRI,Pounds,NO,NO,NO,NO,38
01420THDRB119AU,SYNTHOMER INC.,FITCHBURG,WORCESTER,MA,1420,42.552092,-71.849629,Acrylonitrile,TRI,Pounds,YES,YES,NO,NO,4
01420THDRB119AU,SYNTHOMER INC.,FITCHBURG,WORCESTER,MA,1420,42.552092,-71.849629,Methyl methacrylate,TRI,Pounds,YES,NO,NO,NO,25
01420THDRB119AU,SYNTHOMER INC.,FITCHBURG,WORCESTER,MA,1420,42.552092,-71.849629,Styrene,TRI,Pounds,YES,YES,NO,NO,29
01434SRMYG4217A,U S ARMY GARRISON FORT DEVENS RANGES,DEVENS,WORCESTER,MA,1434,42.54587,-71.60765,Lead,PBT,Pounds,NO,YES,NO,YES,0
01436SMNPPMAINS,SEAMAN PAPER CO. OF MASSACHUSETTS INC.,OTTER RIVER,WORCESTER,MA,1436,42.59513,-72.052772,"Benzo[g,h,i]perylene",PBT,Pounds,YES,NO,NO,NO,0.06
01436SMNPPMAINS,SEAMAN PAPER CO. OF MASSACHUSETTS INC.,OTTER RIVER,WORCESTER,MA,1436,42.59513,-72.052772,Polycyclic aromatic compounds,PBT,Pounds,YES,YES,NO,NO,0.665
0143WMRCNS114EM,AMERICAN SUPERCONDUCTOR,AYER,MIDDLESEX,MA,1432,42.554436,-71.575321,Lead compounds,PBT,Pounds,YES,NO,NO,YES,0.6
02720TCNCF583BE,TACO INC. - FALL RIVER,FALL RIVER,BRISTOL,MA,2720,41.69994,-71.14464,Manganese,TRI,Pounds,YES,NO,NO,YES,10
02745TTLST181SA,ACUSHNET CO,NEW BEDFORD,BRISTOL,MA,2745,41.72005,-70.96782,Copper,TRI,Pounds,NO,NO,NO,YES,0
01453NVCRC31FUL,TEKNOR APEX ELASTOMERS INC.,LEOMINSTER,WORCESTER,MA,1453,42.51536,-71.75069,Zinc compounds,TRI,Pounds,NO,NO,NO,YES,64.8
01453SPCTR50FRA,CHROMA COLOR CORP,LEOMINSTER,WORCESTER,MA,1453,42.501819,-71.738031,Chromium compounds (except for chromite ore mined in the Transvaal Region),TRI,Pounds,YES,NO,NO,YES,1
01453SPCTR50FRA,CHROMA COLOR CORP,LEOMINSTER,WORCESTER,MA,1453,42.501819,-71.738031,Zinc compounds,TRI,Pounds,NO,NO,NO,YES,2
02780PMSTR355CO,AIRBORN ELECTRONICS INC,TAUNTON,BRISTOL,MA,2780,41.94494,-71.12947,Lead,PBT,Pounds,NO,YES,NO,YES,0.61
01606KMTKX40ROC,KOMTEK FORGE LLC,WORCESTER,WORCESTER,MA,1606,42.313298,-71.797547,Nickel,TRI,Pounds,YES,YES,NO,YES,7.7
01606KMTKX40ROC,KOMTEK FORGE LLC,WORCESTER,WORCESTER,MA,1606,42.313298,-71.797547,Chromium,TRI,Pounds,YES,NO,NO,YES,11.9
0160WTRCBX15CPP,TRICAB,WORCESTER,WORCESTER,MA,1603,42.26114,-71.8695,Copper,TRI,Pounds,NO,NO,NO,YES,0
01613WYMNG105MA,WYMAN-GORDON CO,WORCESTER,WORCESTER,MA,1608,42.256602,-71.802285,Nickel,TRI,Pounds,YES,YES,NO,YES,1
01613WYMNG105MA,WYMAN-GORDON CO,WORCESTER,WORCESTER,MA,1608,42.256602,-71.802285,Cobalt,TRI,Pounds,YES,YES,NO,YES,0
01613WYMNG105MA,WYMAN-GORDON CO,WORCESTER,WORCESTER,MA,1608,42.256602,-71.802285,Chromium,TRI,Pounds,YES,NO,NO,YES,0
01721FNWLX400MA,KIDDE-FENWAL INC,ASHLAND,MIDDLESEX,MA,1721,42.255641,-71.458205,Copper,TRI,Pounds,NO,NO,NO,YES,0
0174WCNTRY79LWL,CENTURY-TYWOOD J3 CORP,HOLLISTON,MIDDLESEX,MA,1746,42.21015,-71.4134,Copper,TRI,Pounds,NO,NO,NO,YES,
01757PHTFB500FO,PHOTOFABRICATION ENGINEERING I NC,MILFORD,WORCESTER,MA,1757,42.153638,-71.489853,Nitric acid,TRI,Pounds,NO,NO,NO,NO,1129
01757PHTFB500FO,PHOTOFABRICATION ENGINEERING I NC,MILFORD,WORCESTER,MA,1757,42.153638,-71.489853,Hydrogen fluoride,TRI,Pounds,YES,NO,NO,NO,1123
01757WTRSC34MAP,WATERS CORP,MILFORD,WORCESTER,MA,1757,42.1328,-71.4827,Chromium,TRI,Pounds,YES,NO,NO,YES,0
0176WSGNTC1GENE,USAG NATICK SSC,NATICK,MIDDLESEX,MA,1760,42.289401,-71.361954,Diisocyanates,TRI,Pounds,NO,NO,NO,NO,0
0176WSGNTC1GENE,USAG NATICK SSC,NATICK,MIDDLESEX,MA,1760,42.289401,-71.361954,Nonylphenol Ethoxylates,TRI,Pounds,NO,NO,NO,NO,0
0180WTCMTW17NEW,TECOMET,WOBURN,MIDDLESEX,MA,1801,42.512655,-71.143805,Hydrogen fluoride,TRI,Pounds,YES,NO,NO,NO,1.2
01824GGRGT16OAK,HOLCIM - NER INC.,CHELMSFORD,MIDDLESEX,MA,1824,42.58491,-71.38711,"Benzo[g,h,i]perylene",PBT,Pounds,YES,NO,NO,NO,0
02760LCHGR255JO,METALOR TECHNOLOGIES USA CORP REFINING DIV,NORTH ATTLEBORO,BRISTOL,MA,2763,41.98305,-71.30004,Silver compounds,TRI,Pounds,NO,NO,NO,YES,0
02760LCHGR255JO,METALOR TECHNOLOGIES USA CORP REFINING DIV,NORTH ATTLEBORO,BRISTOL,MA,2763,41.98305,-71.30004,Cyanide compounds,TRI,Pounds,YES,NO,NO,NO,16
02760LCHGR255JO,METALOR TECHNOLOGIES USA CORP REFINING DIV,NORTH ATTLEBORO,BRISTOL,MA,2763,41.98305,-71.30004,Copper compounds,TRI,Pounds,NO,NO,NO,YES,0
02760LCHGR255JO,METALOR TECHNOLOGIES USA CORP REFINING DIV,NORTH ATTLEBORO,BRISTOL,MA,2763,41.98305,-71.30004,Nitric acid,TRI,Pounds,NO,NO,NO,NO,4.2311
02760LCHGR255JO,METALOR TECHNOLOGIES USA CORP REFINING DIV,NORTH ATTLEBORO,BRISTOL,MA,2763,41.98305,-71.30004,Nitrate compounds (water dissociable; reportable only when in aqueous solution),TRI,Pounds,NO,NO,NO,NO,0
02760LCHGR255JO,METALOR TECHNOLOGIES USA CORP REFINING DIV,NORTH ATTLEBORO,BRISTOL,MA,2763,41.98305,-71.30004,Lead compounds,PBT,Pounds,YES,NO,NO,YES,0
02760LCHGR255JO,METALOR TECHNOLOGIES USA CORP REFINING DIV,NORTH ATTLEBORO,BRISTOL,MA,2763,41.98305,-71.30004,Chlorine,TRI,Pounds,YES,NO,NO,NO,279.57
02761CKHRT262BR,POLYMETALLURGICAL LLC,NORTH ATTLEBORO,BRISTOL,MA,2760,41.99295,-71.33194,Ammonia,TRI,Pounds,NO,NO,NO,NO,
02761CKHRT262BR,POLYMETALLURGICAL LLC,NORTH ATTLEBORO,BRISTOL,MA,2760,41.99295,-71.33194,Copper,TRI,Pounds,NO,NO,NO,YES,0
01473DVNCC42DEP,ADVANCE COATINGS CO,WESTMINSTER,WORCESTER,MA,1473,42.552405,-71.869697,Styrene,TRI,Pounds,YES,YES,NO,NO,7719
01473DVNCC42DEP,ADVANCE COATINGS CO,WESTMINSTER,WORCESTER,MA,1473,42.552405,-71.869697,Maleic anhydride,TRI,Pounds,YES,NO,NO,NO,3226
01473DVNCC42DEP,ADVANCE COATINGS CO,WESTMINSTER,WORCESTER,MA,1473,42.552405,-71.869697,Phthalic anhydride,TRI,Pounds,YES,NO,NO,NO,299
01473DVNCC42DEP,ADVANCE COATINGS CO,WESTMINSTER,WORCESTER,MA,1473,42.552405,-71.869697,Dicyclopentadiene,TRI,Pounds,NO,NO,NO,NO,3220
01473DVNCC42DEP,ADVANCE COATINGS CO,WESTMINSTER,WORCESTER,MA,1473,42.552405,-71.869697,Methyl methacrylate,TRI,Pounds,YES,NO,NO,NO,680
01535QBGCR17SCH,VIBRAM CORP,NORTH BROOKFIELD,WORCESTER,MA,1535,42.26861,-72.08391,Zinc compounds,TRI,Pounds,NO,NO,NO,YES,0
01535QBGCR17SCH,VIBRAM CORP,NORTH BROOKFIELD,WORCESTER,MA,1535,42.26861,-72.08391,Diisocyanates,TRI,Pounds,NO,NO,NO,NO,2
0155WCLNPR1CABT,CLEANPART EAST,SOUTHBRIDGE,WORCESTER,MA,1550,42.07341,-72.02096,Nitric acid,TRI,Pounds,NO,NO,NO,NO,3
01562FLXCNSOUTH,FLEXCON CO INC.,SPENCER,WORCESTER,MA,1562,42.23265,-72.01162,Xylene (mixed isomers),TRI,Pounds,YES,NO,NO,NO,546
01562FLXCNSOUTH,FLEXCON CO INC.,SPENCER,WORCESTER,MA,1562,42.23265,-72.01162,Toluene,TRI,Pounds,YES,NO,NO,NO,9703
01562FLXCNSOUTH,FLEXCON CO INC.,SPENCER,WORCESTER,MA,1562,42.23265,-72.01162,n-Hexane,TRI,Pounds,YES,NO,NO,NO,249
01562FLXCNSOUTH,FLEXCON CO INC.,SPENCER,WORCESTER,MA,1562,42.23265,-72.01162,Vinyl acetate,TRI,Pounds,YES,YES,NO,NO,747
01564PNDLF194WR,CENTURY AGGREGATES - PERKINS,STERLING,WORCESTER,MA,1564,42.429004,-71.767243,Polycyclic aromatic compounds,PBT,Pounds,YES,YES,NO,NO,0.29
01564PNDLF194WR,CENTURY AGGREGATES - PERKINS,STERLING,WORCESTER,MA,1564,42.429004,-71.767243,"Benzo[g,h,i]perylene",PBT,Pounds,YES,NO,NO,NO,0
0158WSCNDL133FL,ASCEND ELEMENTS,WESTBOROUGH,WORCESTER,MA,1581,42.27578,-71.57239,Nickel compounds,TRI,Pounds,YES,YES,NO,YES,0
01752SFTYK50ABR,SAFETY-KLEEN SYSTEMS MARLBOROUGH (MRB),MARLBOROUGH,MIDDLESEX,MA,1752,42.329235,-71.54188,Polycyclic aromatic compounds,PBT,Pounds,YES,YES,NO,NO,0
01752SFTYK50ABR,SAFETY-KLEEN SYSTEMS MARLBOROUGH (MRB),MARLBOROUGH,MIDDLESEX,MA,1752,42.329235,-71.54188,Ethylene glycol,TRI,Pounds,YES,NO,NO,NO,3
01752SFTYK50ABR,SAFETY-KLEEN SYSTEMS MARLBOROUGH (MRB),MARLBOROUGH,MIDDLESEX,MA,1752,42.329235,-71.54188,"Benzo[g,h,i]perylene",PBT,Pounds,YES,NO,NO,NO,0
01757BNJMN49SUM,BENJAMIN MOORE & CO-MILFORD,MILFORD,WORCESTER,MA,1757,42.14703,-71.51707,Vinyl acetate,TRI,Pounds,YES,YES,NO,NO,16.8
01757BNJMN49SUM,BENJAMIN MOORE & CO-MILFORD,MILFORD,WORCESTER,MA,1757,42.14703,-71.51707,Zinc compounds,TRI,Pounds,NO,NO,NO,YES,94
01824GGRGT16OAK,HOLCIM - NER INC.,CHELMSFORD,MIDDLESEX,MA,1824,42.58491,-71.38711,Polycyclic aromatic compounds,PBT,Pounds,YES,YES,NO,NO,6.2
01824MLCTR279BI,3M CO CHELMSFORD,CHELMSFORD,MIDDLESEX,MA,1824,42.59504,-71.32118,Zinc compounds,TRI,Pounds,NO,NO,NO,YES,0
01824MLCTR279BI,3M CO CHELMSFORD,CHELMSFORD,MIDDLESEX,MA,1824,42.59504,-71.32118,Lead compounds,PBT,Pounds,YES,NO,NO,YES,0
01824MLCTR279BI,3M CO CHELMSFORD,CHELMSFORD,MIDDLESEX,MA,1824,42.59504,-71.32118,Antimony compounds,TRI,Pounds,YES,NO,NO,YES,0
0183WCDRSM5FUND,CEDARS MEDITERRANEAN FOODS,HAVERHILL,ESSEX,MA,1835,42.76448,-71.11924,Peracetic acid,TRI,Pounds,NO,NO,NO,NO,8
01841TTSMC6LAKE,MICROSEMI LAWRENCE,LAWRENCE,ESSEX,MA,1841,42.71381,-71.17573,Lead,PBT,Pounds,NO,YES,NO,YES,0
01851MCMNC100CH,MACOM TECHNOLOGY SOLUTIONS INC,LOWELL,MIDDLESEX,MA,1851,42.63545,-71.31736,N-Methyl-2-pyrrolidone,TRI,Pounds,NO,NO,NO,NO,207.4
01862CMBRDFAULK,PACE INDUSTRIES - CAMBRIDGE DIV,NORTH BILLERICA,MIDDLESEX,MA,1862,42.592379,-71.283494,Lead,PBT,Pounds,NO,YES,NO,YES,0.17
0186WFLRSR25ESQ,TELEDYNE FLIR DEFENSE INC,NORTH BILLERICA,MIDDLESEX,MA,1862,42.56258,-71.30273,Lead,PBT,Pounds,NO,YES,NO,YES,0.062
01887SRFCC100EA,ALLCOAT TECHNOLOGY INC,WILMINGTON,MIDDLESEX,MA,1887,42.531376,-71.153682,Toluene diisocyanate (mixed isomers),TRI,Pounds,NO,YES,NO,NO,2
01887SRFCC100EA,ALLCOAT TECHNOLOGY INC,WILMINGTON,MIDDLESEX,MA,1887,42.531376,-71.153682,Xylene (mixed isomers),TRI,Pounds,YES,NO,NO,NO,51
01887SRFCC100EA,ALLCOAT TECHNOLOGY INC,WILMINGTON,MIDDLESEX,MA,1887,42.531376,-71.153682,Diisocyanates,TRI,Pounds,NO,NO,NO,NO,2
01887SRFCC100EA,ALLCOAT TECHNOLOGY INC,WILMINGTON,MIDDLESEX,MA,1887,42.531376,-71.153682,N-Methyl-2-pyrrolidone,TRI,Pounds,NO,NO,NO,NO,0
01887SRFCC100EA,ALLCOAT TECHNOLOGY INC,WILMINGTON,MIDDLESEX,MA,1887,42.531376,-71.153682,"N,N-Dimethylformamide",TRI,Pounds,YES,YES,NO,NO,130
01887SRFCC100EA,ALLCOAT TECHNOLOGY INC,WILMINGTON,MIDDLESEX,MA,1887,42.531376,-71.153682,Toluene,TRI,Pounds,YES,NO,NO,NO,2785
01473DVNCC42DEP,ADVANCE COATINGS CO,WESTMINSTER,WORCESTER,MA,1473,42.552405,-71.869697,Ethylene glycol,TRI,Pounds,YES,NO,NO,NO,370
01501THRMLSWORD,KADANT SOLUTIONS DIV,AUBURN,WORCESTER,MA,1501,42.22235,-71.82886,Copper,TRI,Pounds,NO,NO,NO,YES,0
01501THRMLSWORD,KADANT SOLUTIONS DIV,AUBURN,WORCESTER,MA,1501,42.22235,-71.82886,Chromium,TRI,Pounds,YES,NO,NO,YES,0
01507NCMNCRT169,INCOM INC.,CHARLTON,WORCESTER,MA,1507,42.1091,-72.01402,Lead compounds,PBT,Pounds,YES,NO,NO,YES,0
02766CPSTC111SW,CPS TECHNOLOGIES CORP,NORTON,BRISTOL,MA,2766,41.947205,-71.214348,Cyclohexane,TRI,Pounds,NO,NO,NO,NO,12720.64
0276WLNYLM2CMME,ALNYLAM PHARMACEUTICALS,NORTON,BRISTOL,MA,2766,41.95874,-71.13672,Toluene,TRI,Pounds,YES,NO,NO,NO,196.62
0276WLNYLM2CMME,ALNYLAM PHARMACEUTICALS,NORTON,BRISTOL,MA,2766,41.95874,-71.13672,Acetonitrile,TRI,Pounds,YES,NO,NO,NO,1914.44
02780WTRSC177RO,WATERS TECHNOLOGY CORP,TAUNTON,BRISTOL,MA,2780,41.95257,-71.13507,Methanol,TRI,Pounds,YES,NO,NO,NO,730
02780WTRSC177RO,WATERS TECHNOLOGY CORP,TAUNTON,BRISTOL,MA,2780,41.95257,-71.13507,Toluene,TRI,Pounds,YES,NO,NO,NO,871
0278WPRYSM761JS,PRYSMIAN GROUP SPECIALTY CABLES LLC,TAUNTON,BRISTOL,MA,2780,41.87149,-71.123863,Zinc compounds,TRI,Pounds,NO,NO,NO,YES,0.038
0278WPRYSM761JS,PRYSMIAN GROUP SPECIALTY CABLES LLC,TAUNTON,BRISTOL,MA,2780,41.87149,-71.123863,Lead compounds,PBT,Pounds,YES,NO,NO,YES,0.032
0278WPRYSM761JS,PRYSMIAN GROUP SPECIALTY CABLES LLC,TAUNTON,BRISTOL,MA,2780,41.87149,-71.123863,Copper,TRI,Pounds,NO,NO,NO,YES,0
0278WPRYSM761JS,PRYSMIAN GROUP SPECIALTY CABLES LLC,TAUNTON,BRISTOL,MA,2780,41.87149,-71.123863,Antimony compounds,TRI,Pounds,YES,NO,NO,YES,0.031
01564FBRPT2SPRA,INNOFIBER LLC,STERLING,WORCESTER,MA,1564,42.466173,-71.739299,Lead compounds,PBT,Pounds,YES,NO,NO,YES,0
01701GNZYM76NEW,SANOFI GENZYME FRAMINGHAM MANUFACTURING,FRAMINGHAM,MIDDLESEX,MA,1701,42.298976,-71.486493,Ethylene glycol,TRI,Pounds,YES,NO,NO,NO,0
01757BNJMN49SUM,BENJAMIN MOORE & CO-MILFORD,MILFORD,WORCESTER,MA,1757,42.14703,-71.51707,3-Iodo-2-propynyl butylcarbamate,TRI,Pounds,NO,NO,NO,NO,13.24
01757CRMCS155FO,NITTO DENKO AVECIA INC.,MILFORD,WORCESTER,MA,1757,42.15988,-71.50185,Acetonitrile,TRI,Pounds,YES,NO,NO,NO,565
01757CRMCS155FO,NITTO DENKO AVECIA INC.,MILFORD,WORCESTER,MA,1757,42.15988,-71.50185,Toluene,TRI,Pounds,YES,NO,NO,NO,126
01757CRMCS155FO,NITTO DENKO AVECIA INC.,MILFORD,WORCESTER,MA,1757,42.15988,-71.50185,Pyridine,TRI,Pounds,NO,YES,NO,NO,21
0177WPRNCP49BST,PURE ENCAPSULATIONS LLC,SUDBURY,MIDDLESEX,MA,1776,42.35997,-71.42676,Zinc compounds,TRI,Pounds,NO,NO,NO,YES,0
01801LYTRNDRAGO,BOYD CORP INC.,WOBURN,MIDDLESEX,MA,1801,42.51225,-71.128533,Trichloroethylene,TRI,Pounds,YES,YES,NO,NO,6751
01801LYTRNDRAGO,BOYD CORP INC.,WOBURN,MIDDLESEX,MA,1801,42.51225,-71.128533,Copper,TRI,Pounds,NO,NO,NO,YES,0
01810RYTHN350LO,RAYTHEON CO,ANDOVER,ESSEX,MA,1810,42.64385,-71.19017,N-Methyl-2-pyrrolidone,TRI,Pounds,NO,NO,NO,NO,8283.38
01810RYTHN350LO,RAYTHEON CO,ANDOVER,ESSEX,MA,1810,42.64385,-71.19017,Lead,PBT,Pounds,NO,YES,NO,YES,0.2
01810VCRCR400FE,VICOR CORP,ANDOVER,ESSEX,MA,1810,42.68356,-71.19954,Copper,TRI,Pounds,NO,NO,NO,YES,10
0183WCDRSM148WA,CEDARS MEDITERRANEAN FOODS,HAVERHILL,ESSEX,MA,1835,42.761851,-71.117007,Peracetic acid,TRI,Pounds,NO,NO,NO,NO,0
01851TXTRN1449M,SPECIALTY MATERIALS INC.,LOWELL,MIDDLESEX,MA,1851,42.63782,-71.34468,Mercury,PBT,Pounds,YES,NO,NO,YES,0
01851TXTRN1449M,SPECIALTY MATERIALS INC.,LOWELL,MIDDLESEX,MA,1851,42.63782,-71.34468,"Hydrochloric acid (acid aerosols including mists, vapors, gas, fog, and other airborne forms of any particle size)",TRI,Pounds,YES,NO,NO,NO,639
01851TXTRN1449M,SPECIALTY MATERIALS INC.,LOWELL,MIDDLESEX,MA,1851,42.63782,-71.34468,Boron trichloride,TRI,Pounds,NO,NO,NO,YES,0
01851TXTRN2INDU,AVCARB MATERIAL SOLUTIONS,LOWELL,MIDDLESEX,MA,1851,42.616163,-71.322838,Hydrogen cyanide,TRI,Pounds,YES,NO,NO,NO,72.6
01952NDVRH9FANA,ANDOVER HEALTHCARE INC.,SALISBURY,ESSEX,MA,1952,42.85713,-70.88817,Zinc compounds,TRI,Pounds,NO,NO,NO,YES,0
0195WBRKSH116PA,BERKSHIRE MANUFACTURED PRODUCTS INC,NEWBURYPORT,ESSEX,MA,1950,42.797064,-70.887624,Nickel,TRI,Pounds,YES,YES,NO,YES,1
0195WBRKSH116PA,BERKSHIRE MANUFACTURED PRODUCTS INC,NEWBURYPORT,ESSEX,MA,1950,42.797064,-70.887624,Chromium,TRI,Pounds,YES,NO,NO,YES,1
0196WTCHNC15CEN,TECHNICAL MANUFACTURING CORP,PEABODY,ESSEX,MA,1960,42.522366,-70.95404,Nickel compounds,TRI,Pounds,YES,YES,NO,YES,10
0196WTCHNC15CEN,TECHNICAL MANUFACTURING CORP,PEABODY,ESSEX,MA,1960,42.522366,-70.95404,Chromium compounds (except for chromite ore mined in the Transvaal Region),TRI,Pounds,YES,NO,NO,YES,0
02021NTRPL330PI,DYNASOL INC,CANTON,NORFOLK,MA,2021,42.14118,-71.13137,Certain glycol ethers,TRI,Pounds,YES,NO,NO,NO,2.19
02021NTRPL330PI,DYNASOL INC,CANTON,NORFOLK,MA,2021,42.14118,-71.13137,Nonylphenol Ethoxylates,TRI,Pounds,NO,NO,NO,NO,133.25
02038GRLCK1199W,DFA DAIRY BRANDS FLUID LLC GARELICK FARMS-FRANKLIN,FRANKLIN,NORFOLK,MA,2038,42.087386,-71.445916,Nitrate compounds (water dissociable; reportable only when in aqueous solution),TRI,Pounds,NO,NO,NO,NO,0
02038GRLCK1199W,DFA DAIRY BRANDS FLUID LLC GARELICK FARMS-FRANKLIN,FRANKLIN,NORFOLK,MA,2038,42.087386,-71.445916,Nitric acid,TRI,Pounds,NO,NO,NO,NO,5.04
0203WCLDCH135CN,COLD CHAIN TECHNOLOGIES LLC,FRANKLIN,NORFOLK,MA,2038,42.05554,-71.3966,Diisocyanates,TRI,Pounds,NO,NO,NO,NO,
0203WLPHGR2DISC,ALPHA GRAINGER MANUFACTURING INC,FRANKLIN,NORFOLK,MA,2038,42.056,-71.39673,Lead,PBT,Pounds,NO,YES,NO,YES,0
0203WLPHGR2DISC,ALPHA GRAINGER MANUFACTURING INC,FRANKLIN,NORFOLK,MA,2038,42.056,-71.39673,Copper,TRI,Pounds,NO,NO,NO,YES,0
0204WNXTGN11NRF,NEXT-GEN SUPPLY GROUP INC,MANSFIELD,BRISTOL,MA,2048,42.01536,-71.23443,Certain glycol ethers,TRI,Pounds,YES,NO,NO,NO,
02056CMGRC364MA,CAMGER COATINGS SYSTEMS INC,NORFOLK,NORFOLK,MA,2056,42.10951,-71.36209,Methanol,TRI,Pounds,YES,NO,NO,NO,507
02056CMGRC364MA,CAMGER COATINGS SYSTEMS INC,NORFOLK,NORFOLK,MA,2056,42.10951,-71.36209,Xylene (mixed isomers),TRI,Pounds,YES,NO,NO,NO,416
02056CMGRC364MA,CAMGER COATINGS SYSTEMS INC,NORFOLK,NORFOLK,MA,2056,42.10951,-71.36209,Certain glycol ethers,TRI,Pounds,YES,NO,NO,NO,
01730MLLPR32WIG,ANIKA THERAPEUTICS,BEDFORD,MIDDLESEX,MA,1730,42.480057,-71.266456,Methanol,TRI,Pounds,YES,NO,NO,NO,13
01752KNSFD1DANG,KEN'S FOODS LLC,MARLBOROUGH,WORCESTER,MA,1752,42.31654,-71.58102,Nitric acid,TRI,Pounds,NO,NO,NO,NO,0
01801LPHND20SYL,SKYWORKS SOLUTIONS INC,WOBURN,MIDDLESEX,MA,1801,42.49891,-71.16311,N-Methyl-2-pyrrolidone,TRI,Pounds,NO,NO,NO,NO,744.34
01821MRCNS829MI,AMERICAN SCIENCE & ENGINEERING,BILLERICA,MIDDLESEX,MA,1821,42.52709,-71.25597,Lead,PBT,Pounds,NO,YES,NO,YES,0
0183WJHNSN3BNDS,THERMO FISHER SCIENTIFIC CHEMICALS INC,WARD HILL,ESSEX,MA,1835,42.75901,-71.12006,Ethylbenzene,TRI,Pounds,YES,YES,NO,NO,4.61
0183WJHNSN3BNDS,THERMO FISHER SCIENTIFIC CHEMICALS INC,WARD HILL,ESSEX,MA,1835,42.75901,-71.12006,Mercury compounds,PBT,Pounds,YES,NO,NO,YES,0
0183WJHNSN3BNDS,THERMO FISHER SCIENTIFIC CHEMICALS INC,WARD HILL,ESSEX,MA,1835,42.75901,-71.12006,Lead compounds,PBT,Pounds,YES,NO,NO,YES,0
01843MKSNS17BAL,MKS INSTRUMENTS,LAWRENCE,ESSEX,MA,1843,42.68298,-71.18591,Nickel,TRI,Pounds,YES,YES,NO,YES,0
01843MKSNS17BAL,MKS INSTRUMENTS,LAWRENCE,ESSEX,MA,1843,42.68298,-71.18591,Chromium,TRI,Pounds,YES,NO,NO,YES,0
0184WLFMND351HB,LIFOAM INDUSTRIES LLC,NORTH ANDOVER,ESSEX,MA,1845,42.72663,-71.1246,Diisocyanates,TRI,Pounds,NO,NO,NO,NO,0
0184WTRRMN33LDF,TORROMEO INDUSTRIES INC.,METHUEN,ESSEX,MA,1844,42.75032,-71.138394,Lead compounds,PBT,Pounds,YES,NO,NO,YES,1.08
0187WLDSSC1RADC,LEIDOS SECURITY DETECTION & AUTOMATION INC.,TEWKSBURY,MIDDLESEX,MA,1876,42.6383,-71.23803,Lead,PBT,Pounds,NO,YES,NO,YES,0
01880WKFLD1NEWS,JG MACLELLAN CONCRETE CO INC,WAKEFIELD,MIDDLESEX,MA,1880,42.50478,-71.065233,Nitrate compounds (water dissociable; reportable only when in aqueous solution),TRI,Pounds,NO,NO,NO,NO,
01880WKFLD1NEWS,JG MACLELLAN CONCRETE CO INC,WAKEFIELD,MIDDLESEX,MA,1880,42.50478,-71.065233,Lead compounds,PBT,Pounds,YES,NO,NO,YES,0.4
01887CRSNS730MA,COVESTRO LLC,WILMINGTON,MIDDLESEX,MA,1887,42.53425,-71.166167,"Toluene-2,6-diisocyanate",TRI,Pounds,NO,YES,NO,NO,
01852BRDFR75ROG,BRADFORD INDUSTRIES,LOWELL,MIDDLESEX,MA,1852,42.63613,-71.30053,"N,N-Dimethylformamide",TRI,Pounds,YES,YES,NO,NO,286
01852BRDFR75ROG,BRADFORD INDUSTRIES,LOWELL,MIDDLESEX,MA,1852,42.63613,-71.30053,Toluene,TRI,Pounds,YES,NO,NO,NO,410
01876SHLND400MA,UNIVAR SOLUTIONS USA - TEWKSBURY MA,TEWKSBURY,MIDDLESEX,MA,1876,42.62062,-71.25947,Xylene (mixed isomers),TRI,Pounds,YES,NO,NO,NO,137
01876SHLND400MA,UNIVAR SOLUTIONS USA - TEWKSBURY MA,TEWKSBURY,MIDDLESEX,MA,1876,42.62062,-71.25947,Toluene,TRI,Pounds,YES,NO,NO,NO,866
01876SHLND400MA,UNIVAR SOLUTIONS USA - TEWKSBURY MA,TEWKSBURY,MIDDLESEX,MA,1876,42.62062,-71.25947,"N,N-Dimethylformamide",TRI,Pounds,YES,YES,NO,NO,
01876SHLND400MA,UNIVAR SOLUTIONS USA - TEWKSBURY MA,TEWKSBURY,MIDDLESEX,MA,1876,42.62062,-71.25947,N-Methyl-2-pyrrolidone,TRI,Pounds,NO,NO,NO,NO,
01876SHLND400MA,UNIVAR SOLUTIONS USA - TEWKSBURY MA,TEWKSBURY,MIDDLESEX,MA,1876,42.62062,-71.25947,Methanol,TRI,Pounds,YES,NO,NO,NO,688
01876SHLND400MA,UNIVAR SOLUTIONS USA - TEWKSBURY MA,TEWKSBURY,MIDDLESEX,MA,1876,42.62062,-71.25947,Certain glycol ethers,TRI,Pounds,YES,NO,NO,NO,298
01887KCHMM850MA,KOVALUS SEPARATION SOLUTIONS INC.,WILMINGTON,MIDDLESEX,MA,1887,42.52934,-71.157494,"N,N-Dimethylformamide",TRI,Pounds,YES,YES,NO,NO,32
01887KCHMM850MA,KOVALUS SEPARATION SOLUTIONS INC.,WILMINGTON,MIDDLESEX,MA,1887,42.52934,-71.157494,N-Methyl-2-pyrrolidone,TRI,Pounds,NO,NO,NO,NO,733
01887KCHMM850MA,KOVALUS SEPARATION SOLUTIONS INC.,WILMINGTON,MIDDLESEX,MA,1887,42.52934,-71.157494,Diisocyanates,TRI,Pounds,NO,NO,NO,NO,0
01887NLGDV804WO,ANALOG DEVICES INC/WILMINGTON MANUFACTURING,WILMINGTON,MIDDLESEX,MA,1887,42.5307,-71.14958,"Sulfuric acid (acid aerosols including mists, vapors, gas, fog, and other airborne forms of any particle size)",TRI,Pounds,NO,NO,NO,NO,119
01887NLGDV804WO,ANALOG DEVICES INC/WILMINGTON MANUFACTURING,WILMINGTON,MIDDLESEX,MA,1887,42.5307,-71.14958,Nitric acid,TRI,Pounds,NO,NO,NO,NO,6
01887NLGDV804WO,ANALOG DEVICES INC/WILMINGTON MANUFACTURING,WILMINGTON,MIDDLESEX,MA,1887,42.5307,-71.14958,"Hydrochloric acid (acid aerosols including mists, vapors, gas, fog, and other airborne forms of any particle size)",TRI,Pounds,YES,NO,NO,NO,98
01887NLGDV804WO,ANALOG DEVICES INC/WILMINGTON MANUFACTURING,WILMINGTON,MIDDLESEX,MA,1887,42.5307,-71.14958,Hydrogen fluoride,TRI,Pounds,YES,NO,NO,NO,465
02056CMGRC364MA,CAMGER COATINGS SYSTEMS INC,NORFOLK,NORFOLK,MA,2056,42.10951,-71.36209,Toluene,TRI,Pounds,YES,NO,NO,NO,827
02056CMGRC364MA,CAMGER COATINGS SYSTEMS INC,NORFOLK,NORFOLK,MA,2056,42.10951,-71.36209,N-Methyl-2-pyrrolidone,TRI,Pounds,NO,NO,NO,NO,
02066SCTTC1BUCK,SCITUATE CONCRETE PIPE,SCITUATE,PLYMOUTH,MA,2066,42.179436,-70.743928,Lead,PBT,Pounds,NO,YES,NO,YES,2
02081BRDJH110NO,ROLLS-ROYCE N.A. INC.,WALPOLE,NORFOLK,MA,2081,42.136293,-71.266942,Copper,TRI,Pounds,NO,NO,NO,YES,0
02081BRDJH110NO,ROLLS-ROYCE N.A. INC.,WALPOLE,NORFOLK,MA,2081,42.136293,-71.266942,Nickel,TRI,Pounds,YES,YES,NO,YES,0
02081BRDJH110NO,ROLLS-ROYCE N.A. INC.,WALPOLE,NORFOLK,MA,2081,42.136293,-71.266942,Lead,PBT,Pounds,NO,YES,NO,YES,0.2
02093TLNTC10CUS,ATLANTIC SINTERED INC,WRENTHAM,NORFOLK,MA,2093,42.084871,-71.303667,Nickel,TRI,Pounds,YES,YES,NO,YES,13
02093TLNTC10CUS,ATLANTIC SINTERED INC,WRENTHAM,NORFOLK,MA,2093,42.084871,-71.303667,Copper,TRI,Pounds,NO,NO,NO,YES,16
01007NVRSL149BA,UFP BELCHERTOWN LLC,BELCHERTOWN,HAMPSHIRE,MA,1007,42.30148,-72.42414,Sodium nitrite,TRI,Pounds,NO,NO,NO,YES,
01007NVRSL149BA,UFP BELCHERTOWN LLC,BELCHERTOWN,HAMPSHIRE,MA,1007,42.30148,-72.42414,Copper compounds,TRI,Pounds,NO,NO,NO,YES,
01022SNDRB106LO,US TSUBAKI AUTOMOTIVE LLC,CHICOPEE,HAMPDEN,MA,1022,42.183285,-72.553736,Lead,PBT,Pounds,NO,YES,NO,YES,0
01022SNDRB106LO,US TSUBAKI AUTOMOTIVE LLC,CHICOPEE,HAMPDEN,MA,1022,42.183285,-72.553736,Propylene,TRI,Pounds,NO,NO,NO,NO,0
01022SNDRB106LO,US TSUBAKI AUTOMOTIVE LLC,CHICOPEE,HAMPDEN,MA,1022,42.183285,-72.553736,Chromium,TRI,Pounds,YES,NO,NO,YES,0
01022SNDRB106LO,US TSUBAKI AUTOMOTIVE LLC,CHICOPEE,HAMPDEN,MA,1022,42.183285,-72.553736,Copper,TRI,Pounds,NO,NO,NO,YES,0
01022SNDRB106LO,US TSUBAKI AUTOMOTIVE LLC,CHICOPEE,HAMPDEN,MA,1022,42.183285,-72.553736,Nitrate compounds (water dissociable; reportable only when in aqueous solution),TRI,Pounds,NO,NO,NO,NO,0
01887CRSNS730MA,COVESTRO LLC,WILMINGTON,MIDDLESEX,MA,1887,42.53425,-71.166167,Hydrazine,TRI,Pounds,YES,YES,NO,NO,
01887CRSNS730MA,COVESTRO LLC,WILMINGTON,MIDDLESEX,MA,1887,42.53425,-71.166167,Triethylamine,TRI,Pounds,YES,NO,NO,NO,538
01887CRSNS730MA,COVESTRO LLC,WILMINGTON,MIDDLESEX,MA,1887,42.53425,-71.166167,"Toluene-2,4-diisocyanate",TRI,Pounds,YES,YES,NO,NO,1.521
01887CRSNS730MA,COVESTRO LLC,WILMINGTON,MIDDLESEX,MA,1887,42.53425,-71.166167,Methyl methacrylate,TRI,Pounds,YES,NO,NO,NO,262
01887CRSNS730MA,COVESTRO LLC,WILMINGTON,MIDDLESEX,MA,1887,42.53425,-71.166167,Diisocyanates,TRI,Pounds,NO,NO,NO,NO,0.2057
01887CRSNS730MA,COVESTRO LLC,WILMINGTON,MIDDLESEX,MA,1887,42.53425,-71.166167,Butyl acrylate,TRI,Pounds,NO,NO,NO,NO,254.048
01887SCLLY7INDU,SCULLY SIGNAL,WILMINGTON,MIDDLESEX,MA,1887,42.531459,-71.138008,Zinc compounds,TRI,Pounds,NO,NO,NO,YES,3
0191WNWNGL87HAV,SHEA CONCRETE PRODUCTS,AMESBURY,ESSEX,MA,1913,42.8429,-70.95434,Lead,PBT,Pounds,NO,YES,NO,YES,0
0193WNCHRS54GRE,ANCHOR SEAL,GLOUCESTER,ESSEX,MA,1930,42.6264,-70.64463,Diisocyanates,TRI,Pounds,NO,NO,NO,NO,
01960GGRGT55RUS,HOLCIM - NER INC.,PEABODY,ESSEX,MA,1960,42.55717,-71.00964,"Benzo[g,h,i]perylene",PBT,Pounds,YES,NO,NO,NO,0
01960GGRGT55RUS,HOLCIM - NER INC.,PEABODY,ESSEX,MA,1960,42.55717,-71.00964,Polycyclic aromatic compounds,PBT,Pounds,YES,YES,NO,NO,3.2
01970GGNCX35CON,EXCELITAS TECHNOLOGIES CORP,SALEM,ESSEX,MA,1970,42.518225,-70.887602,Ammonia,TRI,Pounds,NO,NO,NO,NO,
0201WDPHNS82HAR,DAUPHINAIS CONCRETE INC.,BELLINGHAM,NORFOLK,MA,2019,42.110083,-71.487742,Nitrate compounds (water dissociable; reportable only when in aqueous solution),TRI,Pounds,NO,NO,NO,NO,15
0201WDPHNS82HAR,DAUPHINAIS CONCRETE INC.,BELLINGHAM,NORFOLK,MA,2019,42.110083,-71.487742,Lead,PBT,Pounds,NO,YES,NO,YES,0.3
02054TRSCB66MAI,TRESCA BROTHERS SAND & GRAVEL,MILLIS,NORFOLK,MA,2054,42.1782,-71.3245,Nitrate compounds (water dissociable; reportable only when in aqueous solution),TRI,Pounds,NO,NO,NO,NO,0
01888CHMRC8COMM,PARKER HANNIFIN CORP CHOMERICS DIV,WOBURN,MIDDLESEX,MA,1801,42.51322,-71.13204,Nickel compounds,TRI,Pounds,YES,YES,NO,YES,62
01888CHMRC8COMM,PARKER HANNIFIN CORP CHOMERICS DIV,WOBURN,MIDDLESEX,MA,1801,42.51322,-71.13204,Silver compounds,TRI,Pounds,NO,NO,NO,YES,97
01888CHMRC8COMM,PARKER HANNIFIN CORP CHOMERICS DIV,WOBURN,MIDDLESEX,MA,1801,42.51322,-71.13204,Copper,TRI,Pounds,NO,NO,NO,YES,227
01910GNRLL1000W,GE AEROSPACE,LYNN,ESSEX,MA,1905,42.452603,-70.973436,Nickel,TRI,Pounds,YES,YES,NO,YES,1.55
01910GNRLL1000W,GE AEROSPACE,LYNN,ESSEX,MA,1905,42.452603,-70.973436,Cobalt,TRI,Pounds,YES,YES,NO,YES,0.38
01910GNRLL1000W,GE AEROSPACE,LYNN,ESSEX,MA,1905,42.452603,-70.973436,Chromium,TRI,Pounds,YES,NO,NO,YES,1.4
01950FLMRK5MALC,ITW/FOILMARK INC,NEWBURYPORT,ESSEX,MA,1950,42.79696,-70.89103,Toluene,TRI,Pounds,YES,NO,NO,NO,420
01950FLMRK5MALC,ITW/FOILMARK INC,NEWBURYPORT,ESSEX,MA,1950,42.79696,-70.89103,Methanol,TRI,Pounds,YES,NO,NO,NO,87
01950NNSPC3MALC,UNION SPECIALTIES INC,NEWBURYPORT,ESSEX,MA,1950,42.7964,-70.89044,Certain glycol ethers,TRI,Pounds,YES,NO,NO,NO,53
01950NNSPC3MALC,UNION SPECIALTIES INC,NEWBURYPORT,ESSEX,MA,1950,42.7964,-70.89044,Diisocyanates,TRI,Pounds,NO,NO,NO,NO,5
01950NNSPC3MALC,UNION SPECIALTIES INC,NEWBURYPORT,ESSEX,MA,1950,42.7964,-70.89044,Triethylamine,TRI,Pounds,YES,NO,NO,NO,92
02043RSSLC99IND,RUSSELECTRIC A SIEMENS BUSINESS,HINGHAM,PLYMOUTH,MA,2043,42.17432,-70.91435,Copper,TRI,Pounds,NO,NO,NO,YES,0.1802
0204WFTRFM47MAP,FUTURE FOAM INC,MANSFIELD,BRISTOL,MA,2048,42.0428,-71.20805,Toluene diisocyanate (mixed isomers),TRI,Pounds,NO,YES,NO,NO,132.2
0204WFTRFM47MAP,FUTURE FOAM INC,MANSFIELD,BRISTOL,MA,2048,42.0428,-71.20805,Diisocyanates,TRI,Pounds,NO,NO,NO,NO,
02053PRRLL36ALD,E. PARRELLA CO. INC.,MEDWAY,NORFOLK,MA,2053,42.13872,-71.47634,Styrene,TRI,Pounds,YES,YES,NO,NO,469
01022SNDRB106LO,US TSUBAKI AUTOMOTIVE LLC,CHICOPEE,HAMPDEN,MA,1022,42.183285,-72.553736,Manganese,TRI,Pounds,YES,NO,NO,YES,0
01022SNDRB106LO,US TSUBAKI AUTOMOTIVE LLC,CHICOPEE,HAMPDEN,MA,1022,42.183285,-72.553736,Sodium nitrite,TRI,Pounds,NO,NO,NO,YES,0
02149DMPNY85PAR,DAMPNEY CO INC,EVERETT,MIDDLESEX,MA,2149,42.401667,-71.055578,Ethylbenzene,TRI,Pounds,YES,YES,NO,NO,1523
02149DMPNY85PAR,DAMPNEY CO INC,EVERETT,MIDDLESEX,MA,2149,42.401667,-71.055578,Xylene (mixed isomers),TRI,Pounds,YES,NO,NO,NO,6611.6
02149DMPNY85PAR,DAMPNEY CO INC,EVERETT,MIDDLESEX,MA,2149,42.401667,-71.055578,Toluene,TRI,Pounds,YES,NO,NO,NO,3278
02149GGRGT201BR,HOLCIM - NER INC.,EVERETT,MIDDLESEX,MA,2149,42.39213,-71.06252,Mercury,PBT,Pounds,YES,NO,NO,YES,0
02149GGRGT201BR,HOLCIM - NER INC.,EVERETT,MIDDLESEX,MA,2149,42.39213,-71.06252,Lead compounds,PBT,Pounds,YES,NO,NO,YES,0.2
01720THHRT87HAY,HAARTZ CORP,ACTON,MIDDLESEX,MA,1720,42.481123,-71.457142,Antimony compounds,TRI,Pounds,YES,NO,NO,YES,0
01720THHRT87HAY,HAARTZ CORP,ACTON,MIDDLESEX,MA,1720,42.481123,-71.457142,o-Xylene,TRI,Pounds,YES,NO,NO,NO,4841
01720THHRT87HAY,HAARTZ CORP,ACTON,MIDDLESEX,MA,1720,42.481123,-71.457142,Zinc compounds,TRI,Pounds,NO,NO,NO,YES,0
0160WPRMTC16GDD,PREMATECH ADVANCED CERAMICS,WORCESTER,WORCESTER,MA,1603,42.324455,-72.181459,"Hydrochloric acid (acid aerosols including mists, vapors, gas, fog, and other airborne forms of any particle size)",TRI,Pounds,YES,NO,NO,NO,51.6
01041HZNPPTHIRD,HAZEN PAPER CO,HOLYOKE,HAMPDEN,MA,1040,42.19251,-72.60979,Certain glycol ethers,TRI,Pounds,YES,NO,NO,NO,17872
01585BRKFLRTE9X,BROOKFIELD WIRE LLC,WEST BROOKFIELD,WORCESTER,MA,1585,42.219669,-72.12504,Chromium,TRI,Pounds,YES,NO,NO,YES,0
01585BRKFLRTE9X,BROOKFIELD WIRE LLC,WEST BROOKFIELD,WORCESTER,MA,1585,42.219669,-72.12504,Nickel,TRI,Pounds,YES,YES,NO,YES,0
01585BRKFLRTE9X,BROOKFIELD WIRE LLC,WEST BROOKFIELD,WORCESTER,MA,1585,42.219669,-72.12504,Ammonia,TRI,Pounds,NO,NO,NO,NO,
02054TRSCB66MAI,TRESCA BROTHERS SAND & GRAVEL,MILLIS,NORFOLK,MA,2054,42.1782,-71.3245,Lead,PBT,Pounds,NO,YES,NO,YES,0.24
02061VDSZL22LON,AVEDIS ZILDJIAN CO.,NORWELL,PLYMOUTH,MA,2061,42.16289,-70.88654,Copper,TRI,Pounds,NO,NO,NO,YES,29.8
02106THGLLGILLE,THE GILLETTE CO LLC,BOSTON,SUFFOLK,MA,2127,42.34512,-71.05441,Nickel,TRI,Pounds,YES,YES,NO,YES,0
02106THGLLGILLE,THE GILLETTE CO LLC,BOSTON,SUFFOLK,MA,2127,42.34512,-71.05441,Chromium,TRI,Pounds,YES,NO,NO,YES,0
02106THGLLGILLE,THE GILLETTE CO LLC,BOSTON,SUFFOLK,MA,2127,42.34512,-71.05441,Ammonia,TRI,Pounds,NO,NO,NO,NO,0.526
01001LYMPC153BO,OMG BUILDING PRODUCTS LLC,AGAWAM,HAMPDEN,MA,1001,42.056694,-72.654536,Lead,PBT,Pounds,NO,YES,NO,YES,0.2
01001LYMPC153BO,OMG BUILDING PRODUCTS LLC,AGAWAM,HAMPDEN,MA,1001,42.056694,-72.654536,Cobalt,TRI,Pounds,YES,YES,NO,YES,4
01001LYMPC153BO,OMG BUILDING PRODUCTS LLC,AGAWAM,HAMPDEN,MA,1001,42.056694,-72.654536,Ammonia,TRI,Pounds,NO,NO,NO,NO,234
01013SPLDN425ME,CALLAWAY GOLF BALL OPERATIONS INC,CHICOPEE,HAMPDEN,MA,1013,42.17553,-72.61462,Zinc compounds,TRI,Pounds,NO,NO,NO,YES,0
01013SPLDN425ME,CALLAWAY GOLF BALL OPERATIONS INC,CHICOPEE,HAMPDEN,MA,1013,42.17553,-72.61462,Diisocyanates,TRI,Pounds,NO,NO,NO,NO,1
01021LDLWT2LUDL,CARDINAL HEALTH / KPR,CHICOPEE,HAMPDEN,MA,1022,42.18117,-72.55756,Acrylic acid,TRI,Pounds,YES,NO,NO,NO,534
01605CSTMC717PL,SAINT GOBAIN PERFORMANCE PLASTICS,WORCESTER,WORCESTER,MA,1605,42.30135,-71.76264,Xylene (mixed isomers),TRI,Pounds,YES,NO,NO,NO,231
01605CSTMC717PL,SAINT GOBAIN PERFORMANCE PLASTICS,WORCESTER,WORCESTER,MA,1605,42.30135,-71.76264,Methyl isobutyl ketone,TRI,Pounds,YES,YES,NO,NO,320
01605CSTMC717PL,SAINT GOBAIN PERFORMANCE PLASTICS,WORCESTER,WORCESTER,MA,1605,42.30135,-71.76264,Toluene,TRI,Pounds,YES,NO,NO,NO,500
01463STRWN21LOM,ASTRON INC,PEPPERELL,MIDDLESEX,MA,1463,42.67441,-71.56659,Copper,TRI,Pounds,NO,NO,NO,YES,0
02062LYMPC670CA,OLYMPIC ADHESIVES INC,NORWOOD,NORFOLK,MA,2062,42.201532,-71.162476,Phenol,TRI,Pounds,YES,NO,NO,NO,17.8
0207WCYNLX1771W,CYN OIL,STOUGHTON,NORFOLK,MA,2072,42.09746,-71.09608,Polycyclic aromatic compounds,PBT,Pounds,YES,YES,NO,NO,13.327
0207WCYNLX1771W,CYN OIL,STOUGHTON,NORFOLK,MA,2072,42.09746,-71.09608,"Benzo[g,h,i]perylene",PBT,Pounds,YES,NO,NO,NO,0.0048
0207WCYNLX1771W,CYN OIL,STOUGHTON,NORFOLK,MA,2072,42.09746,-71.09608,Zinc compounds,TRI,Pounds,NO,NO,NO,YES,0.001
0207WCYNLX1771W,CYN OIL,STOUGHTON,NORFOLK,MA,2072,42.09746,-71.09608,Ethylene glycol,TRI,Pounds,YES,NO,NO,NO,7.0788
0207WCYNLX1771W,CYN OIL,STOUGHTON,NORFOLK,MA,2072,42.09746,-71.09608,Lead compounds,PBT,Pounds,YES,NO,NO,YES,0.0025
0207WTRDBT441RE,TRADEBE TREATMENT & RECYCLING OF STOUGHTON LLC,STOUGHTON,NORFOLK,MA,2072,42.129,-71.12,Polycyclic aromatic compounds,PBT,Pounds,YES,YES,NO,NO,0
0207WTRDBT441RE,TRADEBE TREATMENT & RECYCLING OF STOUGHTON LLC,STOUGHTON,NORFOLK,MA,2072,42.129,-71.12,Naphthalene,TRI,Pounds,YES,YES,NO,NO,0
02081CLLHN18IND,TILLEY DISTRIBUTION INC.,WALPOLE,NORFOLK,MA,2081,42.11921,-71.26968,Methanol,TRI,Pounds,YES,NO,NO,NO,9
02081CLLHN18IND,TILLEY DISTRIBUTION INC.,WALPOLE,NORFOLK,MA,2081,42.11921,-71.26968,Toluene,TRI,Pounds,YES,NO,NO,NO,83
02081CLLHN18IND,TILLEY DISTRIBUTION INC.,WALPOLE,NORFOLK,MA,2081,42.11921,-71.26968,Methyl isobutyl ketone,TRI,Pounds,YES,YES,NO,NO,2
02081CLLHN18IND,TILLEY DISTRIBUTION INC.,WALPOLE,NORFOLK,MA,2081,42.11921,-71.26968,N-Methyl-2-pyrrolidone,TRI,Pounds,NO,NO,NO,NO,4
02081CLLHN18IND,TILLEY DISTRIBUTION INC.,WALPOLE,NORFOLK,MA,2081,42.11921,-71.26968,Xylene (mixed isomers),TRI,Pounds,YES,NO,NO,NO,5
02081CLLHN18IND,TILLEY DISTRIBUTION INC.,WALPOLE,NORFOLK,MA,2081,42.11921,-71.26968,Ethylene glycol,TRI,Pounds,YES,NO,NO,NO,3
01923DVCNC30END,ITW PERFORMANCE POLYMERS,DANVERS,ESSEX,MA,1923,42.55018,-70.92617,Diisocyanates,TRI,Pounds,NO,NO,NO,NO,0
01923DVCNC30END,ITW PERFORMANCE POLYMERS,DANVERS,ESSEX,MA,1923,42.55018,-70.92617,Benzoyl peroxide,TRI,Pounds,YES,NO,NO,NO,1
01923DVCNC30END,ITW PERFORMANCE POLYMERS,DANVERS,ESSEX,MA,1923,42.55018,-70.92617,Methyl methacrylate,TRI,Pounds,YES,NO,NO,NO,1657
02067PRKRH1075P,SENIOR METAL BELLOWS,SHARON,NORFOLK,MA,2067,42.121188,-71.234198,Nickel,TRI,Pounds,YES,YES,NO,YES,0
02093GGRGT400GR,HOLCIM - NER INC.,WRENTHAM,NORFOLK,MA,2093,42.02777,-71.35177,Polycyclic aromatic compounds,PBT,Pounds,YES,YES,NO,NO,11.2
02093GGRGT400GR,HOLCIM - NER INC.,WRENTHAM,NORFOLK,MA,2093,42.02777,-71.35177,"Benzo[g,h,i]perylene",PBT,Pounds,YES,NO,NO,NO,0
02150GLFLL281EA,GLOBAL COS LLC - CHELSEA EASTERN AVE TERMINAL,CHELSEA,SUFFOLK,MA,2150,42.395,-71.02135,Polycyclic aromatic compounds,PBT,Pounds,YES,YES,NO,NO,0.013
02150GLFLL281EA,GLOBAL COS LLC - CHELSEA EASTERN AVE TERMINAL,CHELSEA,SUFFOLK,MA,2150,42.395,-71.02135,Lead,PBT,Pounds,NO,YES,NO,YES,0.0078
02150GLFLL281EA,GLOBAL COS LLC - CHELSEA EASTERN AVE TERMINAL,CHELSEA,SUFFOLK,MA,2150,42.395,-71.02135,"1,2,4-Trimethylbenzene",TRI,Pounds,NO,NO,NO,NO,295.4
02150GLFLL281EA,GLOBAL COS LLC - CHELSEA EASTERN AVE TERMINAL,CHELSEA,SUFFOLK,MA,2150,42.395,-71.02135,Ethylbenzene,TRI,Pounds,YES,YES,NO,NO,100.4
02150GLFLL281EA,GLOBAL COS LLC - CHELSEA EASTERN AVE TERMINAL,CHELSEA,SUFFOLK,MA,2150,42.395,-71.02135,Cumene,TRI,Pounds,YES,YES,NO,NO,11.48
02150GLFLL281EA,GLOBAL COS LLC - CHELSEA EASTERN AVE TERMINAL,CHELSEA,SUFFOLK,MA,2150,42.395,-71.02135,"Benzo[g,h,i]perylene",PBT,Pounds,YES,NO,NO,NO,0.0635
02150GLFLL281EA,GLOBAL COS LLC - CHELSEA EASTERN AVE TERMINAL,CHELSEA,SUFFOLK,MA,2150,42.395,-71.02135,Benzene,TRI,Pounds,YES,YES,NO,NO,367.12
02150GLFLL281EA,GLOBAL COS LLC - CHELSEA EASTERN AVE TERMINAL,CHELSEA,SUFFOLK,MA,2150,42.395,-71.02135,Toluene,TRI,Pounds,YES,NO,NO,NO,572.34
02150GLFLL281EA,GLOBAL COS LLC - CHELSEA EASTERN AVE TERMINAL,CHELSEA,SUFFOLK,MA,2150,42.395,-71.02135,n-Hexane,TRI,Pounds,YES,NO,NO,NO,370.57
02184CLNHR385QU,CLEAN HARBORS OF BRAINTREE INC.,BRAINTREE,NORFOLK,MA,2184,42.235969,-70.97286,Polychlorinated biphenyls,PBT,Pounds,YES,YES,NO,NO,11.7
02184CLNHR385QU,CLEAN HARBORS OF BRAINTREE INC.,BRAINTREE,NORFOLK,MA,2184,42.235969,-70.97286,Lead compounds,PBT,Pounds,YES,NO,NO,YES,0.011
02184CLNHR385QU,CLEAN HARBORS OF BRAINTREE INC.,BRAINTREE,NORFOLK,MA,2184,42.235969,-70.97286,Lead,PBT,Pounds,NO,YES,NO,YES,6.3
02184CLNHR385QU,CLEAN HARBORS OF BRAINTREE INC.,BRAINTREE,NORFOLK,MA,2184,42.235969,-70.97286,Polycyclic aromatic compounds,PBT,Pounds,YES,YES,NO,NO,0
02184CLNHR385QU,CLEAN HARBORS OF BRAINTREE INC.,BRAINTREE,NORFOLK,MA,2184,42.235969,-70.97286,"Benzo[g,h,i]perylene",PBT,Pounds,YES,NO,NO,NO,0
02631CPCDR4053M,CAPE COD READY MIX,BREWSTER,BARNSTABLE,MA,2631,41.77521,-70.009,Nitrate compounds (water dissociable; reportable only when in aqueous solution),TRI,Pounds,NO,NO,NO,NO,
02631CPCDR4053M,CAPE COD READY MIX,BREWSTER,BARNSTABLE,MA,2631,41.77521,-70.009,Lead,PBT,Pounds,NO,YES,NO,YES,0.11
02717PRFRR66BRA,PREFERRED CONCRETE CORP,EAST FREETOWN,BRISTOL,MA,2717,41.75872,-70.968,Lead,PBT,Pounds,NO,YES,NO,YES,0.13
01610NWMTH43HAM,"NEW METHOD PLATING CO.,INC.",WORCESTER,WORCESTER,MA,1610,42.25193,-71.81111,Cyanide compounds,TRI,Pounds,YES,NO,NO,NO,0
01801CNNSS17PRE,CONNOISSEURS PRODUCTS CORP,WOBURN,MIDDLESEX,MA,1801,42.52495,-71.14273,Thiourea,TRI,Pounds,NO,YES,NO,NO,
0180WMRPHY252SA,MURPHYS WASTE OIL SERVICES INC,WOBURN,MIDDLESEX,MA,1801,42.490072,-71.132588,"Benzo[g,h,i]perylene",PBT,Pounds,YES,NO,NO,NO,0.029
0180WMRPHY252SA,MURPHYS WASTE OIL SERVICES INC,WOBURN,MIDDLESEX,MA,1801,42.490072,-71.132588,Ethylene glycol,TRI,Pounds,YES,NO,NO,NO,11.4
0180WMRPHY252SA,MURPHYS WASTE OIL SERVICES INC,WOBURN,MIDDLESEX,MA,1801,42.490072,-71.132588,Lead,PBT,Pounds,NO,YES,NO,YES,0.021
0180WMRPHY252SA,MURPHYS WASTE OIL SERVICES INC,WOBURN,MIDDLESEX,MA,1801,42.490072,-71.132588,Polycyclic aromatic compounds,PBT,Pounds,YES,YES,NO,NO,0.584
01007NRTHS201OL,CULPEPER OF BELCHERTOWN LLC,BELCHERTOWN,HAMPSHIRE,MA,1007,42.26149,-72.40526,Copper compounds,TRI,Pounds,NO,NO,NO,YES,
01013THMSP24MON,INTERNATIONAL METAL PRODUCTS CORP,CHICOPEE,HAMPDEN,MA,1013,42.18839,-72.59982,Sodium nitrite,TRI,Pounds,NO,NO,NO,YES,0
0214WPRDGM243ME,PARADIGM PRECISION HOLDINGS LLC,MALDEN,MIDDLESEX,MA,2148,42.41772,-71.07499,Nickel,TRI,Pounds,YES,YES,NO,YES,1
0214WPRDGM243ME,PARADIGM PRECISION HOLDINGS LLC,MALDEN,MIDDLESEX,MA,2148,42.41772,-71.07499,Cobalt,TRI,Pounds,YES,YES,NO,YES,1
0214WPRDGM243ME,PARADIGM PRECISION HOLDINGS LLC,MALDEN,MIDDLESEX,MA,2148,42.41772,-71.07499,Chromium,TRI,Pounds,YES,NO,NO,YES,1
0183WCDRSM45FUN,CEDARS MEDITERRANEAN FOODS INC,HAVERHILL,ESSEX,MA,1835,42.764263,-71.119047,Peracetic acid,TRI,Pounds,NO,NO,NO,NO,4
01453SNNCR300WH,US PACK INC,LEOMINSTER,WORCESTER,MA,1453,42.53099,-71.75202,Ethylene glycol,TRI,Pounds,YES,NO,NO,NO,19.8
01532SMDXP435WH,ISOMEDIX OPERATIONS INC.,NORTHBOROUGH,WORCESTER,MA,1532,42.35251,-71.63018,Ethylene oxide,TRI,Pounds,YES,YES,NO,NO,44.63
01545JMSBR44BOW,METSO AUTOMATION USA INC,SHREWSBURY,WORCESTER,MA,1545,42.30013,-71.75815,Nickel,TRI,Pounds,YES,YES,NO,YES,1.7
01545JMSBR44BOW,METSO AUTOMATION USA INC,SHREWSBURY,WORCESTER,MA,1545,42.30013,-71.75815,Chromium,TRI,Pounds,YES,NO,NO,YES,3.9
01561BSTWYSTERL,CULPEPER WOOD PRESERVERS,SOUTH LANCASTER,WORCESTER,MA,1561,42.440993,-71.714494,Copper compounds,TRI,Pounds,NO,NO,NO,YES,
0171WSYNQR155SW,SYNQOR INC.,BOXBOROUGH,MIDDLESEX,MA,1719,42.493137,-71.54554,Lead,PBT,Pounds,NO,YES,NO,YES,0
01906LMBRT9BRAD,LAMB & RITCHIE,SAUGUS,ESSEX,MA,1906,42.49617,-71.015828,Lead,PBT,Pounds,NO,YES,NO,YES,2.2
02038DYNSC38FOR,DYNISCO INSTRUMENTS,FRANKLIN,NORFOLK,MA,2038,42.08512,-71.44304,Mercury,PBT,Pounds,YES,NO,NO,YES,0
02745MRCNC260DU,ATKORE INTERNATIONAL,NEW BEDFORD,BRISTOL,MA,2745,41.726522,-70.955696,Antimony compounds,TRI,Pounds,YES,NO,NO,YES,0
01520LSNMN56IND,INNER-TITE CORP.,HOLDEN,WORCESTER,MA,1520,42.33738,-71.84352,Chromium,TRI,Pounds,YES,NO,NO,YES,5.54
02150GLFLL281EA,GLOBAL COS LLC - CHELSEA EASTERN AVE TERMINAL,CHELSEA,SUFFOLK,MA,2150,42.395,-71.02135,Naphthalene,TRI,Pounds,YES,YES,NO,NO,49.69
02150GLFLL281EA,GLOBAL COS LLC - CHELSEA EASTERN AVE TERMINAL,CHELSEA,SUFFOLK,MA,2150,42.395,-71.02135,Xylene (mixed isomers),TRI,Pounds,YES,NO,NO,NO,774.5
01826BRXND1471M,BROX INDUSTRIES INC,DRACUT,MIDDLESEX,MA,1826,42.6716,-71.24562,Polycyclic aromatic compounds,PBT,Pounds,YES,YES,NO,NO,0.000132
01826BRXND1471M,BROX INDUSTRIES INC,DRACUT,MIDDLESEX,MA,1826,42.6716,-71.24562,"Benzo[g,h,i]perylene",PBT,Pounds,YES,NO,NO,NO,0.0253
02743LSNDS72SMA,L & S INDUSTRIES INC,ACUSHNET,BRISTOL,MA,2743,41.67349,-70.90855,Lead,PBT,Pounds,NO,YES,NO,YES,0
02703TCHLG1840C,INTERPLEX ETCH LOGIC LLC,ATTLEBORO,BRISTOL,MA,2703,41.9022,-71.34109,Chromium compounds (except for chromite ore mined in the Transvaal Region),TRI,Pounds,YES,NO,NO,YES,0
02703TCHLG1840C,INTERPLEX ETCH LOGIC LLC,ATTLEBORO,BRISTOL,MA,2703,41.9022,-71.34109,Chlorine,TRI,Pounds,YES,NO,NO,NO,5
0153WLCSTR1STER,77 LEICESTER STREET LLC,NORTH OXFORD,WORCESTER,MA,1537,42.167715,-71.899471,Nitrate compounds (water dissociable; reportable only when in aqueous solution),TRI,Pounds,NO,NO,NO,NO,0
0153WLCSTR1STER,77 LEICESTER STREET LLC,NORTH OXFORD,WORCESTER,MA,1537,42.167715,-71.899471,Lead,PBT,Pounds,NO,YES,NO,YES,0
01022QBBNN1310S,ETHOS ENERGY GROUP,CHICOPEE,HAMPDEN,MA,1022,42.18849,-72.55192,Copper,TRI,Pounds,NO,NO,NO,YES,0
01022QBBNN1310S,ETHOS ENERGY GROUP,CHICOPEE,HAMPDEN,MA,1022,42.18849,-72.55192,Chromium,TRI,Pounds,YES,NO,NO,YES,0
01082QBBNW10MAP,QUABBIN WIRE & CABLE CO INC,WARE,HAMPSHIRE,MA,1082,42.258314,-72.239573,Antimony compounds,TRI,Pounds,YES,NO,NO,YES,0
01545SPRCN830BO,SUPERCON INC,SHREWSBURY,WORCESTER,MA,1545,42.27858,-71.6879,Copper compounds,TRI,Pounds,NO,NO,NO,YES,0
01545SPRCN830BO,SUPERCON INC,SHREWSBURY,WORCESTER,MA,1545,42.27858,-71.6879,Nitric acid,TRI,Pounds,NO,NO,NO,NO,44
01545SPRCN830BO,SUPERCON INC,SHREWSBURY,WORCESTER,MA,1545,42.27858,-71.6879,Nitrate compounds (water dissociable; reportable only when in aqueous solution),TRI,Pounds,NO,NO,NO,NO,0
0181WSTRMN6MINU,STRAUMANN MANUFACTURING INC,ANDOVER,ESSEX,MA,1810,42.691133,-71.214349,n-Hexane,TRI,Pounds,YES,NO,NO,NO,8316
01842KYPLYLAWRE,KEY POLYMER,LAWRENCE,ESSEX,MA,1843,42.68751,-71.17855,Diisocyanates,TRI,Pounds,NO,NO,NO,NO,0
01862BKRCM134BI,BAKER COMMODITIES INC BILLERICA DIV,NORTH BILLERICA,MIDDLESEX,MA,1862,42.604451,-71.283715,Chlorine dioxide,TRI,Pounds,NO,NO,NO,NO,
0188WSHCNC773SA,SHEA CONCRETE PRODUCTS INC,WILMINGTON,MIDDLESEX,MA,1887,42.58022,-71.13642,Lead,PBT,Pounds,NO,YES,NO,YES,0
01949BSTKDBOSTO,BOSTIK MANUFACTURING PLANT,MIDDLETON,ESSEX,MA,1949,42.569383,-71.029235,Toluene,TRI,Pounds,YES,NO,NO,NO,6736
01949BSTKDBOSTO,BOSTIK MANUFACTURING PLANT,MIDDLETON,ESSEX,MA,1949,42.569383,-71.029235,Methanol,TRI,Pounds,YES,NO,NO,NO,409
01949BSTKDBOSTO,BOSTIK MANUFACTURING PLANT,MIDDLETON,ESSEX,MA,1949,42.569383,-71.029235,Ethylene glycol,TRI,Pounds,YES,NO,NO,NO,287
01949BSTKDBOSTO,BOSTIK MANUFACTURING PLANT,MIDDLETON,ESSEX,MA,1949,42.569383,-71.029235,Diisocyanates,TRI,Pounds,NO,NO,NO,NO,0
01949BSTKDBOSTO,BOSTIK MANUFACTURING PLANT,MIDDLETON,ESSEX,MA,1949,42.569383,-71.029235,Cyclohexane,TRI,Pounds,NO,NO,NO,NO,889
01949BSTKDBOSTO,BOSTIK MANUFACTURING PLANT,MIDDLETON,ESSEX,MA,1949,42.569383,-71.029235,Antimony compounds,TRI,Pounds,YES,NO,NO,YES,1
02148FMCLL22SHA,FM CALLAHAN & SON INC,MALDEN,MIDDLESEX,MA,2148,42.429185,-71.046222,Nitric acid,TRI,Pounds,NO,NO,NO,NO,316
01570GNTXP183WE,GENTEX OPTICS INC,DUDLEY,WORCESTER,MA,1571,42.039689,-71.910112,Methanol,TRI,Pounds,YES,NO,NO,NO,2492
02720RBBNS1200A,ROBBINS MANUFACTURING CO,FALL RIVER,BRISTOL,MA,2720,41.746597,-71.102741,Ammonia,TRI,Pounds,NO,NO,NO,NO,0
02720RBBNS1200A,ROBBINS MANUFACTURING CO,FALL RIVER,BRISTOL,MA,2720,41.746597,-71.102741,Copper,TRI,Pounds,NO,NO,NO,YES,0
02720RBBNS1200A,ROBBINS MANUFACTURING CO,FALL RIVER,BRISTOL,MA,2720,41.746597,-71.102741,Chromium,TRI,Pounds,YES,NO,NO,YES,0
01520LSNMN56IND,INNER-TITE CORP.,HOLDEN,WORCESTER,MA,1520,42.33738,-71.84352,Lead,PBT,Pounds,NO,YES,NO,YES,0.77
01460MTRLS543GR,MSI TRANSDUCERS CORP,LITTLETON,MIDDLESEX,MA,1460,42.557271,-71.48797,Lead compounds,PBT,Pounds,YES,NO,NO,YES,0
01540MRCNSOLDWE,OLDCASTLE APG NEW ENGLAND,OXFORD,WORCESTER,MA,1540,42.111236,-71.89087,Lead compounds,PBT,Pounds,YES,NO,NO,YES,0.02091
01220PFZRN260CO,SPECIALTY MINERALS INC,ADAMS,BERKSHIRE,MA,1220,42.6432,-73.1135,Naphthalene,TRI,Pounds,YES,YES,NO,NO,4.74
01220PFZRN260CO,SPECIALTY MINERALS INC,ADAMS,BERKSHIRE,MA,1220,42.6432,-73.1135,"Benzo[g,h,i]perylene",PBT,Pounds,YES,NO,NO,NO,0.015
01220PFZRN260CO,SPECIALTY MINERALS INC,ADAMS,BERKSHIRE,MA,1220,42.6432,-73.1135,Lead compounds,PBT,Pounds,YES,NO,NO,YES,2.51
01220PFZRN260CO,SPECIALTY MINERALS INC,ADAMS,BERKSHIRE,MA,1220,42.6432,-73.1135,Polycyclic aromatic compounds,PBT,Pounds,YES,YES,NO,NO,0.143
01570SHLDPPETER,SHIELD PACKAGING CO INC,DUDLEY,WORCESTER,MA,1571,42.05404,-71.881367,Xylene (mixed isomers),TRI,Pounds,YES,NO,NO,NO,900
01851DLTPC1400M,IDEAL TAPE CO,LOWELL,MIDDLESEX,MA,1851,42.63828,-71.34218,n-Hexane,TRI,Pounds,YES,NO,NO,NO,508
01851DLTPC1400M,IDEAL TAPE CO,LOWELL,MIDDLESEX,MA,1851,42.63828,-71.34218,Toluene,TRI,Pounds,YES,NO,NO,NO,102463
01886GRNTS520GR,GRANITE STATE CONCRETE CO INC WESTFORD,WESTFORD,MIDDLESEX,MA,1886,42.62634,-71.41878,Nitrate compounds (water dissociable; reportable only when in aqueous solution),TRI,Pounds,NO,NO,NO,NO,
01886GRNTS520GR,GRANITE STATE CONCRETE CO INC WESTFORD,WESTFORD,MIDDLESEX,MA,1886,42.62634,-71.41878,Lead compounds,PBT,Pounds,YES,NO,NO,YES,0.2
02149DNCNG69NOR,DUNCAN GALVANIZING CORP.,EVERETT,MIDDLESEX,MA,2149,42.406555,-71.067522,Xylene (mixed isomers),TRI,Pounds,YES,NO,NO,NO,10000
02149DNCNG69NOR,DUNCAN GALVANIZING CORP.,EVERETT,MIDDLESEX,MA,2149,42.406555,-71.067522,Zinc compounds,TRI,Pounds,NO,NO,NO,YES,3200
01545SPRCN830BO,SUPERCON INC,SHREWSBURY,WORCESTER,MA,1545,42.27858,-71.6879,Chromium,TRI,Pounds,YES,NO,NO,YES,
01852JGMCL180PH,JG MACLELLAN CONCRETE CO INC,LOWELL,MIDDLESEX,MA,1852,42.62655,-71.27881,Lead compounds,PBT,Pounds,YES,NO,NO,YES,0.4
01852JGMCL180PH,JG MACLELLAN CONCRETE CO INC,LOWELL,MIDDLESEX,MA,1852,42.62655,-71.27881,Nitrate compounds (water dissociable; reportable only when in aqueous solution),TRI,Pounds,NO,NO,NO,NO,
01887NVNNC27LWE,LUBRIZOL ADVANCED MATERIALS INC,WILMINGTON,MIDDLESEX,MA,1887,42.537308,-71.153429,Diisocyanates,TRI,Pounds,NO,NO,NO,NO,77
01913CRGCR79MON,MUNTERS,AMESBURY,ESSEX,MA,1913,42.85878,-70.90647,Copper,TRI,Pounds,NO,NO,NO,YES,0
01913CRGCR79MON,MUNTERS,AMESBURY,ESSEX,MA,1913,42.85878,-70.90647,Nickel,TRI,Pounds,YES,YES,NO,YES,0
01913CRGCR79MON,MUNTERS,AMESBURY,ESSEX,MA,1913,42.85878,-70.90647,Diisocyanates,TRI,Pounds,NO,NO,NO,NO,
01913CRGCR79MON,MUNTERS,AMESBURY,ESSEX,MA,1913,42.85878,-70.90647,Manganese,TRI,Pounds,YES,NO,NO,YES,0
01913CRGCR79MON,MUNTERS,AMESBURY,ESSEX,MA,1913,42.85878,-70.90647,Zinc compounds,TRI,Pounds,NO,NO,NO,YES,0
0191WSYMMT123BR,MICROSEMI CORP,BEVERLY,ESSEX,MA,1915,42.5725,-70.8766,Ammonia,TRI,Pounds,NO,NO,NO,NO,
02021SRNFL100DA,SIKA CORP,CANTON,NORFOLK,MA,2021,42.159412,-71.112888,Lead compounds,PBT,Pounds,YES,NO,NO,YES,0
02021SRNFL100DA,SIKA CORP,CANTON,NORFOLK,MA,2021,42.159412,-71.112888,Diisononyl Phthalates (DINP),TRI,Pounds,NO,NO,NO,NO,1447
02021SRNFL100DA,SIKA CORP,CANTON,NORFOLK,MA,2021,42.159412,-71.112888,Antimony compounds,TRI,Pounds,YES,NO,NO,YES,10
02021SRNFL100DA,SIKA CORP,CANTON,NORFOLK,MA,2021,42.159412,-71.112888,Certain glycol ethers,TRI,Pounds,YES,NO,NO,NO,1790
02542SCSTG3162H,US COAST GUARD BASE CAPE COD,BUZZARDS BAY,BARNSTABLE,MA,2542,41.664284,-70.565998,Lead,PBT,Pounds,NO,YES,NO,YES,0
02720RBBNS1200A,ROBBINS MANUFACTURING CO,FALL RIVER,BRISTOL,MA,2720,41.746597,-71.102741,Nickel,TRI,Pounds,YES,YES,NO,YES,0
01020CHCPC158NE,CHICOPEE CONCRETE SERVICE,CHICOPEE,HAMPDEN,MA,1020,42.165558,-72.537224,Nitrate compounds (water dissociable; reportable only when in aqueous solution),TRI,Pounds,NO,NO,NO,NO,0
01020CHCPC158NE,CHICOPEE CONCRETE SERVICE,CHICOPEE,HAMPDEN,MA,1020,42.165558,-72.537224,Lead,PBT,Pounds,NO,YES,NO,YES,0
01104STRCH126ME,ASTRO CHEMICALS INC,SPRINGFIELD,HAMPDEN,MA,1104,42.13875,-72.5425,Toluene,TRI,Pounds,YES,NO,NO,NO,112.9
01104STRCH126ME,ASTRO CHEMICALS INC,SPRINGFIELD,HAMPDEN,MA,1104,42.13875,-72.5425,Methanol,TRI,Pounds,YES,NO,NO,NO,247.8
01104STRCH126ME,ASTRO CHEMICALS INC,SPRINGFIELD,HAMPDEN,MA,1104,42.13875,-72.5425,tert-Butyl alcohol,TRI,Pounds,NO,NO,NO,NO,0.4
01104STRCH126ME,ASTRO CHEMICALS INC,SPRINGFIELD,HAMPDEN,MA,1104,42.13875,-72.5425,n-Butyl alcohol,TRI,Pounds,NO,NO,NO,NO,3.6
01104STRCH126ME,ASTRO CHEMICALS INC,SPRINGFIELD,HAMPDEN,MA,1104,42.13875,-72.5425,Formic acid,TRI,Pounds,NO,NO,NO,NO,70.3
01104STRCH126ME,ASTRO CHEMICALS INC,SPRINGFIELD,HAMPDEN,MA,1104,42.13875,-72.5425,Ethylene glycol,TRI,Pounds,YES,NO,NO,NO,45.3
01104STRCH126ME,ASTRO CHEMICALS INC,SPRINGFIELD,HAMPDEN,MA,1104,42.13875,-72.5425,Dichloromethane,TRI,Pounds,YES,YES,NO,NO,197
01104STRCH126ME,ASTRO CHEMICALS INC,SPRINGFIELD,HAMPDEN,MA,1104,42.13875,-72.5425,Diethanolamine,TRI,Pounds,YES,NO,NO,NO,1.95
01104STRCH126ME,ASTRO CHEMICALS INC,SPRINGFIELD,HAMPDEN,MA,1104,42.13875,-72.5425,Xylene (mixed isomers),TRI,Pounds,YES,NO,NO,NO,15.2
01104STRCH126ME,ASTRO CHEMICALS INC,SPRINGFIELD,HAMPDEN,MA,1104,42.13875,-72.5425,Methyl isobutyl ketone,TRI,Pounds,YES,YES,NO,NO,7.4
01104STRCH126ME,ASTRO CHEMICALS INC,SPRINGFIELD,HAMPDEN,MA,1104,42.13875,-72.5425,Ethylbenzene,TRI,Pounds,YES,YES,NO,NO,4.2
01104STRCH126ME,ASTRO CHEMICALS INC,SPRINGFIELD,HAMPDEN,MA,1104,42.13875,-72.5425,Certain glycol ethers,TRI,Pounds,YES,NO,NO,NO,12.3
02149DNCNG69NOR,DUNCAN GALVANIZING CORP.,EVERETT,MIDDLESEX,MA,2149,42.406555,-71.067522,Lead compounds,PBT,Pounds,YES,NO,NO,YES,13
02780VSTNT585JH,V&S TAUNTON GALVANIZING LLC,TAUNTON,BRISTOL,MA,2780,41.93571,-71.12869,Lead,PBT,Pounds,NO,YES,NO,YES,2.9
02780VSTNT585JH,V&S TAUNTON GALVANIZING LLC,TAUNTON,BRISTOL,MA,2780,41.93571,-71.12869,Zinc compounds,TRI,Pounds,NO,NO,NO,YES,303
01040CMCHN821MA,U.S. TSUBAKI POWER TRANSMISSION LLC - ROLLER CHAIN DIV,HOLYOKE,HAMPDEN,MA,1040,42.191082,-72.619891,Nickel,TRI,Pounds,YES,YES,NO,YES,0.03
01040CMCHN821MA,U.S. TSUBAKI POWER TRANSMISSION LLC - ROLLER CHAIN DIV,HOLYOKE,HAMPDEN,MA,1040,42.191082,-72.619891,Chromium,TRI,Pounds,YES,NO,NO,YES,0.02
01085WSTFL221UN,RPM WOOD FINISHES GROUP INC.,WESTFIELD,HAMPDEN,MA,1085,42.12555,-72.72583,Certain glycol ethers,TRI,Pounds,YES,NO,NO,NO,662.37
01905CLHTH638SU,CL HAUTHAWAY & SONS CORP,LYNN,ESSEX,MA,1905,42.45769,-70.97425,Hydrazine,TRI,Pounds,YES,YES,NO,NO,
01905CLHTH638SU,CL HAUTHAWAY & SONS CORP,LYNN,ESSEX,MA,1905,42.45769,-70.97425,Triethylamine,TRI,Pounds,YES,NO,NO,NO,7
01905CLHTH638SU,CL HAUTHAWAY & SONS CORP,LYNN,ESSEX,MA,1905,42.45769,-70.97425,Toluene,TRI,Pounds,YES,NO,NO,NO,165
01905CLHTH638SU,CL HAUTHAWAY & SONS CORP,LYNN,ESSEX,MA,1905,42.45769,-70.97425,N-Methyl-2-pyrrolidone,TRI,Pounds,NO,NO,NO,NO,6
01905CLHTH638SU,CL HAUTHAWAY & SONS CORP,LYNN,ESSEX,MA,1905,42.45769,-70.97425,n-Hexane,TRI,Pounds,YES,NO,NO,NO,115
01905CLHTH638SU,CL HAUTHAWAY & SONS CORP,LYNN,ESSEX,MA,1905,42.45769,-70.97425,Methanol,TRI,Pounds,YES,NO,NO,NO,
01905CLHTH638SU,CL HAUTHAWAY & SONS CORP,LYNN,ESSEX,MA,1905,42.45769,-70.97425,Diisocyanates,TRI,Pounds,NO,NO,NO,NO,
01905CLHTH638SU,CL HAUTHAWAY & SONS CORP,LYNN,ESSEX,MA,1905,42.45769,-70.97425,Cyclohexane,TRI,Pounds,NO,NO,NO,NO,342
01013HRCLS1111G,SOLENIS LLC,CHICOPEE,HAMPDEN,MA,1013,42.181944,-72.609167,Epichlorohydrin,TRI,Pounds,YES,YES,NO,NO,523
0150WKRLST91CAR,KARL STORZ ENDOVISION,CHARLTON,WORCESTER,MA,1507,42.13323,-71.99338,Lead compounds,PBT,Pounds,YES,NO,NO,YES,0
02215DVNCD474BR,MATEP LLC,BOSTON,SUFFOLK,MA,2215,42.336667,-71.108333,Ammonia,TRI,Pounds,NO,NO,NO,NO,7975
02703GNRLM42FRA,GENERAL METAL FINISHING LLC,ATTLEBORO,BRISTOL,MA,2703,41.91878,-71.3227,Nitrate compounds (water dissociable; reportable only when in aqueous solution),TRI,Pounds,NO,NO,NO,NO,0
02703GNRLM42FRA,GENERAL METAL FINISHING LLC,ATTLEBORO,BRISTOL,MA,2703,41.91878,-71.3227,Nitric acid,TRI,Pounds,NO,NO,NO,NO,0
01550RSSLH44RIV,DEXTER-RUSSELL INC,SOUTHBRIDGE,WORCESTER,MA,1550,42.08235,-72.03833,Chromium,TRI,Pounds,YES,NO,NO,YES,0
01027THCTB24ONE,ADHESIVE APPLICATIONS INC. - O'NEILL ST EASTHAMPTON,EASTHAMPTON,HAMPSHIRE,MA,1027,42.28558,-72.65686,Xylene (mixed isomers),TRI,Pounds,YES,NO,NO,NO,773
01027THCTB24ONE,ADHESIVE APPLICATIONS INC. - O'NEILL ST EASTHAMPTON,EASTHAMPTON,HAMPSHIRE,MA,1027,42.28558,-72.65686,Toluene,TRI,Pounds,YES,NO,NO,NO,1645
01027THCTB24ONE,ADHESIVE APPLICATIONS INC. - O'NEILL ST EASTHAMPTON,EASTHAMPTON,HAMPSHIRE,MA,1027,42.28558,-72.65686,n-Hexane,TRI,Pounds,YES,NO,NO,NO,147
01027THCTB24ONE,ADHESIVE APPLICATIONS INC. - O'NEILL ST EASTHAMPTON,EASTHAMPTON,HAMPSHIRE,MA,1027,42.28558,-72.65686,Ethylbenzene,TRI,Pounds,YES,YES,NO,NO,190
01082KNZKS20COM,KANZAKI SPECIALTY PAPERS INC.,WARE,HAMPSHIRE,MA,1082,42.251818,-72.24362,Propylene,TRI,Pounds,NO,NO,NO,NO,0
01082KNZKS20COM,KANZAKI SPECIALTY PAPERS INC.,WARE,HAMPSHIRE,MA,1082,42.251818,-72.24362,Zinc compounds,TRI,Pounds,NO,NO,NO,YES,0
01536WYMNG244WO,WYMAN-GORDON CO,NORTH GRAFTON,WORCESTER,MA,1536,42.229565,-71.727977,Nickel,TRI,Pounds,YES,YES,NO,YES,17
01536WYMNG244WO,WYMAN-GORDON CO,NORTH GRAFTON,WORCESTER,MA,1536,42.229565,-71.727977,Cobalt,TRI,Pounds,YES,YES,NO,YES,0
01536WYMNG244WO,WYMAN-GORDON CO,NORTH GRAFTON,WORCESTER,MA,1536,42.229565,-71.727977,Chromium,TRI,Pounds,YES,NO,NO,YES,6
01104STRCH126ME,ASTRO CHEMICALS INC,SPRINGFIELD,HAMPDEN,MA,1104,42.13875,-72.5425,Nonylphenol Ethoxylates,TRI,Pounds,NO,NO,NO,NO,52.2
01104STRCH126ME,ASTRO CHEMICALS INC,SPRINGFIELD,HAMPDEN,MA,1104,42.13875,-72.5425,"N,N-Dimethylformamide",TRI,Pounds,YES,YES,NO,NO,15.5
01104STRCH126ME,ASTRO CHEMICALS INC,SPRINGFIELD,HAMPDEN,MA,1104,42.13875,-72.5425,N-Methyl-2-pyrrolidone,TRI,Pounds,NO,NO,NO,NO,1
0207WGLBCM2SHUM,GLOBE COMPOSITE SOLUTIONS LLC,STOUGHTON,NORFOLK,MA,2072,42.10208,-70.90868,Nickel,TRI,Pounds,YES,YES,NO,YES,0
0207WGLBCM2SHUM,GLOBE COMPOSITE SOLUTIONS LLC,STOUGHTON,NORFOLK,MA,2072,42.10208,-70.90868,Diisocyanates,TRI,Pounds,NO,NO,NO,NO,0
0207WGLBCM2SHUM,GLOBE COMPOSITE SOLUTIONS LLC,STOUGHTON,NORFOLK,MA,2072,42.10208,-70.90868,Chromium,TRI,Pounds,YES,NO,NO,YES,0
01028SDDKR82DEE,ARCLIN SURFACES - EAST LONGMEADOW CO.,EAST LONGMEADOW,HAMPDEN,MA,1028,42.036831,-72.521964,Formaldehyde,TRI,Pounds,YES,YES,NO,NO,1161
01104NTNLM175PR,APMAR USA INC,SPRINGFIELD,HAMPDEN,MA,1104,42.13893,-72.533358,Nitric acid,TRI,Pounds,NO,NO,NO,NO,0
01810SHWSHANDOV,SHAWSHEEN RUBBER CO INC,ANDOVER,ESSEX,MA,1810,42.62707,-71.15672,Toluene,TRI,Pounds,YES,NO,NO,NO,491
0182WTHRMF22MIL,THERMO FISHER SCIENTIFIC,CHELMSFORD,MIDDLESEX,MA,1824,42.58377,-71.31874,Methanol,TRI,Pounds,YES,NO,NO,NO,6141
01721NYCLPMEGUN,NYACOL NANOTECHNOLOGIES INC,ASHLAND,MIDDLESEX,MA,1721,42.25963,-71.472741,Zinc compounds,TRI,Pounds,NO,NO,NO,YES,0
01721NYCLPMEGUN,NYACOL NANOTECHNOLOGIES INC,ASHLAND,MIDDLESEX,MA,1721,42.25963,-71.472741,Ethylene glycol,TRI,Pounds,YES,NO,NO,NO,10
01721NYCLPMEGUN,NYACOL NANOTECHNOLOGIES INC,ASHLAND,MIDDLESEX,MA,1721,42.25963,-71.472741,Lead compounds,PBT,Pounds,YES,NO,NO,YES,0.3
01721NYCLPMEGUN,NYACOL NANOTECHNOLOGIES INC,ASHLAND,MIDDLESEX,MA,1721,42.25963,-71.472741,Antimony compounds,TRI,Pounds,YES,NO,NO,YES,206.9
01721NYCLPMEGUN,NYACOL NANOTECHNOLOGIES INC,ASHLAND,MIDDLESEX,MA,1721,42.25963,-71.472741,Nitric acid,TRI,Pounds,NO,NO,NO,NO,10
01013HRCLS1111G,SOLENIS LLC,CHICOPEE,HAMPDEN,MA,1013,42.181944,-72.609167,"1,3-Dichloro-2-propanol",TRI,Pounds,NO,NO,NO,NO,
01013HRCLS1111G,SOLENIS LLC,CHICOPEE,HAMPDEN,MA,1013,42.181944,-72.609167,Formic acid,TRI,Pounds,NO,NO,NO,NO,
01527LWCTT86PRO,LEWCOTT CORP D/B/A BARRDAY COMPOSITE SOLUTIONS,MILLBURY,WORCESTER,MA,1527,42.18551,-71.74374,Toluene,TRI,Pounds,YES,NO,NO,NO,494
01527LWCTT86PRO,LEWCOTT CORP D/B/A BARRDAY COMPOSITE SOLUTIONS,MILLBURY,WORCESTER,MA,1527,42.18551,-71.74374,Methanol,TRI,Pounds,YES,NO,NO,NO,3824
01527LWCTT86PRO,LEWCOTT CORP D/B/A BARRDAY COMPOSITE SOLUTIONS,MILLBURY,WORCESTER,MA,1527,42.18551,-71.74374,Formaldehyde,TRI,Pounds,YES,YES,NO,NO,11
01527LWCTT86PRO,LEWCOTT CORP D/B/A BARRDAY COMPOSITE SOLUTIONS,MILLBURY,WORCESTER,MA,1527,42.18551,-71.74374,Phenol,TRI,Pounds,YES,NO,NO,NO,180
01534RVRDL130RI,RIVERDALE MILLS CORP,NORTHBRIDGE,WORCESTER,MA,1534,42.140014,-71.641282,Zinc compounds,TRI,Pounds,NO,NO,NO,YES,60.12
01887WKFLD900SA,BENEVENTO SAND & STONE CORP,WILMINGTON,MIDDLESEX,MA,1887,42.582955,-71.130794,Polycyclic aromatic compounds,PBT,Pounds,YES,YES,NO,NO,0.3
01887WKFLD900SA,BENEVENTO SAND & STONE CORP,WILMINGTON,MIDDLESEX,MA,1887,42.582955,-71.130794,Lead compounds,PBT,Pounds,YES,NO,NO,YES,0.03
01887WKFLD900SA,BENEVENTO SAND & STONE CORP,WILMINGTON,MIDDLESEX,MA,1887,42.582955,-71.130794,"Benzo[g,h,i]perylene",PBT,Pounds,YES,NO,NO,NO,0.03
0195WSTRMC7MULL,STREM CHEMICALS INC.,NEWBURYPORT,ESSEX,MA,1950,42.80071,-70.88521,n-Hexane,TRI,Pounds,YES,NO,NO,NO,1060
02129BSTNS500FR,BOSTON SAND & GRAVEL - CHARLESTOWN PLANT & GARAGE,CHARLESTOWN,SUFFOLK,MA,2129,42.370971,-71.065717,Lead,PBT,Pounds,NO,YES,NO,YES,0
02129BSTNS500FR,BOSTON SAND & GRAVEL - CHARLESTOWN PLANT & GARAGE,CHARLESTOWN,SUFFOLK,MA,2129,42.370971,-71.065717,Nitrate compounds (water dissociable; reportable only when in aqueous solution),TRI,Pounds,NO,NO,NO,NO,0
02150CHLSS11BRO,CHELSEA SANDWICH LLC,CHELSEA,SUFFOLK,MA,2150,42.38695,-71.04531,"Benzo[g,h,i]perylene",PBT,Pounds,YES,NO,NO,NO,0.0000405
02150CHLSS11BRO,CHELSEA SANDWICH LLC,CHELSEA,SUFFOLK,MA,2150,42.38695,-71.04531,Lead compounds,PBT,Pounds,YES,NO,NO,YES,0.000565
0183WDWRDS2CREE,EDWARDS VACUUM,HAVERHILL,ESSEX,MA,1832,42.788315,-71.125093,Nickel,TRI,Pounds,YES,YES,NO,YES,21
0183WDWRDS2CREE,EDWARDS VACUUM,HAVERHILL,ESSEX,MA,1832,42.788315,-71.125093,Lead,PBT,Pounds,NO,YES,NO,YES,0.000166
0183WDWRDS2CREE,EDWARDS VACUUM,HAVERHILL,ESSEX,MA,1832,42.788315,-71.125093,Chromium,TRI,Pounds,YES,NO,NO,YES,46
01845PHRMC70FLA,VERANOVA L.P.,NORTH ANDOVER,ESSEX,MA,1845,42.6562,-71.10869,Dichloromethane,TRI,Pounds,YES,YES,NO,NO,24.4
01845PHRMC70FLA,VERANOVA L.P.,NORTH ANDOVER,ESSEX,MA,1845,42.6562,-71.10869,Methyl isobutyl ketone,TRI,Pounds,YES,YES,NO,NO,66.28
01930CBFSK18KON,CB FISK INC,GLOUCESTER,ESSEX,MA,1930,42.59373,-70.72466,Lead,PBT,Pounds,NO,YES,NO,YES,0.006
0196WWNCHS245LB,WINCHESTER INTERCONNECT RF CORP,PEABODY,ESSEX,MA,1960,42.51598,-70.97228,Copper,TRI,Pounds,NO,NO,NO,YES,17
0272WMRCND88CUR,WHIRLPOOL CORP,FALL RIVER,BRISTOL,MA,2720,41.74239,-71.11662,Chromium,TRI,Pounds,YES,NO,NO,YES,0
02763CHCNC3LARS,CHECON LLC,NORTH ATTLEBORO,BRISTOL,MA,2763,41.98286,-71.29731,Copper,TRI,Pounds,NO,NO,NO,YES,174
02763CHCNC3LARS,CHECON LLC,NORTH ATTLEBORO,BRISTOL,MA,2763,41.98286,-71.29731,Cadmium compounds,TRI,Pounds,YES,YES,NO,YES,7.96
02763CHCNC3LARS,CHECON LLC,NORTH ATTLEBORO,BRISTOL,MA,2763,41.98286,-71.29731,Nitrate compounds (water dissociable; reportable only when in aqueous solution),TRI,Pounds,NO,NO,NO,NO,0
02763CHCNC3LARS,CHECON LLC,NORTH ATTLEBORO,BRISTOL,MA,2763,41.98286,-71.29731,Silver compounds,TRI,Pounds,NO,NO,NO,YES,56.58
02763CHCNC3LARS,CHECON LLC,NORTH ATTLEBORO,BRISTOL,MA,2763,41.98286,-71.29731,Ammonia,TRI,Pounds,NO,NO,NO,NO,
01752SHPLY455FO,DUPONT ELECTRONIC MATERIALS INTERNATIONAL LLC,MARLBOROUGH,MIDDLESEX,MA,1752,42.33064,-71.58786,N-Methyl-2-pyrrolidone,TRI,Pounds,NO,NO,NO,NO,53
01752SHPLY455FO,DUPONT ELECTRONIC MATERIALS INTERNATIONAL LLC,MARLBOROUGH,MIDDLESEX,MA,1752,42.33064,-71.58786,Formaldehyde,TRI,Pounds,YES,YES,NO,NO,5
01752SHPLY455FO,DUPONT ELECTRONIC MATERIALS INTERNATIONAL LLC,MARLBOROUGH,MIDDLESEX,MA,1752,42.33064,-71.58786,Copper compounds,TRI,Pounds,NO,NO,NO,YES,1
0175WSRTRS45DNA,SARTORIUS STEDIM 450 DLB,MARLBOROUGH,MIDDLESEX,MA,1752,42.358219,-71.607557,N-Methyl-2-pyrrolidone,TRI,Pounds,NO,NO,NO,NO,1.1
01038LSCHT59DWI,TURF CARE SUPPLY-HATFIELD PLANT,HATFIELD,HAMPSHIRE,MA,1038,42.368349,-72.632292,Manganese compounds,TRI,Pounds,YES,NO,NO,YES,3
01038LSCHT59DWI,TURF CARE SUPPLY-HATFIELD PLANT,HATFIELD,HAMPSHIRE,MA,1038,42.368349,-72.632292,N-Methyl-2-pyrrolidone,TRI,Pounds,NO,NO,NO,NO,23
01038LSCHT59DWI,TURF CARE SUPPLY-HATFIELD PLANT,HATFIELD,HAMPSHIRE,MA,1038,42.368349,-72.632292,Lead compounds,PBT,Pounds,YES,NO,NO,YES,0.05
01038LSCHT59DWI,TURF CARE SUPPLY-HATFIELD PLANT,HATFIELD,HAMPSHIRE,MA,1038,42.368349,-72.632292,"2,4-D",TRI,Pounds,YES,YES,NO,NO,3
01260MDSPCWILLO,ONYX SPECIALTY PAPERS INC. - WILLOW MILL,SOUTH LEE,BERKSHIRE,MA,1260,42.274705,-73.286202,Formic acid,TRI,Pounds,NO,NO,NO,NO,782
01260MDSPCWILLO,ONYX SPECIALTY PAPERS INC. - WILLOW MILL,SOUTH LEE,BERKSHIRE,MA,1260,42.274705,-73.286202,Formaldehyde,TRI,Pounds,YES,YES,NO,NO,24347
01472HLLNGTOWNS,HOLLINGSWORTH & VOSE CO WEST GROTON,GROTON,MIDDLESEX,MA,1450,42.61366,-71.63378,Zinc compounds,TRI,Pounds,NO,NO,NO,YES,0
01472HLLNGTOWNS,HOLLINGSWORTH & VOSE CO WEST GROTON,GROTON,MIDDLESEX,MA,1450,42.61366,-71.63378,Barium compounds (except for barium sulfate (CAS No. 7727-43-7)),TRI,Pounds,NO,NO,NO,YES,0
01472HLLNGTOWNS,HOLLINGSWORTH & VOSE CO WEST GROTON,GROTON,MIDDLESEX,MA,1450,42.61366,-71.63378,Ammonia,TRI,Pounds,NO,NO,NO,NO,2105
01615NRTNC1NEWB,SAINT-GOBAIN ABRASIVES & SAINT -GOBAIN CERAMICS & PLASTICS,WORCESTER,WORCESTER,MA,1606,42.3048,-71.8015,Ethylene glycol,TRI,Pounds,YES,NO,NO,NO,2139
02150CHLSS11BRO,CHELSEA SANDWICH LLC,CHELSEA,SUFFOLK,MA,2150,42.38695,-71.04531,Polycyclic aromatic compounds,PBT,Pounds,YES,YES,NO,NO,2.26
02150CHLSS11BRO,CHELSEA SANDWICH LLC,CHELSEA,SUFFOLK,MA,2150,42.38695,-71.04531,Naphthalene,TRI,Pounds,YES,YES,NO,NO,57.21
02150CHLSS11BRO,CHELSEA SANDWICH LLC,CHELSEA,SUFFOLK,MA,2150,42.38695,-71.04531,"1,2,4-Trimethylbenzene",TRI,Pounds,NO,NO,NO,NO,683.07
0192WTRNSN1ELEC,TRANSENE CO INC.,DANVERS,ESSEX,MA,1923,42.57485,-70.97315,Nitric acid,TRI,Pounds,NO,NO,NO,NO,10
0192WTRNSN1ELEC,TRANSENE CO INC.,DANVERS,ESSEX,MA,1923,42.57485,-70.97315,Hydrogen fluoride,TRI,Pounds,YES,NO,NO,NO,10
02081CLLHN18IND,TILLEY DISTRIBUTION INC.,WALPOLE,NORFOLK,MA,2081,42.11921,-71.26968,Certain glycol ethers,TRI,Pounds,YES,NO,NO,NO,3
01570WBCCHRT197,WEBCO CHEMICAL CORP,DUDLEY,WORCESTER,MA,1571,42.026482,-71.941879,Nonylphenol Ethoxylates,TRI,Pounds,NO,NO,NO,NO,
01570WBCCHRT197,WEBCO CHEMICAL CORP,DUDLEY,WORCESTER,MA,1571,42.026482,-71.941879,Nitric acid,TRI,Pounds,NO,NO,NO,NO,
01615NRTNC1NEWB,SAINT-GOBAIN ABRASIVES & SAINT -GOBAIN CERAMICS & PLASTICS,WORCESTER,WORCESTER,MA,1606,42.3048,-71.8015,Lithium carbonate,TRI,Pounds,NO,NO,NO,YES,2
01615NRTNC1NEWB,SAINT-GOBAIN ABRASIVES & SAINT -GOBAIN CERAMICS & PLASTICS,WORCESTER,WORCESTER,MA,1606,42.3048,-71.8015,Lead compounds,PBT,Pounds,YES,NO,NO,YES,6
01615NRTNC1NEWB,SAINT-GOBAIN ABRASIVES & SAINT -GOBAIN CERAMICS & PLASTICS,WORCESTER,WORCESTER,MA,1606,42.3048,-71.8015,Ammonia,TRI,Pounds,NO,NO,NO,NO,5916
01615NRTNC1NEWB,SAINT-GOBAIN ABRASIVES & SAINT -GOBAIN CERAMICS & PLASTICS,WORCESTER,WORCESTER,MA,1606,42.3048,-71.8015,Phenol,TRI,Pounds,YES,NO,NO,NO,3641
01810CLFRN150DA,ICP CONSTRUCTION,ANDOVER,ESSEX,MA,1810,42.62351,-71.18146,Zinc compounds,TRI,Pounds,NO,NO,NO,YES,
01810CLFRN150DA,ICP CONSTRUCTION,ANDOVER,ESSEX,MA,1810,42.62351,-71.18146,Chromium compounds (except for chromite ore mined in the Transvaal Region),TRI,Pounds,YES,NO,NO,YES,16
01810CLFRN150DA,ICP CONSTRUCTION,ANDOVER,ESSEX,MA,1810,42.62351,-71.18146,Ethylene glycol,TRI,Pounds,YES,NO,NO,NO,3419.6
01826MJLTM153BR,MAJILITE MANUFACTURING INC,DRACUT,MIDDLESEX,MA,1826,42.70048,-71.24826,Toluene,TRI,Pounds,YES,NO,NO,NO,1744
01826MJLTM153BR,MAJILITE MANUFACTURING INC,DRACUT,MIDDLESEX,MA,1826,42.70048,-71.24826,"N,N-Dimethylformamide",TRI,Pounds,YES,YES,NO,NO,4608
01834WCHST860SA,AW CHESTERTON CO,GROVELAND,ESSEX,MA,1834,42.737765,-71.032505,Chromium,TRI,Pounds,YES,NO,NO,YES,
01834WCHST860SA,AW CHESTERTON CO,GROVELAND,ESSEX,MA,1834,42.737765,-71.032505,Nickel,TRI,Pounds,YES,YES,NO,YES,
02062BRDNC1077P,CERTAINTEED LLC,NORWOOD,NORFOLK,MA,2062,42.167851,-71.207564,"Benzo[g,h,i]perylene",PBT,Pounds,YES,NO,NO,NO,0.0004
02062BRDNC1077P,CERTAINTEED LLC,NORWOOD,NORFOLK,MA,2062,42.167851,-71.207564,Copper compounds,TRI,Pounds,NO,NO,NO,YES,22.38
02062BRDNC1077P,CERTAINTEED LLC,NORWOOD,NORFOLK,MA,2062,42.167851,-71.207564,Zinc compounds,TRI,Pounds,NO,NO,NO,YES,2.94
02062BRDNC1077P,CERTAINTEED LLC,NORWOOD,NORFOLK,MA,2062,42.167851,-71.207564,Lead,PBT,Pounds,NO,YES,NO,YES,0.4384
02062BRDNC1077P,CERTAINTEED LLC,NORWOOD,NORFOLK,MA,2062,42.167851,-71.207564,Mercury,PBT,Pounds,YES,NO,NO,YES,0.1242
02062BRDNC1077P,CERTAINTEED LLC,NORWOOD,NORFOLK,MA,2062,42.167851,-71.207564,Polycyclic aromatic compounds,PBT,Pounds,YES,YES,NO,NO,0.9948
02062BRDNC1077P,CERTAINTEED LLC,NORWOOD,NORFOLK,MA,2062,42.167851,-71.207564,Chromium compounds (except for chromite ore mined in the Transvaal Region),TRI,Pounds,YES,NO,NO,YES,2.56
02370NTNLC254BE,NATIONAL COATING CORP,ROCKLAND,PLYMOUTH,MA,2370,42.10044,-70.90222,Phenol,TRI,Pounds,YES,NO,NO,NO,385.2
02370NTNLC254BE,NATIONAL COATING CORP,ROCKLAND,PLYMOUTH,MA,2370,42.10044,-70.90222,Methanol,TRI,Pounds,YES,NO,NO,NO,163.8
02370NTNLC254BE,NATIONAL COATING CORP,ROCKLAND,PLYMOUTH,MA,2370,42.10044,-70.90222,Formaldehyde,TRI,Pounds,YES,YES,NO,NO,116.1
02563CNLLC9FREE,CANAL GENERATING LLC,SANDWICH,BARNSTABLE,MA,2563,41.7698,-70.5091,"Benzo[g,h,i]perylene",PBT,Pounds,YES,NO,NO,NO,0.01
02563CNLLC9FREE,CANAL GENERATING LLC,SANDWICH,BARNSTABLE,MA,2563,41.7698,-70.5091,Polycyclic aromatic compounds,PBT,Pounds,YES,YES,NO,NO,6.52
02563CNLLC9FREE,CANAL GENERATING LLC,SANDWICH,BARNSTABLE,MA,2563,41.7698,-70.5091,Ammonia,TRI,Pounds,NO,NO,NO,NO,5628
02714TTLST256SA,ACUSHNET CO BALL PLANT II,NORTH DARTMOUTH,BRISTOL,MA,2747,41.71996,-70.96946,Zinc compounds,TRI,Pounds,NO,NO,NO,YES,5
02714TTLST256SA,ACUSHNET CO BALL PLANT II,NORTH DARTMOUTH,BRISTOL,MA,2747,41.71996,-70.96946,Certain glycol ethers,TRI,Pounds,YES,NO,NO,NO,9700
02714TTLST256SA,ACUSHNET CO BALL PLANT II,NORTH DARTMOUTH,BRISTOL,MA,2747,41.71996,-70.96946,Methyl isobutyl ketone,TRI,Pounds,YES,YES,NO,NO,2450
